global_index,field_number_PR,longitud_IG,latitude_IG,day_init_TI,day_end_TI,samp_rate_RE,habitat,pasture,savanna,forest,cover,Filename,name_FI,rain_FI
19129,RZUB10,-73.4083064,3.5235147,4,10,192000,bosque,1.0,0.0,0.0,pasture,20220904_123000.WAV,20220904_123000,YES
19130,RZUB10,-73.4083064,3.5235147,4,10,192000,bosque,1.0,0.0,0.0,pasture,20220904_124500.WAV,20220904_124500,NO
19131,RZUB10,-73.4083064,3.5235147,4,10,192000,bosque,1.0,0.0,0.0,pasture,20220904_130000.WAV,20220904_130000,NO
19132,RZUB10,-73.4083064,3.5235147,4,10,192000,bosque,1.0,0.0,0.0,pasture,20220904_131500.WAV,20220904_131500,NO
19133,RZUB10,-73.4083064,3.5235147,4,10,192000,bosque,1.0,0.0,0.0,pasture,20220904_133000.WAV,20220904_133000,NO
19134,RZUB10,-73.4083064,3.5235147,4,10,192000,bosque,1.0,0.0,0.0,pasture,20220904_134500.WAV,20220904_134500,NO
19135,RZUB10,-73.4083064,3.5235147,4,10,192000,bosque,1.0,0.0,0.0,pasture,20220904_140000.WAV,20220904_140000,NO
19136,RZUB10,-73.4083064,3.5235147,4,10,192000,bosque,1.0,0.0,0.0,pasture,20220904_141500.WAV,20220904_141500,NO
19137,RZUB10,-73.4083064,3.5235147,4,10,192000,bosque,1.0,0.0,0.0,pasture,20220904_143000.WAV,20220904_143000,NO
19138,RZUB10,-73.4083064,3.5235147,4,10,192000,bosque,1.0,0.0,0.0,pasture,20220904_144500.WAV,20220904_144500,NO
19139,RZUB10,-73.4083064,3.5235147,4,10,192000,bosque,1.0,0.0,0.0,pasture,20220904_150000.WAV,20220904_150000,NO
19140,RZUB10,-73.4083064,3.5235147,4,10,192000,bosque,1.0,0.0,0.0,pasture,20220904_151500.WAV,20220904_151500,NO
19141,RZUB10,-73.4083064,3.5235147,4,10,192000,bosque,1.0,0.0,0.0,pasture,20220904_153000.WAV,20220904_153000,NO
19142,RZUB10,-73.4083064,3.5235147,4,10,192000,bosque,1.0,0.0,0.0,pasture,20220904_154500.WAV,20220904_154500,NO
19143,RZUB10,-73.4083064,3.5235147,4,10,192000,bosque,1.0,0.0,0.0,pasture,20220904_160000.WAV,20220904_160000,NO
19144,RZUB10,-73.4083064,3.5235147,4,10,192000,bosque,1.0,0.0,0.0,pasture,20220904_161500.WAV,20220904_161500,NO
19145,RZUB10,-73.4083064,3.5235147,4,10,192000,bosque,1.0,0.0,0.0,pasture,20220904_164500.WAV,20220904_164500,NO
19146,RZUB10,-73.4083064,3.5235147,4,10,192000,bosque,1.0,0.0,0.0,pasture,20220904_170000.WAV,20220904_170000,NO
19147,RZUB10,-73.4083064,3.5235147,4,10,192000,bosque,1.0,0.0,0.0,pasture,20220904_171500.WAV,20220904_171500,NO
19148,RZUB10,-73.4083064,3.5235147,4,10,192000,bosque,1.0,0.0,0.0,pasture,20220904_173000.WAV,20220904_173000,NO
19149,RZUB10,-73.4083064,3.5235147,4,10,192000,bosque,1.0,0.0,0.0,pasture,20220904_174500.WAV,20220904_174500,NO
19150,RZUB10,-73.4083064,3.5235147,4,10,192000,bosque,1.0,0.0,0.0,pasture,20220904_180000.WAV,20220904_180000,NO
19151,RZUB10,-73.4083064,3.5235147,4,10,192000,bosque,1.0,0.0,0.0,pasture,20220904_181500.WAV,20220904_181500,NO
19152,RZUB10,-73.4083064,3.5235147,4,10,192000,bosque,1.0,0.0,0.0,pasture,20220904_183000.WAV,20220904_183000,NO
19153,RZUB10,-73.4083064,3.5235147,4,10,192000,bosque,1.0,0.0,0.0,pasture,20220904_184500.WAV,20220904_184500,NO
19154,RZUB10,-73.4083064,3.5235147,4,10,192000,bosque,1.0,0.0,0.0,pasture,20220904_190000.WAV,20220904_190000,NO
19155,RZUB10,-73.4083064,3.5235147,4,10,192000,bosque,1.0,0.0,0.0,pasture,20220904_191500.WAV,20220904_191500,NO
19156,RZUB10,-73.4083064,3.5235147,4,10,192000,bosque,1.0,0.0,0.0,pasture,20220904_193000.WAV,20220904_193000,NO
19157,RZUB10,-73.4083064,3.5235147,4,10,192000,bosque,1.0,0.0,0.0,pasture,20220904_194500.WAV,20220904_194500,NO
19158,RZUB10,-73.4083064,3.5235147,4,10,192000,bosque,1.0,0.0,0.0,pasture,20220904_200000.WAV,20220904_200000,NO
19159,RZUB10,-73.4083064,3.5235147,4,10,192000,bosque,1.0,0.0,0.0,pasture,20220904_201500.WAV,20220904_201500,NO
19160,RZUB10,-73.4083064,3.5235147,4,10,192000,bosque,1.0,0.0,0.0,pasture,20220904_203000.WAV,20220904_203000,NO
19161,RZUB10,-73.4083064,3.5235147,4,10,192000,bosque,1.0,0.0,0.0,pasture,20220904_210000.WAV,20220904_210000,NO
19162,RZUB10,-73.4083064,3.5235147,4,10,192000,bosque,1.0,0.0,0.0,pasture,20220904_211500.WAV,20220904_211500,NO
19163,RZUB10,-73.4083064,3.5235147,4,10,192000,bosque,1.0,0.0,0.0,pasture,20220904_213000.WAV,20220904_213000,NO
19164,RZUB10,-73.4083064,3.5235147,4,10,192000,bosque,1.0,0.0,0.0,pasture,20220904_214500.WAV,20220904_214500,NO
19165,RZUB10,-73.4083064,3.5235147,4,10,192000,bosque,1.0,0.0,0.0,pasture,20220904_220000.WAV,20220904_220000,NO
19166,RZUB10,-73.4083064,3.5235147,4,10,192000,bosque,1.0,0.0,0.0,pasture,20220904_221500.WAV,20220904_221500,NO
19167,RZUB10,-73.4083064,3.5235147,4,10,192000,bosque,1.0,0.0,0.0,pasture,20220904_223000.WAV,20220904_223000,NO
19168,RZUB10,-73.4083064,3.5235147,4,10,192000,bosque,1.0,0.0,0.0,pasture,20220904_224500.WAV,20220904_224500,NO
19169,RZUB10,-73.4083064,3.5235147,4,10,192000,bosque,1.0,0.0,0.0,pasture,20220904_230000.WAV,20220904_230000,NO
19170,RZUB10,-73.4083064,3.5235147,4,10,192000,bosque,1.0,0.0,0.0,pasture,20220904_231500.WAV,20220904_231500,NO
19171,RZUB10,-73.4083064,3.5235147,4,10,192000,bosque,1.0,0.0,0.0,pasture,20220904_233000.WAV,20220904_233000,NO
19172,RZUB10,-73.4083064,3.5235147,4,10,192000,bosque,1.0,0.0,0.0,pasture,20220904_234500.WAV,20220904_234500,NO
19173,RZUB10,-73.4083064,3.5235147,4,10,192000,bosque,1.0,0.0,0.0,pasture,20220905_000000.WAV,20220905_000000,YES
19174,RZUB10,-73.4083064,3.5235147,4,10,192000,bosque,1.0,0.0,0.0,pasture,20220905_001500.WAV,20220905_001500,YES
19175,RZUB10,-73.4083064,3.5235147,4,10,192000,bosque,1.0,0.0,0.0,pasture,20220905_003000.WAV,20220905_003000,NO
19176,RZUB10,-73.4083064,3.5235147,4,10,192000,bosque,1.0,0.0,0.0,pasture,20220905_004500.WAV,20220905_004500,NO
19177,RZUB10,-73.4083064,3.5235147,4,10,192000,bosque,1.0,0.0,0.0,pasture,20220905_011500.WAV,20220905_011500,NO
19178,RZUB10,-73.4083064,3.5235147,4,10,192000,bosque,1.0,0.0,0.0,pasture,20220905_013000.WAV,20220905_013000,NO
19179,RZUB10,-73.4083064,3.5235147,4,10,192000,bosque,1.0,0.0,0.0,pasture,20220905_014500.WAV,20220905_014500,NO
19180,RZUB10,-73.4083064,3.5235147,4,10,192000,bosque,1.0,0.0,0.0,pasture,20220905_020000.WAV,20220905_020000,NO
19181,RZUB10,-73.4083064,3.5235147,4,10,192000,bosque,1.0,0.0,0.0,pasture,20220905_021500.WAV,20220905_021500,NO
19182,RZUB10,-73.4083064,3.5235147,4,10,192000,bosque,1.0,0.0,0.0,pasture,20220905_023000.WAV,20220905_023000,NO
19183,RZUB10,-73.4083064,3.5235147,4,10,192000,bosque,1.0,0.0,0.0,pasture,20220905_024500.WAV,20220905_024500,NO
19184,RZUB10,-73.4083064,3.5235147,4,10,192000,bosque,1.0,0.0,0.0,pasture,20220905_030000.WAV,20220905_030000,NO
19185,RZUB10,-73.4083064,3.5235147,4,10,192000,bosque,1.0,0.0,0.0,pasture,20220905_031500.WAV,20220905_031500,NO
19186,RZUB10,-73.4083064,3.5235147,4,10,192000,bosque,1.0,0.0,0.0,pasture,20220905_033000.WAV,20220905_033000,NO
19187,RZUB10,-73.4083064,3.5235147,4,10,192000,bosque,1.0,0.0,0.0,pasture,20220905_034500.WAV,20220905_034500,NO
19188,RZUB10,-73.4083064,3.5235147,4,10,192000,bosque,1.0,0.0,0.0,pasture,20220905_040000.WAV,20220905_040000,NO
19189,RZUB10,-73.4083064,3.5235147,4,10,192000,bosque,1.0,0.0,0.0,pasture,20220905_041500.WAV,20220905_041500,NO
19190,RZUB10,-73.4083064,3.5235147,4,10,192000,bosque,1.0,0.0,0.0,pasture,20220905_043000.WAV,20220905_043000,NO
19191,RZUB10,-73.4083064,3.5235147,4,10,192000,bosque,1.0,0.0,0.0,pasture,20220905_044500.WAV,20220905_044500,NO
19192,RZUB10,-73.4083064,3.5235147,4,10,192000,bosque,1.0,0.0,0.0,pasture,20220905_050000.WAV,20220905_050000,NO
19193,RZUB10,-73.4083064,3.5235147,4,10,192000,bosque,1.0,0.0,0.0,pasture,20220904_163000.WAV,20220904_163000,NO
19194,RZUB10,-73.4083064,3.5235147,4,10,192000,bosque,1.0,0.0,0.0,pasture,20220904_204500.WAV,20220904_204500,NO
19195,RZUB10,-73.4083064,3.5235147,4,10,192000,bosque,1.0,0.0,0.0,pasture,20220905_010000.WAV,20220905_010000,NO
19196,RZUB10,-73.4083064,3.5235147,4,10,192000,bosque,1.0,0.0,0.0,pasture,20220905_051500.WAV,20220905_051500,NO
19197,RZUB10,-73.4083064,3.5235147,4,10,192000,bosque,1.0,0.0,0.0,pasture,20220905_093000.WAV,20220905_093000,NO
19198,RZUB10,-73.4083064,3.5235147,4,10,192000,bosque,1.0,0.0,0.0,pasture,20220905_134500.WAV,20220905_134500,NO
19199,RZUB10,-73.4083064,3.5235147,4,10,192000,bosque,1.0,0.0,0.0,pasture,20220905_180000.WAV,20220905_180000,NO
19200,RZUB10,-73.4083064,3.5235147,4,10,192000,bosque,1.0,0.0,0.0,pasture,20220905_221500.WAV,20220905_221500,NO
19201,RZUB10,-73.4083064,3.5235147,4,10,192000,bosque,1.0,0.0,0.0,pasture,20220906_023000.WAV,20220906_023000,NO
19202,RZUB10,-73.4083064,3.5235147,4,10,192000,bosque,1.0,0.0,0.0,pasture,20220906_064500.WAV,20220906_064500,NO
19203,RZUB10,-73.4083064,3.5235147,4,10,192000,bosque,1.0,0.0,0.0,pasture,20220906_110000.WAV,20220906_110000,YES
19204,RZUB10,-73.4083064,3.5235147,4,10,192000,bosque,1.0,0.0,0.0,pasture,20220906_151500.WAV,20220906_151500,NO
19205,RZUB10,-73.4083064,3.5235147,4,10,192000,bosque,1.0,0.0,0.0,pasture,20220906_193000.WAV,20220906_193000,NO
19206,RZUB10,-73.4083064,3.5235147,4,10,192000,bosque,1.0,0.0,0.0,pasture,20220906_234500.WAV,20220906_234500,NO
19207,RZUB10,-73.4083064,3.5235147,4,10,192000,bosque,1.0,0.0,0.0,pasture,20220907_040000.WAV,20220907_040000,NO
19208,RZUB10,-73.4083064,3.5235147,4,10,192000,bosque,1.0,0.0,0.0,pasture,20220907_081500.WAV,20220907_081500,NO
19209,RZUB10,-73.4083064,3.5235147,4,10,192000,bosque,1.0,0.0,0.0,pasture,20220907_123000.WAV,20220907_123000,YES
19210,RZUB10,-73.4083064,3.5235147,4,10,192000,bosque,1.0,0.0,0.0,pasture,20220907_164500.WAV,20220907_164500,NO
19211,RZUB10,-73.4083064,3.5235147,4,10,192000,bosque,1.0,0.0,0.0,pasture,20220907_210000.WAV,20220907_210000,NO
19212,RZUB10,-73.4083064,3.5235147,4,10,192000,bosque,1.0,0.0,0.0,pasture,20220908_011500.WAV,20220908_011500,NO
19213,RZUB10,-73.4083064,3.5235147,4,10,192000,bosque,1.0,0.0,0.0,pasture,20220908_053000.WAV,20220908_053000,NO
19214,RZUB10,-73.4083064,3.5235147,4,10,192000,bosque,1.0,0.0,0.0,pasture,20220908_094500.WAV,20220908_094500,NO
19215,RZUB10,-73.4083064,3.5235147,4,10,192000,bosque,1.0,0.0,0.0,pasture,20220908_140000.WAV,20220908_140000,NO
19216,RZUB10,-73.4083064,3.5235147,4,10,192000,bosque,1.0,0.0,0.0,pasture,20220908_181500.WAV,20220908_181500,NO
19217,RZUB10,-73.4083064,3.5235147,4,10,192000,bosque,1.0,0.0,0.0,pasture,20220908_223000.WAV,20220908_223000,YES
19218,RZUB10,-73.4083064,3.5235147,4,10,192000,bosque,1.0,0.0,0.0,pasture,20220905_053000.WAV,20220905_053000,NO
19219,RZUB10,-73.4083064,3.5235147,4,10,192000,bosque,1.0,0.0,0.0,pasture,20220905_054500.WAV,20220905_054500,NO
19220,RZUB10,-73.4083064,3.5235147,4,10,192000,bosque,1.0,0.0,0.0,pasture,20220905_060000.WAV,20220905_060000,NO
19221,RZUB10,-73.4083064,3.5235147,4,10,192000,bosque,1.0,0.0,0.0,pasture,20220905_061500.WAV,20220905_061500,NO
19222,RZUB10,-73.4083064,3.5235147,4,10,192000,bosque,1.0,0.0,0.0,pasture,20220905_063000.WAV,20220905_063000,NO
19223,RZUB10,-73.4083064,3.5235147,4,10,192000,bosque,1.0,0.0,0.0,pasture,20220905_064500.WAV,20220905_064500,NO
19224,RZUB10,-73.4083064,3.5235147,4,10,192000,bosque,1.0,0.0,0.0,pasture,20220905_070000.WAV,20220905_070000,NO
19225,RZUB10,-73.4083064,3.5235147,4,10,192000,bosque,1.0,0.0,0.0,pasture,20220905_071500.WAV,20220905_071500,NO
19226,RZUB10,-73.4083064,3.5235147,4,10,192000,bosque,1.0,0.0,0.0,pasture,20220905_073000.WAV,20220905_073000,NO
19227,RZUB10,-73.4083064,3.5235147,4,10,192000,bosque,1.0,0.0,0.0,pasture,20220905_074500.WAV,20220905_074500,NO
19228,RZUB10,-73.4083064,3.5235147,4,10,192000,bosque,1.0,0.0,0.0,pasture,20220905_080000.WAV,20220905_080000,NO
19229,RZUB10,-73.4083064,3.5235147,4,10,192000,bosque,1.0,0.0,0.0,pasture,20220905_081500.WAV,20220905_081500,NO
19230,RZUB10,-73.4083064,3.5235147,4,10,192000,bosque,1.0,0.0,0.0,pasture,20220905_083000.WAV,20220905_083000,NO
19231,RZUB10,-73.4083064,3.5235147,4,10,192000,bosque,1.0,0.0,0.0,pasture,20220905_084500.WAV,20220905_084500,NO
19232,RZUB10,-73.4083064,3.5235147,4,10,192000,bosque,1.0,0.0,0.0,pasture,20220905_090000.WAV,20220905_090000,NO
19233,RZUB10,-73.4083064,3.5235147,4,10,192000,bosque,1.0,0.0,0.0,pasture,20220905_091500.WAV,20220905_091500,NO
19234,RZUB10,-73.4083064,3.5235147,4,10,192000,bosque,1.0,0.0,0.0,pasture,20220905_094500.WAV,20220905_094500,NO
19235,RZUB10,-73.4083064,3.5235147,4,10,192000,bosque,1.0,0.0,0.0,pasture,20220905_100000.WAV,20220905_100000,NO
19236,RZUB10,-73.4083064,3.5235147,4,10,192000,bosque,1.0,0.0,0.0,pasture,20220905_101500.WAV,20220905_101500,NO
19237,RZUB10,-73.4083064,3.5235147,4,10,192000,bosque,1.0,0.0,0.0,pasture,20220905_103000.WAV,20220905_103000,NO
19238,RZUB10,-73.4083064,3.5235147,4,10,192000,bosque,1.0,0.0,0.0,pasture,20220905_104500.WAV,20220905_104500,NO
19239,RZUB10,-73.4083064,3.5235147,4,10,192000,bosque,1.0,0.0,0.0,pasture,20220905_110000.WAV,20220905_110000,NO
19240,RZUB10,-73.4083064,3.5235147,4,10,192000,bosque,1.0,0.0,0.0,pasture,20220905_111500.WAV,20220905_111500,NO
19241,RZUB10,-73.4083064,3.5235147,4,10,192000,bosque,1.0,0.0,0.0,pasture,20220905_113000.WAV,20220905_113000,NO
19242,RZUB10,-73.4083064,3.5235147,4,10,192000,bosque,1.0,0.0,0.0,pasture,20220905_114500.WAV,20220905_114500,NO
19243,RZUB10,-73.4083064,3.5235147,4,10,192000,bosque,1.0,0.0,0.0,pasture,20220905_120000.WAV,20220905_120000,NO
19244,RZUB10,-73.4083064,3.5235147,4,10,192000,bosque,1.0,0.0,0.0,pasture,20220905_121500.WAV,20220905_121500,NO
19245,RZUB10,-73.4083064,3.5235147,4,10,192000,bosque,1.0,0.0,0.0,pasture,20220905_123000.WAV,20220905_123000,NO
19246,RZUB10,-73.4083064,3.5235147,4,10,192000,bosque,1.0,0.0,0.0,pasture,20220905_124500.WAV,20220905_124500,NO
19247,RZUB10,-73.4083064,3.5235147,4,10,192000,bosque,1.0,0.0,0.0,pasture,20220905_130000.WAV,20220905_130000,NO
19248,RZUB10,-73.4083064,3.5235147,4,10,192000,bosque,1.0,0.0,0.0,pasture,20220905_131500.WAV,20220905_131500,NO
19249,RZUB10,-73.4083064,3.5235147,4,10,192000,bosque,1.0,0.0,0.0,pasture,20220905_133000.WAV,20220905_133000,NO
19250,RZUB10,-73.4083064,3.5235147,4,10,192000,bosque,1.0,0.0,0.0,pasture,20220905_140000.WAV,20220905_140000,NO
19251,RZUB10,-73.4083064,3.5235147,4,10,192000,bosque,1.0,0.0,0.0,pasture,20220905_141500.WAV,20220905_141500,NO
19252,RZUB10,-73.4083064,3.5235147,4,10,192000,bosque,1.0,0.0,0.0,pasture,20220905_143000.WAV,20220905_143000,NO
19253,RZUB10,-73.4083064,3.5235147,4,10,192000,bosque,1.0,0.0,0.0,pasture,20220905_144500.WAV,20220905_144500,NO
19254,RZUB10,-73.4083064,3.5235147,4,10,192000,bosque,1.0,0.0,0.0,pasture,20220905_150000.WAV,20220905_150000,NO
19255,RZUB10,-73.4083064,3.5235147,4,10,192000,bosque,1.0,0.0,0.0,pasture,20220905_151500.WAV,20220905_151500,NO
19256,RZUB10,-73.4083064,3.5235147,4,10,192000,bosque,1.0,0.0,0.0,pasture,20220905_153000.WAV,20220905_153000,NO
19257,RZUB10,-73.4083064,3.5235147,4,10,192000,bosque,1.0,0.0,0.0,pasture,20220905_154500.WAV,20220905_154500,NO
19258,RZUB10,-73.4083064,3.5235147,4,10,192000,bosque,1.0,0.0,0.0,pasture,20220905_160000.WAV,20220905_160000,NO
19259,RZUB10,-73.4083064,3.5235147,4,10,192000,bosque,1.0,0.0,0.0,pasture,20220905_161500.WAV,20220905_161500,NO
19260,RZUB10,-73.4083064,3.5235147,4,10,192000,bosque,1.0,0.0,0.0,pasture,20220905_163000.WAV,20220905_163000,NO
19261,RZUB10,-73.4083064,3.5235147,4,10,192000,bosque,1.0,0.0,0.0,pasture,20220905_164500.WAV,20220905_164500,NO
19262,RZUB10,-73.4083064,3.5235147,4,10,192000,bosque,1.0,0.0,0.0,pasture,20220905_170000.WAV,20220905_170000,NO
19263,RZUB10,-73.4083064,3.5235147,4,10,192000,bosque,1.0,0.0,0.0,pasture,20220905_171500.WAV,20220905_171500,NO
19264,RZUB10,-73.4083064,3.5235147,4,10,192000,bosque,1.0,0.0,0.0,pasture,20220905_173000.WAV,20220905_173000,NO
19265,RZUB10,-73.4083064,3.5235147,4,10,192000,bosque,1.0,0.0,0.0,pasture,20220905_174500.WAV,20220905_174500,NO
19266,RZUB10,-73.4083064,3.5235147,4,10,192000,bosque,1.0,0.0,0.0,pasture,20220905_181500.WAV,20220905_181500,NO
19267,RZUB10,-73.4083064,3.5235147,4,10,192000,bosque,1.0,0.0,0.0,pasture,20220905_183000.WAV,20220905_183000,NO
19268,RZUB10,-73.4083064,3.5235147,4,10,192000,bosque,1.0,0.0,0.0,pasture,20220905_184500.WAV,20220905_184500,NO
19269,RZUB10,-73.4083064,3.5235147,4,10,192000,bosque,1.0,0.0,0.0,pasture,20220905_190000.WAV,20220905_190000,NO
19270,RZUB10,-73.4083064,3.5235147,4,10,192000,bosque,1.0,0.0,0.0,pasture,20220905_191500.WAV,20220905_191500,NO
19271,RZUB10,-73.4083064,3.5235147,4,10,192000,bosque,1.0,0.0,0.0,pasture,20220905_193000.WAV,20220905_193000,NO
19272,RZUB10,-73.4083064,3.5235147,4,10,192000,bosque,1.0,0.0,0.0,pasture,20220905_194500.WAV,20220905_194500,NO
19273,RZUB10,-73.4083064,3.5235147,4,10,192000,bosque,1.0,0.0,0.0,pasture,20220905_200000.WAV,20220905_200000,NO
19274,RZUB10,-73.4083064,3.5235147,4,10,192000,bosque,1.0,0.0,0.0,pasture,20220905_201500.WAV,20220905_201500,NO
19275,RZUB10,-73.4083064,3.5235147,4,10,192000,bosque,1.0,0.0,0.0,pasture,20220905_203000.WAV,20220905_203000,NO
19276,RZUB10,-73.4083064,3.5235147,4,10,192000,bosque,1.0,0.0,0.0,pasture,20220905_204500.WAV,20220905_204500,NO
19277,RZUB10,-73.4083064,3.5235147,4,10,192000,bosque,1.0,0.0,0.0,pasture,20220905_210000.WAV,20220905_210000,NO
19278,RZUB10,-73.4083064,3.5235147,4,10,192000,bosque,1.0,0.0,0.0,pasture,20220905_211500.WAV,20220905_211500,NO
19279,RZUB10,-73.4083064,3.5235147,4,10,192000,bosque,1.0,0.0,0.0,pasture,20220905_213000.WAV,20220905_213000,NO
19280,RZUB10,-73.4083064,3.5235147,4,10,192000,bosque,1.0,0.0,0.0,pasture,20220905_214500.WAV,20220905_214500,NO
19281,RZUB10,-73.4083064,3.5235147,4,10,192000,bosque,1.0,0.0,0.0,pasture,20220905_220000.WAV,20220905_220000,NO
19282,RZUB10,-73.4083064,3.5235147,4,10,192000,bosque,1.0,0.0,0.0,pasture,20220905_223000.WAV,20220905_223000,NO
19283,RZUB10,-73.4083064,3.5235147,4,10,192000,bosque,1.0,0.0,0.0,pasture,20220905_224500.WAV,20220905_224500,NO
19284,RZUB10,-73.4083064,3.5235147,4,10,192000,bosque,1.0,0.0,0.0,pasture,20220905_230000.WAV,20220905_230000,NO
19285,RZUB10,-73.4083064,3.5235147,4,10,192000,bosque,1.0,0.0,0.0,pasture,20220905_231500.WAV,20220905_231500,NO
19286,RZUB10,-73.4083064,3.5235147,4,10,192000,bosque,1.0,0.0,0.0,pasture,20220905_233000.WAV,20220905_233000,NO
19287,RZUB10,-73.4083064,3.5235147,4,10,192000,bosque,1.0,0.0,0.0,pasture,20220905_234500.WAV,20220905_234500,NO
19288,RZUB10,-73.4083064,3.5235147,4,10,192000,bosque,1.0,0.0,0.0,pasture,20220906_000000.WAV,20220906_000000,NO
19289,RZUB10,-73.4083064,3.5235147,4,10,192000,bosque,1.0,0.0,0.0,pasture,20220906_001500.WAV,20220906_001500,NO
19290,RZUB10,-73.4083064,3.5235147,4,10,192000,bosque,1.0,0.0,0.0,pasture,20220906_003000.WAV,20220906_003000,NO
19291,RZUB10,-73.4083064,3.5235147,4,10,192000,bosque,1.0,0.0,0.0,pasture,20220906_004500.WAV,20220906_004500,NO
19292,RZUB10,-73.4083064,3.5235147,4,10,192000,bosque,1.0,0.0,0.0,pasture,20220906_010000.WAV,20220906_010000,NO
19293,RZUB10,-73.4083064,3.5235147,4,10,192000,bosque,1.0,0.0,0.0,pasture,20220906_011500.WAV,20220906_011500,NO
19294,RZUB10,-73.4083064,3.5235147,4,10,192000,bosque,1.0,0.0,0.0,pasture,20220906_013000.WAV,20220906_013000,NO
19295,RZUB10,-73.4083064,3.5235147,4,10,192000,bosque,1.0,0.0,0.0,pasture,20220906_014500.WAV,20220906_014500,NO
19296,RZUB10,-73.4083064,3.5235147,4,10,192000,bosque,1.0,0.0,0.0,pasture,20220906_020000.WAV,20220906_020000,NO
19297,RZUB10,-73.4083064,3.5235147,4,10,192000,bosque,1.0,0.0,0.0,pasture,20220906_021500.WAV,20220906_021500,NO
19298,RZUB10,-73.4083064,3.5235147,4,10,192000,bosque,1.0,0.0,0.0,pasture,20220906_024500.WAV,20220906_024500,NO
19299,RZUB10,-73.4083064,3.5235147,4,10,192000,bosque,1.0,0.0,0.0,pasture,20220906_030000.WAV,20220906_030000,NO
19300,RZUB10,-73.4083064,3.5235147,4,10,192000,bosque,1.0,0.0,0.0,pasture,20220906_031500.WAV,20220906_031500,NO
19301,RZUB10,-73.4083064,3.5235147,4,10,192000,bosque,1.0,0.0,0.0,pasture,20220906_033000.WAV,20220906_033000,NO
19302,RZUB10,-73.4083064,3.5235147,4,10,192000,bosque,1.0,0.0,0.0,pasture,20220906_034500.WAV,20220906_034500,NO
19303,RZUB10,-73.4083064,3.5235147,4,10,192000,bosque,1.0,0.0,0.0,pasture,20220906_040000.WAV,20220906_040000,NO
19304,RZUB10,-73.4083064,3.5235147,4,10,192000,bosque,1.0,0.0,0.0,pasture,20220906_041500.WAV,20220906_041500,NO
19305,RZUB10,-73.4083064,3.5235147,4,10,192000,bosque,1.0,0.0,0.0,pasture,20220906_043000.WAV,20220906_043000,NO
19306,RZUB10,-73.4083064,3.5235147,4,10,192000,bosque,1.0,0.0,0.0,pasture,20220906_044500.WAV,20220906_044500,NO
19307,RZUB10,-73.4083064,3.5235147,4,10,192000,bosque,1.0,0.0,0.0,pasture,20220906_050000.WAV,20220906_050000,NO
19308,RZUB10,-73.4083064,3.5235147,4,10,192000,bosque,1.0,0.0,0.0,pasture,20220906_051500.WAV,20220906_051500,NO
19309,RZUB10,-73.4083064,3.5235147,4,10,192000,bosque,1.0,0.0,0.0,pasture,20220906_053000.WAV,20220906_053000,NO
19310,RZUB10,-73.4083064,3.5235147,4,10,192000,bosque,1.0,0.0,0.0,pasture,20220906_054500.WAV,20220906_054500,NO
19311,RZUB10,-73.4083064,3.5235147,4,10,192000,bosque,1.0,0.0,0.0,pasture,20220906_060000.WAV,20220906_060000,NO
19312,RZUB10,-73.4083064,3.5235147,4,10,192000,bosque,1.0,0.0,0.0,pasture,20220906_061500.WAV,20220906_061500,NO
19313,RZUB10,-73.4083064,3.5235147,4,10,192000,bosque,1.0,0.0,0.0,pasture,20220906_063000.WAV,20220906_063000,NO
19314,RZUB10,-73.4083064,3.5235147,4,10,192000,bosque,1.0,0.0,0.0,pasture,20220906_070000.WAV,20220906_070000,NO
19315,RZUB10,-73.4083064,3.5235147,4,10,192000,bosque,1.0,0.0,0.0,pasture,20220906_071500.WAV,20220906_071500,NO
19316,RZUB10,-73.4083064,3.5235147,4,10,192000,bosque,1.0,0.0,0.0,pasture,20220906_073000.WAV,20220906_073000,NO
19317,RZUB10,-73.4083064,3.5235147,4,10,192000,bosque,1.0,0.0,0.0,pasture,20220906_074500.WAV,20220906_074500,NO
19318,RZUB10,-73.4083064,3.5235147,4,10,192000,bosque,1.0,0.0,0.0,pasture,20220906_080000.WAV,20220906_080000,NO
19319,RZUB10,-73.4083064,3.5235147,4,10,192000,bosque,1.0,0.0,0.0,pasture,20220906_081500.WAV,20220906_081500,NO
19320,RZUB10,-73.4083064,3.5235147,4,10,192000,bosque,1.0,0.0,0.0,pasture,20220906_083000.WAV,20220906_083000,NO
19321,RZUB10,-73.4083064,3.5235147,4,10,192000,bosque,1.0,0.0,0.0,pasture,20220906_084500.WAV,20220906_084500,NO
19322,RZUB10,-73.4083064,3.5235147,4,10,192000,bosque,1.0,0.0,0.0,pasture,20220906_090000.WAV,20220906_090000,NO
19323,RZUB10,-73.4083064,3.5235147,4,10,192000,bosque,1.0,0.0,0.0,pasture,20220906_091500.WAV,20220906_091500,NO
19324,RZUB10,-73.4083064,3.5235147,4,10,192000,bosque,1.0,0.0,0.0,pasture,20220906_093000.WAV,20220906_093000,NO
19325,RZUB10,-73.4083064,3.5235147,4,10,192000,bosque,1.0,0.0,0.0,pasture,20220906_094500.WAV,20220906_094500,NO
19326,RZUB10,-73.4083064,3.5235147,4,10,192000,bosque,1.0,0.0,0.0,pasture,20220906_100000.WAV,20220906_100000,NO
19327,RZUB10,-73.4083064,3.5235147,4,10,192000,bosque,1.0,0.0,0.0,pasture,20220906_101500.WAV,20220906_101500,NO
19328,RZUB10,-73.4083064,3.5235147,4,10,192000,bosque,1.0,0.0,0.0,pasture,20220906_103000.WAV,20220906_103000,NO
19329,RZUB10,-73.4083064,3.5235147,4,10,192000,bosque,1.0,0.0,0.0,pasture,20220906_104500.WAV,20220906_104500,NO
19330,RZUB10,-73.4083064,3.5235147,4,10,192000,bosque,1.0,0.0,0.0,pasture,20220906_111500.WAV,20220906_111500,NO
19331,RZUB10,-73.4083064,3.5235147,4,10,192000,bosque,1.0,0.0,0.0,pasture,20220906_113000.WAV,20220906_113000,NO
19332,RZUB10,-73.4083064,3.5235147,4,10,192000,bosque,1.0,0.0,0.0,pasture,20220906_114500.WAV,20220906_114500,NO
19333,RZUB10,-73.4083064,3.5235147,4,10,192000,bosque,1.0,0.0,0.0,pasture,20220906_120000.WAV,20220906_120000,NO
19334,RZUB10,-73.4083064,3.5235147,4,10,192000,bosque,1.0,0.0,0.0,pasture,20220906_121500.WAV,20220906_121500,NO
19335,RZUB10,-73.4083064,3.5235147,4,10,192000,bosque,1.0,0.0,0.0,pasture,20220906_123000.WAV,20220906_123000,NO
19336,RZUB10,-73.4083064,3.5235147,4,10,192000,bosque,1.0,0.0,0.0,pasture,20220906_124500.WAV,20220906_124500,YES
19337,RZUB10,-73.4083064,3.5235147,4,10,192000,bosque,1.0,0.0,0.0,pasture,20220906_130000.WAV,20220906_130000,NO
19338,RZUB10,-73.4083064,3.5235147,4,10,192000,bosque,1.0,0.0,0.0,pasture,20220906_131500.WAV,20220906_131500,NO
19339,RZUB10,-73.4083064,3.5235147,4,10,192000,bosque,1.0,0.0,0.0,pasture,20220906_133000.WAV,20220906_133000,NO
19340,RZUB10,-73.4083064,3.5235147,4,10,192000,bosque,1.0,0.0,0.0,pasture,20220906_134500.WAV,20220906_134500,NO
19341,RZUB10,-73.4083064,3.5235147,4,10,192000,bosque,1.0,0.0,0.0,pasture,20220906_140000.WAV,20220906_140000,NO
19342,RZUB10,-73.4083064,3.5235147,4,10,192000,bosque,1.0,0.0,0.0,pasture,20220906_141500.WAV,20220906_141500,NO
19343,RZUB10,-73.4083064,3.5235147,4,10,192000,bosque,1.0,0.0,0.0,pasture,20220906_143000.WAV,20220906_143000,NO
19344,RZUB10,-73.4083064,3.5235147,4,10,192000,bosque,1.0,0.0,0.0,pasture,20220906_144500.WAV,20220906_144500,NO
19345,RZUB10,-73.4083064,3.5235147,4,10,192000,bosque,1.0,0.0,0.0,pasture,20220906_150000.WAV,20220906_150000,NO
19346,RZUB10,-73.4083064,3.5235147,4,10,192000,bosque,1.0,0.0,0.0,pasture,20220906_153000.WAV,20220906_153000,NO
19347,RZUB10,-73.4083064,3.5235147,4,10,192000,bosque,1.0,0.0,0.0,pasture,20220906_154500.WAV,20220906_154500,NO
19348,RZUB10,-73.4083064,3.5235147,4,10,192000,bosque,1.0,0.0,0.0,pasture,20220906_160000.WAV,20220906_160000,NO
19349,RZUB10,-73.4083064,3.5235147,4,10,192000,bosque,1.0,0.0,0.0,pasture,20220906_161500.WAV,20220906_161500,NO
19350,RZUB10,-73.4083064,3.5235147,4,10,192000,bosque,1.0,0.0,0.0,pasture,20220906_163000.WAV,20220906_163000,NO
19351,RZUB10,-73.4083064,3.5235147,4,10,192000,bosque,1.0,0.0,0.0,pasture,20220906_164500.WAV,20220906_164500,NO
19352,RZUB10,-73.4083064,3.5235147,4,10,192000,bosque,1.0,0.0,0.0,pasture,20220906_170000.WAV,20220906_170000,NO
19353,RZUB10,-73.4083064,3.5235147,4,10,192000,bosque,1.0,0.0,0.0,pasture,20220906_171500.WAV,20220906_171500,NO
19354,RZUB10,-73.4083064,3.5235147,4,10,192000,bosque,1.0,0.0,0.0,pasture,20220906_173000.WAV,20220906_173000,NO
19355,RZUB10,-73.4083064,3.5235147,4,10,192000,bosque,1.0,0.0,0.0,pasture,20220906_174500.WAV,20220906_174500,NO
19356,RZUB10,-73.4083064,3.5235147,4,10,192000,bosque,1.0,0.0,0.0,pasture,20220906_180000.WAV,20220906_180000,NO
19357,RZUB10,-73.4083064,3.5235147,4,10,192000,bosque,1.0,0.0,0.0,pasture,20220906_181500.WAV,20220906_181500,NO
19358,RZUB10,-73.4083064,3.5235147,4,10,192000,bosque,1.0,0.0,0.0,pasture,20220906_183000.WAV,20220906_183000,NO
19359,RZUB10,-73.4083064,3.5235147,4,10,192000,bosque,1.0,0.0,0.0,pasture,20220906_184500.WAV,20220906_184500,NO
19360,RZUB10,-73.4083064,3.5235147,4,10,192000,bosque,1.0,0.0,0.0,pasture,20220906_190000.WAV,20220906_190000,NO
19361,RZUB10,-73.4083064,3.5235147,4,10,192000,bosque,1.0,0.0,0.0,pasture,20220906_191500.WAV,20220906_191500,NO
19362,RZUB10,-73.4083064,3.5235147,4,10,192000,bosque,1.0,0.0,0.0,pasture,20220906_194500.WAV,20220906_194500,NO
19363,RZUB10,-73.4083064,3.5235147,4,10,192000,bosque,1.0,0.0,0.0,pasture,20220906_200000.WAV,20220906_200000,NO
19364,RZUB10,-73.4083064,3.5235147,4,10,192000,bosque,1.0,0.0,0.0,pasture,20220906_201500.WAV,20220906_201500,NO
19365,RZUB10,-73.4083064,3.5235147,4,10,192000,bosque,1.0,0.0,0.0,pasture,20220906_203000.WAV,20220906_203000,NO
19366,RZUB10,-73.4083064,3.5235147,4,10,192000,bosque,1.0,0.0,0.0,pasture,20220906_204500.WAV,20220906_204500,NO
19367,RZUB10,-73.4083064,3.5235147,4,10,192000,bosque,1.0,0.0,0.0,pasture,20220906_210000.WAV,20220906_210000,NO
19368,RZUB10,-73.4083064,3.5235147,4,10,192000,bosque,1.0,0.0,0.0,pasture,20220906_211500.WAV,20220906_211500,NO
19369,RZUB10,-73.4083064,3.5235147,4,10,192000,bosque,1.0,0.0,0.0,pasture,20220906_213000.WAV,20220906_213000,NO
19370,RZUB10,-73.4083064,3.5235147,4,10,192000,bosque,1.0,0.0,0.0,pasture,20220906_214500.WAV,20220906_214500,NO
19371,RZUB10,-73.4083064,3.5235147,4,10,192000,bosque,1.0,0.0,0.0,pasture,20220906_220000.WAV,20220906_220000,NO
19372,RZUB10,-73.4083064,3.5235147,4,10,192000,bosque,1.0,0.0,0.0,pasture,20220906_221500.WAV,20220906_221500,NO
19373,RZUB10,-73.4083064,3.5235147,4,10,192000,bosque,1.0,0.0,0.0,pasture,20220906_223000.WAV,20220906_223000,NO
19374,RZUB10,-73.4083064,3.5235147,4,10,192000,bosque,1.0,0.0,0.0,pasture,20220906_224500.WAV,20220906_224500,NO
19375,RZUB10,-73.4083064,3.5235147,4,10,192000,bosque,1.0,0.0,0.0,pasture,20220906_230000.WAV,20220906_230000,NO
19376,RZUB10,-73.4083064,3.5235147,4,10,192000,bosque,1.0,0.0,0.0,pasture,20220906_231500.WAV,20220906_231500,NO
19377,RZUB10,-73.4083064,3.5235147,4,10,192000,bosque,1.0,0.0,0.0,pasture,20220906_233000.WAV,20220906_233000,NO
19378,RZUB10,-73.4083064,3.5235147,4,10,192000,bosque,1.0,0.0,0.0,pasture,20220907_000000.WAV,20220907_000000,NO
19379,RZUB10,-73.4083064,3.5235147,4,10,192000,bosque,1.0,0.0,0.0,pasture,20220907_001500.WAV,20220907_001500,NO
19380,RZUB10,-73.4083064,3.5235147,4,10,192000,bosque,1.0,0.0,0.0,pasture,20220907_003000.WAV,20220907_003000,NO
19381,RZUB10,-73.4083064,3.5235147,4,10,192000,bosque,1.0,0.0,0.0,pasture,20220907_004500.WAV,20220907_004500,NO
19382,RZUB10,-73.4083064,3.5235147,4,10,192000,bosque,1.0,0.0,0.0,pasture,20220907_010000.WAV,20220907_010000,NO
19383,RZUB10,-73.4083064,3.5235147,4,10,192000,bosque,1.0,0.0,0.0,pasture,20220907_011500.WAV,20220907_011500,NO
19384,RZUB10,-73.4083064,3.5235147,4,10,192000,bosque,1.0,0.0,0.0,pasture,20220907_013000.WAV,20220907_013000,NO
19385,RZUB10,-73.4083064,3.5235147,4,10,192000,bosque,1.0,0.0,0.0,pasture,20220907_014500.WAV,20220907_014500,NO
19386,RZUB10,-73.4083064,3.5235147,4,10,192000,bosque,1.0,0.0,0.0,pasture,20220907_020000.WAV,20220907_020000,NO
19387,RZUB10,-73.4083064,3.5235147,4,10,192000,bosque,1.0,0.0,0.0,pasture,20220907_021500.WAV,20220907_021500,NO
19388,RZUB10,-73.4083064,3.5235147,4,10,192000,bosque,1.0,0.0,0.0,pasture,20220907_023000.WAV,20220907_023000,NO
19389,RZUB10,-73.4083064,3.5235147,4,10,192000,bosque,1.0,0.0,0.0,pasture,20220907_024500.WAV,20220907_024500,NO
19390,RZUB10,-73.4083064,3.5235147,4,10,192000,bosque,1.0,0.0,0.0,pasture,20220907_030000.WAV,20220907_030000,NO
19391,RZUB10,-73.4083064,3.5235147,4,10,192000,bosque,1.0,0.0,0.0,pasture,20220907_031500.WAV,20220907_031500,NO
19392,RZUB10,-73.4083064,3.5235147,4,10,192000,bosque,1.0,0.0,0.0,pasture,20220907_033000.WAV,20220907_033000,NO
19393,RZUB10,-73.4083064,3.5235147,4,10,192000,bosque,1.0,0.0,0.0,pasture,20220907_034500.WAV,20220907_034500,NO
19394,RZUB10,-73.4083064,3.5235147,4,10,192000,bosque,1.0,0.0,0.0,pasture,20220907_041500.WAV,20220907_041500,NO
19395,RZUB10,-73.4083064,3.5235147,4,10,192000,bosque,1.0,0.0,0.0,pasture,20220907_043000.WAV,20220907_043000,NO
19396,RZUB10,-73.4083064,3.5235147,4,10,192000,bosque,1.0,0.0,0.0,pasture,20220907_044500.WAV,20220907_044500,NO
19397,RZUB10,-73.4083064,3.5235147,4,10,192000,bosque,1.0,0.0,0.0,pasture,20220907_050000.WAV,20220907_050000,NO
19398,RZUB10,-73.4083064,3.5235147,4,10,192000,bosque,1.0,0.0,0.0,pasture,20220907_051500.WAV,20220907_051500,NO
19399,RZUB10,-73.4083064,3.5235147,4,10,192000,bosque,1.0,0.0,0.0,pasture,20220907_053000.WAV,20220907_053000,NO
19400,RZUB10,-73.4083064,3.5235147,4,10,192000,bosque,1.0,0.0,0.0,pasture,20220907_054500.WAV,20220907_054500,NO
19401,RZUB10,-73.4083064,3.5235147,4,10,192000,bosque,1.0,0.0,0.0,pasture,20220907_060000.WAV,20220907_060000,NO
19402,RZUB10,-73.4083064,3.5235147,4,10,192000,bosque,1.0,0.0,0.0,pasture,20220907_061500.WAV,20220907_061500,NO
19403,RZUB10,-73.4083064,3.5235147,4,10,192000,bosque,1.0,0.0,0.0,pasture,20220907_063000.WAV,20220907_063000,NO
19404,RZUB10,-73.4083064,3.5235147,4,10,192000,bosque,1.0,0.0,0.0,pasture,20220907_064500.WAV,20220907_064500,NO
19405,RZUB10,-73.4083064,3.5235147,4,10,192000,bosque,1.0,0.0,0.0,pasture,20220907_070000.WAV,20220907_070000,NO
19406,RZUB10,-73.4083064,3.5235147,4,10,192000,bosque,1.0,0.0,0.0,pasture,20220907_071500.WAV,20220907_071500,NO
19407,RZUB10,-73.4083064,3.5235147,4,10,192000,bosque,1.0,0.0,0.0,pasture,20220907_073000.WAV,20220907_073000,NO
19408,RZUB10,-73.4083064,3.5235147,4,10,192000,bosque,1.0,0.0,0.0,pasture,20220907_074500.WAV,20220907_074500,NO
19409,RZUB10,-73.4083064,3.5235147,4,10,192000,bosque,1.0,0.0,0.0,pasture,20220907_080000.WAV,20220907_080000,NO
19410,RZUB10,-73.4083064,3.5235147,4,10,192000,bosque,1.0,0.0,0.0,pasture,20220907_083000.WAV,20220907_083000,NO
19411,RZUB10,-73.4083064,3.5235147,4,10,192000,bosque,1.0,0.0,0.0,pasture,20220907_084500.WAV,20220907_084500,NO
19412,RZUB10,-73.4083064,3.5235147,4,10,192000,bosque,1.0,0.0,0.0,pasture,20220907_090000.WAV,20220907_090000,NO
19413,RZUB10,-73.4083064,3.5235147,4,10,192000,bosque,1.0,0.0,0.0,pasture,20220907_091500.WAV,20220907_091500,NO
19414,RZUB10,-73.4083064,3.5235147,4,10,192000,bosque,1.0,0.0,0.0,pasture,20220907_093000.WAV,20220907_093000,NO
19415,RZUB10,-73.4083064,3.5235147,4,10,192000,bosque,1.0,0.0,0.0,pasture,20220907_094500.WAV,20220907_094500,NO
19416,RZUB10,-73.4083064,3.5235147,4,10,192000,bosque,1.0,0.0,0.0,pasture,20220907_100000.WAV,20220907_100000,NO
19417,RZUB10,-73.4083064,3.5235147,4,10,192000,bosque,1.0,0.0,0.0,pasture,20220907_101500.WAV,20220907_101500,NO
19418,RZUB10,-73.4083064,3.5235147,4,10,192000,bosque,1.0,0.0,0.0,pasture,20220907_103000.WAV,20220907_103000,NO
19419,RZUB10,-73.4083064,3.5235147,4,10,192000,bosque,1.0,0.0,0.0,pasture,20220907_104500.WAV,20220907_104500,NO
19420,RZUB10,-73.4083064,3.5235147,4,10,192000,bosque,1.0,0.0,0.0,pasture,20220907_110000.WAV,20220907_110000,NO
19421,RZUB10,-73.4083064,3.5235147,4,10,192000,bosque,1.0,0.0,0.0,pasture,20220907_111500.WAV,20220907_111500,NO
19422,RZUB10,-73.4083064,3.5235147,4,10,192000,bosque,1.0,0.0,0.0,pasture,20220907_113000.WAV,20220907_113000,NO
19423,RZUB10,-73.4083064,3.5235147,4,10,192000,bosque,1.0,0.0,0.0,pasture,20220907_114500.WAV,20220907_114500,NO
19424,RZUB10,-73.4083064,3.5235147,4,10,192000,bosque,1.0,0.0,0.0,pasture,20220907_120000.WAV,20220907_120000,NO
19425,RZUB10,-73.4083064,3.5235147,4,10,192000,bosque,1.0,0.0,0.0,pasture,20220907_121500.WAV,20220907_121500,NO
19426,RZUB10,-73.4083064,3.5235147,4,10,192000,bosque,1.0,0.0,0.0,pasture,20220907_124500.WAV,20220907_124500,NO
19427,RZUB10,-73.4083064,3.5235147,4,10,192000,bosque,1.0,0.0,0.0,pasture,20220907_130000.WAV,20220907_130000,NO
19428,RZUB10,-73.4083064,3.5235147,4,10,192000,bosque,1.0,0.0,0.0,pasture,20220907_131500.WAV,20220907_131500,NO
19429,RZUB10,-73.4083064,3.5235147,4,10,192000,bosque,1.0,0.0,0.0,pasture,20220907_133000.WAV,20220907_133000,NO
19430,RZUB10,-73.4083064,3.5235147,4,10,192000,bosque,1.0,0.0,0.0,pasture,20220907_134500.WAV,20220907_134500,NO
19431,RZUB10,-73.4083064,3.5235147,4,10,192000,bosque,1.0,0.0,0.0,pasture,20220907_140000.WAV,20220907_140000,NO
19432,RZUB10,-73.4083064,3.5235147,4,10,192000,bosque,1.0,0.0,0.0,pasture,20220907_141500.WAV,20220907_141500,NO
19433,RZUB10,-73.4083064,3.5235147,4,10,192000,bosque,1.0,0.0,0.0,pasture,20220907_143000.WAV,20220907_143000,NO
19434,RZUB10,-73.4083064,3.5235147,4,10,192000,bosque,1.0,0.0,0.0,pasture,20220907_144500.WAV,20220907_144500,NO
19435,RZUB10,-73.4083064,3.5235147,4,10,192000,bosque,1.0,0.0,0.0,pasture,20220907_150000.WAV,20220907_150000,NO
19436,RZUB10,-73.4083064,3.5235147,4,10,192000,bosque,1.0,0.0,0.0,pasture,20220907_151500.WAV,20220907_151500,NO
19437,RZUB10,-73.4083064,3.5235147,4,10,192000,bosque,1.0,0.0,0.0,pasture,20220907_153000.WAV,20220907_153000,NO
19438,RZUB10,-73.4083064,3.5235147,4,10,192000,bosque,1.0,0.0,0.0,pasture,20220907_154500.WAV,20220907_154500,NO
19439,RZUB10,-73.4083064,3.5235147,4,10,192000,bosque,1.0,0.0,0.0,pasture,20220907_160000.WAV,20220907_160000,NO
19440,RZUB10,-73.4083064,3.5235147,4,10,192000,bosque,1.0,0.0,0.0,pasture,20220907_161500.WAV,20220907_161500,NO
19441,RZUB10,-73.4083064,3.5235147,4,10,192000,bosque,1.0,0.0,0.0,pasture,20220907_163000.WAV,20220907_163000,NO
19442,RZUB10,-73.4083064,3.5235147,4,10,192000,bosque,1.0,0.0,0.0,pasture,20220907_170000.WAV,20220907_170000,NO
19443,RZUB10,-73.4083064,3.5235147,4,10,192000,bosque,1.0,0.0,0.0,pasture,20220907_171500.WAV,20220907_171500,NO
19444,RZUB10,-73.4083064,3.5235147,4,10,192000,bosque,1.0,0.0,0.0,pasture,20220907_173000.WAV,20220907_173000,NO
19445,RZUB10,-73.4083064,3.5235147,4,10,192000,bosque,1.0,0.0,0.0,pasture,20220907_174500.WAV,20220907_174500,NO
19446,RZUB10,-73.4083064,3.5235147,4,10,192000,bosque,1.0,0.0,0.0,pasture,20220907_180000.WAV,20220907_180000,NO
19447,RZUB10,-73.4083064,3.5235147,4,10,192000,bosque,1.0,0.0,0.0,pasture,20220907_181500.WAV,20220907_181500,NO
19448,RZUB10,-73.4083064,3.5235147,4,10,192000,bosque,1.0,0.0,0.0,pasture,20220907_183000.WAV,20220907_183000,NO
19449,RZUB10,-73.4083064,3.5235147,4,10,192000,bosque,1.0,0.0,0.0,pasture,20220907_184500.WAV,20220907_184500,NO
19450,RZUB10,-73.4083064,3.5235147,4,10,192000,bosque,1.0,0.0,0.0,pasture,20220907_190000.WAV,20220907_190000,NO
19451,RZUB10,-73.4083064,3.5235147,4,10,192000,bosque,1.0,0.0,0.0,pasture,20220907_191500.WAV,20220907_191500,NO
19452,RZUB10,-73.4083064,3.5235147,4,10,192000,bosque,1.0,0.0,0.0,pasture,20220907_193000.WAV,20220907_193000,NO
19453,RZUB10,-73.4083064,3.5235147,4,10,192000,bosque,1.0,0.0,0.0,pasture,20220907_194500.WAV,20220907_194500,NO
19454,RZUB10,-73.4083064,3.5235147,4,10,192000,bosque,1.0,0.0,0.0,pasture,20220907_200000.WAV,20220907_200000,NO
19455,RZUB10,-73.4083064,3.5235147,4,10,192000,bosque,1.0,0.0,0.0,pasture,20220907_201500.WAV,20220907_201500,NO
19456,RZUB10,-73.4083064,3.5235147,4,10,192000,bosque,1.0,0.0,0.0,pasture,20220907_203000.WAV,20220907_203000,NO
19457,RZUB10,-73.4083064,3.5235147,4,10,192000,bosque,1.0,0.0,0.0,pasture,20220907_204500.WAV,20220907_204500,NO
19458,RZUB10,-73.4083064,3.5235147,4,10,192000,bosque,1.0,0.0,0.0,pasture,20220907_211500.WAV,20220907_211500,NO
19459,RZUB10,-73.4083064,3.5235147,4,10,192000,bosque,1.0,0.0,0.0,pasture,20220907_213000.WAV,20220907_213000,NO
19460,RZUB10,-73.4083064,3.5235147,4,10,192000,bosque,1.0,0.0,0.0,pasture,20220907_214500.WAV,20220907_214500,NO
19461,RZUB10,-73.4083064,3.5235147,4,10,192000,bosque,1.0,0.0,0.0,pasture,20220907_220000.WAV,20220907_220000,NO
19462,RZUB10,-73.4083064,3.5235147,4,10,192000,bosque,1.0,0.0,0.0,pasture,20220907_221500.WAV,20220907_221500,NO
19463,RZUB10,-73.4083064,3.5235147,4,10,192000,bosque,1.0,0.0,0.0,pasture,20220907_223000.WAV,20220907_223000,NO
19464,RZUB10,-73.4083064,3.5235147,4,10,192000,bosque,1.0,0.0,0.0,pasture,20220907_224500.WAV,20220907_224500,NO
19465,RZUB10,-73.4083064,3.5235147,4,10,192000,bosque,1.0,0.0,0.0,pasture,20220907_230000.WAV,20220907_230000,NO
19466,RZUB10,-73.4083064,3.5235147,4,10,192000,bosque,1.0,0.0,0.0,pasture,20220907_231500.WAV,20220907_231500,NO
19467,RZUB10,-73.4083064,3.5235147,4,10,192000,bosque,1.0,0.0,0.0,pasture,20220907_233000.WAV,20220907_233000,NO
19468,RZUB10,-73.4083064,3.5235147,4,10,192000,bosque,1.0,0.0,0.0,pasture,20220907_234500.WAV,20220907_234500,NO
19469,RZUB10,-73.4083064,3.5235147,4,10,192000,bosque,1.0,0.0,0.0,pasture,20220908_000000.WAV,20220908_000000,NO
19470,RZUB10,-73.4083064,3.5235147,4,10,192000,bosque,1.0,0.0,0.0,pasture,20220908_001500.WAV,20220908_001500,NO
19471,RZUB10,-73.4083064,3.5235147,4,10,192000,bosque,1.0,0.0,0.0,pasture,20220908_003000.WAV,20220908_003000,NO
19472,RZUB10,-73.4083064,3.5235147,4,10,192000,bosque,1.0,0.0,0.0,pasture,20220908_004500.WAV,20220908_004500,NO
19473,RZUB10,-73.4083064,3.5235147,4,10,192000,bosque,1.0,0.0,0.0,pasture,20220908_010000.WAV,20220908_010000,NO
19474,RZUB10,-73.4083064,3.5235147,4,10,192000,bosque,1.0,0.0,0.0,pasture,20220908_013000.WAV,20220908_013000,NO
19475,RZUB10,-73.4083064,3.5235147,4,10,192000,bosque,1.0,0.0,0.0,pasture,20220908_014500.WAV,20220908_014500,NO
19476,RZUB10,-73.4083064,3.5235147,4,10,192000,bosque,1.0,0.0,0.0,pasture,20220908_020000.WAV,20220908_020000,NO
19477,RZUB10,-73.4083064,3.5235147,4,10,192000,bosque,1.0,0.0,0.0,pasture,20220908_021500.WAV,20220908_021500,NO
19478,RZUB10,-73.4083064,3.5235147,4,10,192000,bosque,1.0,0.0,0.0,pasture,20220908_023000.WAV,20220908_023000,NO
19479,RZUB10,-73.4083064,3.5235147,4,10,192000,bosque,1.0,0.0,0.0,pasture,20220908_024500.WAV,20220908_024500,NO
19480,RZUB10,-73.4083064,3.5235147,4,10,192000,bosque,1.0,0.0,0.0,pasture,20220908_030000.WAV,20220908_030000,NO
19481,RZUB10,-73.4083064,3.5235147,4,10,192000,bosque,1.0,0.0,0.0,pasture,20220908_031500.WAV,20220908_031500,NO
19482,RZUB10,-73.4083064,3.5235147,4,10,192000,bosque,1.0,0.0,0.0,pasture,20220908_033000.WAV,20220908_033000,NO
19483,RZUB10,-73.4083064,3.5235147,4,10,192000,bosque,1.0,0.0,0.0,pasture,20220908_034500.WAV,20220908_034500,NO
19484,RZUB10,-73.4083064,3.5235147,4,10,192000,bosque,1.0,0.0,0.0,pasture,20220908_040000.WAV,20220908_040000,NO
19485,RZUB10,-73.4083064,3.5235147,4,10,192000,bosque,1.0,0.0,0.0,pasture,20220908_041500.WAV,20220908_041500,NO
19486,RZUB10,-73.4083064,3.5235147,4,10,192000,bosque,1.0,0.0,0.0,pasture,20220908_043000.WAV,20220908_043000,NO
19487,RZUB10,-73.4083064,3.5235147,4,10,192000,bosque,1.0,0.0,0.0,pasture,20220908_044500.WAV,20220908_044500,NO
19488,RZUB10,-73.4083064,3.5235147,4,10,192000,bosque,1.0,0.0,0.0,pasture,20220908_050000.WAV,20220908_050000,NO
19489,RZUB10,-73.4083064,3.5235147,4,10,192000,bosque,1.0,0.0,0.0,pasture,20220908_051500.WAV,20220908_051500,NO
19490,RZUB10,-73.4083064,3.5235147,4,10,192000,bosque,1.0,0.0,0.0,pasture,20220908_054500.WAV,20220908_054500,NO
19491,RZUB10,-73.4083064,3.5235147,4,10,192000,bosque,1.0,0.0,0.0,pasture,20220908_060000.WAV,20220908_060000,NO
19492,RZUB10,-73.4083064,3.5235147,4,10,192000,bosque,1.0,0.0,0.0,pasture,20220908_061500.WAV,20220908_061500,NO
19493,RZUB10,-73.4083064,3.5235147,4,10,192000,bosque,1.0,0.0,0.0,pasture,20220908_063000.WAV,20220908_063000,NO
19494,RZUB10,-73.4083064,3.5235147,4,10,192000,bosque,1.0,0.0,0.0,pasture,20220908_064500.WAV,20220908_064500,NO
19495,RZUB10,-73.4083064,3.5235147,4,10,192000,bosque,1.0,0.0,0.0,pasture,20220908_070000.WAV,20220908_070000,NO
19496,RZUB10,-73.4083064,3.5235147,4,10,192000,bosque,1.0,0.0,0.0,pasture,20220908_071500.WAV,20220908_071500,NO
19497,RZUB10,-73.4083064,3.5235147,4,10,192000,bosque,1.0,0.0,0.0,pasture,20220908_073000.WAV,20220908_073000,NO
19498,RZUB10,-73.4083064,3.5235147,4,10,192000,bosque,1.0,0.0,0.0,pasture,20220908_074500.WAV,20220908_074500,NO
19499,RZUB10,-73.4083064,3.5235147,4,10,192000,bosque,1.0,0.0,0.0,pasture,20220908_080000.WAV,20220908_080000,NO
19500,RZUB10,-73.4083064,3.5235147,4,10,192000,bosque,1.0,0.0,0.0,pasture,20220908_081500.WAV,20220908_081500,NO
19501,RZUB10,-73.4083064,3.5235147,4,10,192000,bosque,1.0,0.0,0.0,pasture,20220908_083000.WAV,20220908_083000,NO
19502,RZUB10,-73.4083064,3.5235147,4,10,192000,bosque,1.0,0.0,0.0,pasture,20220908_084500.WAV,20220908_084500,NO
19503,RZUB10,-73.4083064,3.5235147,4,10,192000,bosque,1.0,0.0,0.0,pasture,20220908_090000.WAV,20220908_090000,NO
19504,RZUB10,-73.4083064,3.5235147,4,10,192000,bosque,1.0,0.0,0.0,pasture,20220908_091500.WAV,20220908_091500,NO
19505,RZUB10,-73.4083064,3.5235147,4,10,192000,bosque,1.0,0.0,0.0,pasture,20220908_093000.WAV,20220908_093000,NO
19506,RZUB10,-73.4083064,3.5235147,4,10,192000,bosque,1.0,0.0,0.0,pasture,20220908_100000.WAV,20220908_100000,NO
19507,RZUB10,-73.4083064,3.5235147,4,10,192000,bosque,1.0,0.0,0.0,pasture,20220908_101500.WAV,20220908_101500,NO
19508,RZUB10,-73.4083064,3.5235147,4,10,192000,bosque,1.0,0.0,0.0,pasture,20220908_103000.WAV,20220908_103000,NO
19509,RZUB10,-73.4083064,3.5235147,4,10,192000,bosque,1.0,0.0,0.0,pasture,20220908_104500.WAV,20220908_104500,NO
19510,RZUB10,-73.4083064,3.5235147,4,10,192000,bosque,1.0,0.0,0.0,pasture,20220908_110000.WAV,20220908_110000,NO
19511,RZUB10,-73.4083064,3.5235147,4,10,192000,bosque,1.0,0.0,0.0,pasture,20220908_111500.WAV,20220908_111500,NO
19512,RZUB10,-73.4083064,3.5235147,4,10,192000,bosque,1.0,0.0,0.0,pasture,20220908_113000.WAV,20220908_113000,NO
19513,RZUB10,-73.4083064,3.5235147,4,10,192000,bosque,1.0,0.0,0.0,pasture,20220908_114500.WAV,20220908_114500,NO
19514,RZUB10,-73.4083064,3.5235147,4,10,192000,bosque,1.0,0.0,0.0,pasture,20220908_120000.WAV,20220908_120000,NO
19515,RZUB10,-73.4083064,3.5235147,4,10,192000,bosque,1.0,0.0,0.0,pasture,20220908_121500.WAV,20220908_121500,NO
19516,RZUB10,-73.4083064,3.5235147,4,10,192000,bosque,1.0,0.0,0.0,pasture,20220908_123000.WAV,20220908_123000,NO
19517,RZUB10,-73.4083064,3.5235147,4,10,192000,bosque,1.0,0.0,0.0,pasture,20220908_124500.WAV,20220908_124500,NO
19518,RZUB10,-73.4083064,3.5235147,4,10,192000,bosque,1.0,0.0,0.0,pasture,20220908_130000.WAV,20220908_130000,NO
19519,RZUB10,-73.4083064,3.5235147,4,10,192000,bosque,1.0,0.0,0.0,pasture,20220908_131500.WAV,20220908_131500,NO
19520,RZUB10,-73.4083064,3.5235147,4,10,192000,bosque,1.0,0.0,0.0,pasture,20220908_133000.WAV,20220908_133000,NO
19521,RZUB10,-73.4083064,3.5235147,4,10,192000,bosque,1.0,0.0,0.0,pasture,20220908_134500.WAV,20220908_134500,NO
19522,RZUB10,-73.4083064,3.5235147,4,10,192000,bosque,1.0,0.0,0.0,pasture,20220908_141500.WAV,20220908_141500,NO
19523,RZUB10,-73.4083064,3.5235147,4,10,192000,bosque,1.0,0.0,0.0,pasture,20220908_143000.WAV,20220908_143000,NO
19524,RZUB10,-73.4083064,3.5235147,4,10,192000,bosque,1.0,0.0,0.0,pasture,20220908_144500.WAV,20220908_144500,NO
19525,RZUB10,-73.4083064,3.5235147,4,10,192000,bosque,1.0,0.0,0.0,pasture,20220908_150000.WAV,20220908_150000,NO
19526,RZUB10,-73.4083064,3.5235147,4,10,192000,bosque,1.0,0.0,0.0,pasture,20220908_151500.WAV,20220908_151500,NO
19527,RZUB10,-73.4083064,3.5235147,4,10,192000,bosque,1.0,0.0,0.0,pasture,20220908_153000.WAV,20220908_153000,NO
19528,RZUB10,-73.4083064,3.5235147,4,10,192000,bosque,1.0,0.0,0.0,pasture,20220908_154500.WAV,20220908_154500,NO
19529,RZUB10,-73.4083064,3.5235147,4,10,192000,bosque,1.0,0.0,0.0,pasture,20220908_160000.WAV,20220908_160000,NO
19530,RZUB10,-73.4083064,3.5235147,4,10,192000,bosque,1.0,0.0,0.0,pasture,20220908_161500.WAV,20220908_161500,NO
19531,RZUB10,-73.4083064,3.5235147,4,10,192000,bosque,1.0,0.0,0.0,pasture,20220908_163000.WAV,20220908_163000,NO
19532,RZUB10,-73.4083064,3.5235147,4,10,192000,bosque,1.0,0.0,0.0,pasture,20220908_164500.WAV,20220908_164500,NO
19533,RZUB10,-73.4083064,3.5235147,4,10,192000,bosque,1.0,0.0,0.0,pasture,20220908_170000.WAV,20220908_170000,NO
19534,RZUB10,-73.4083064,3.5235147,4,10,192000,bosque,1.0,0.0,0.0,pasture,20220908_171500.WAV,20220908_171500,NO
19535,RZUB10,-73.4083064,3.5235147,4,10,192000,bosque,1.0,0.0,0.0,pasture,20220908_173000.WAV,20220908_173000,NO
19536,RZUB10,-73.4083064,3.5235147,4,10,192000,bosque,1.0,0.0,0.0,pasture,20220908_174500.WAV,20220908_174500,NO
19537,RZUB10,-73.4083064,3.5235147,4,10,192000,bosque,1.0,0.0,0.0,pasture,20220908_180000.WAV,20220908_180000,NO
19538,RZUB10,-73.4083064,3.5235147,4,10,192000,bosque,1.0,0.0,0.0,pasture,20220908_183000.WAV,20220908_183000,NO
19539,RZUB10,-73.4083064,3.5235147,4,10,192000,bosque,1.0,0.0,0.0,pasture,20220908_184500.WAV,20220908_184500,NO
19540,RZUB10,-73.4083064,3.5235147,4,10,192000,bosque,1.0,0.0,0.0,pasture,20220908_190000.WAV,20220908_190000,NO
19541,RZUB10,-73.4083064,3.5235147,4,10,192000,bosque,1.0,0.0,0.0,pasture,20220908_191500.WAV,20220908_191500,NO
19542,RZUB10,-73.4083064,3.5235147,4,10,192000,bosque,1.0,0.0,0.0,pasture,20220908_193000.WAV,20220908_193000,YES
19543,RZUB10,-73.4083064,3.5235147,4,10,192000,bosque,1.0,0.0,0.0,pasture,20220908_194500.WAV,20220908_194500,NO
19544,RZUB10,-73.4083064,3.5235147,4,10,192000,bosque,1.0,0.0,0.0,pasture,20220908_200000.WAV,20220908_200000,YES
19545,RZUB10,-73.4083064,3.5235147,4,10,192000,bosque,1.0,0.0,0.0,pasture,20220908_201500.WAV,20220908_201500,YES
19546,RZUB10,-73.4083064,3.5235147,4,10,192000,bosque,1.0,0.0,0.0,pasture,20220908_203000.WAV,20220908_203000,YES
19547,RZUB10,-73.4083064,3.5235147,4,10,192000,bosque,1.0,0.0,0.0,pasture,20220908_204500.WAV,20220908_204500,YES
19548,RZUB10,-73.4083064,3.5235147,4,10,192000,bosque,1.0,0.0,0.0,pasture,20220908_210000.WAV,20220908_210000,YES
19549,RZUB10,-73.4083064,3.5235147,4,10,192000,bosque,1.0,0.0,0.0,pasture,20220908_211500.WAV,20220908_211500,YES
19550,RZUB10,-73.4083064,3.5235147,4,10,192000,bosque,1.0,0.0,0.0,pasture,20220908_213000.WAV,20220908_213000,YES
19551,RZUB10,-73.4083064,3.5235147,4,10,192000,bosque,1.0,0.0,0.0,pasture,20220908_214500.WAV,20220908_214500,YES
19552,RZUB10,-73.4083064,3.5235147,4,10,192000,bosque,1.0,0.0,0.0,pasture,20220908_220000.WAV,20220908_220000,YES
19553,RZUB10,-73.4083064,3.5235147,4,10,192000,bosque,1.0,0.0,0.0,pasture,20220908_221500.WAV,20220908_221500,YES
19554,RZUB10,-73.4083064,3.5235147,4,10,192000,bosque,1.0,0.0,0.0,pasture,20220908_224500.WAV,20220908_224500,YES
19555,RZUB10,-73.4083064,3.5235147,4,10,192000,bosque,1.0,0.0,0.0,pasture,20220908_230000.WAV,20220908_230000,YES
19556,RZUB10,-73.4083064,3.5235147,4,10,192000,bosque,1.0,0.0,0.0,pasture,20220908_231500.WAV,20220908_231500,YES
19557,RZUB10,-73.4083064,3.5235147,4,10,192000,bosque,1.0,0.0,0.0,pasture,20220908_233000.WAV,20220908_233000,YES
19558,RZUB10,-73.4083064,3.5235147,4,10,192000,bosque,1.0,0.0,0.0,pasture,20220908_234500.WAV,20220908_234500,NO
19559,RZUB10,-73.4083064,3.5235147,4,10,192000,bosque,1.0,0.0,0.0,pasture,20220909_000000.WAV,20220909_000000,NO
19560,RZUB10,-73.4083064,3.5235147,4,10,192000,bosque,1.0,0.0,0.0,pasture,20220909_001500.WAV,20220909_001500,NO
19561,RZUB10,-73.4083064,3.5235147,4,10,192000,bosque,1.0,0.0,0.0,pasture,20220909_003000.WAV,20220909_003000,NO
19562,RZUB10,-73.4083064,3.5235147,4,10,192000,bosque,1.0,0.0,0.0,pasture,20220909_004500.WAV,20220909_004500,NO
19563,RZUB10,-73.4083064,3.5235147,4,10,192000,bosque,1.0,0.0,0.0,pasture,20220909_010000.WAV,20220909_010000,NO
19564,RZUB10,-73.4083064,3.5235147,4,10,192000,bosque,1.0,0.0,0.0,pasture,20220909_011500.WAV,20220909_011500,NO
19565,RZUB10,-73.4083064,3.5235147,4,10,192000,bosque,1.0,0.0,0.0,pasture,20220909_013000.WAV,20220909_013000,NO
19566,RZUB10,-73.4083064,3.5235147,4,10,192000,bosque,1.0,0.0,0.0,pasture,20220909_014500.WAV,20220909_014500,YES
19567,RZUB10,-73.4083064,3.5235147,4,10,192000,bosque,1.0,0.0,0.0,pasture,20220909_020000.WAV,20220909_020000,NO
19568,RZUB10,-73.4083064,3.5235147,4,10,192000,bosque,1.0,0.0,0.0,pasture,20220909_021500.WAV,20220909_021500,NO
19569,RZUB10,-73.4083064,3.5235147,4,10,192000,bosque,1.0,0.0,0.0,pasture,20220909_023000.WAV,20220909_023000,YES
19570,RZUB10,-73.4083064,3.5235147,4,10,192000,bosque,1.0,0.0,0.0,pasture,20220909_024500.WAV,20220909_024500,YES
19571,RZUB10,-73.4083064,3.5235147,4,10,192000,bosque,1.0,0.0,0.0,pasture,20220909_030000.WAV,20220909_030000,YES
19572,RZUB10,-73.4083064,3.5235147,4,10,192000,bosque,1.0,0.0,0.0,pasture,20220909_031500.WAV,20220909_031500,YES
19573,RZUB10,-73.4083064,3.5235147,4,10,192000,bosque,1.0,0.0,0.0,pasture,20220909_033000.WAV,20220909_033000,YES
19574,RZUB10,-73.4083064,3.5235147,4,10,192000,bosque,1.0,0.0,0.0,pasture,20220909_034500.WAV,20220909_034500,YES
19575,RZUB10,-73.4083064,3.5235147,4,10,192000,bosque,1.0,0.0,0.0,pasture,20220909_040000.WAV,20220909_040000,YES
19576,RZUB10,-73.4083064,3.5235147,4,10,192000,bosque,1.0,0.0,0.0,pasture,20220909_041500.WAV,20220909_041500,YES
19577,RZUB10,-73.4083064,3.5235147,4,10,192000,bosque,1.0,0.0,0.0,pasture,20220909_043000.WAV,20220909_043000,YES
19578,RZUB10,-73.4083064,3.5235147,4,10,192000,bosque,1.0,0.0,0.0,pasture,20220909_044500.WAV,20220909_044500,YES
19579,RZUB10,-73.4083064,3.5235147,4,10,192000,bosque,1.0,0.0,0.0,pasture,20220909_050000.WAV,20220909_050000,YES
