,Recording,Recorder,Date,Time,Filename,Municipio,Vereda,Latitud,Longitud,Elevacion,Habitat,Rain_occurrence,Rain_Intesity,Intensity_Category
10818,G34_20180618_123200,G34,2018/06/18,12:32:00,G34_20180618_123200.wav,Alejandria,El Cerro,6.3815,-74.9929,1330,Non- forest,0,0,No_rain
10819,G34_20180618_124800,G34,2018/06/18,12:48:00,G34_20180618_124800.wav,Alejandria,El Cerro,6.3815,-74.9929,1330,Non- forest,0,0,No_rain
10820,G34_20180618_130400,G34,2018/06/18,13:04:00,G34_20180618_130400.wav,Alejandria,El Cerro,6.3815,-74.9929,1330,Non- forest,0,0,No_rain
10821,G34_20180618_132000,G34,2018/06/18,13:20:00,G34_20180618_132000.wav,Alejandria,El Cerro,6.3815,-74.9929,1330,Non- forest,0,0,No_rain
10822,G34_20180618_133600,G34,2018/06/18,13:36:00,G34_20180618_133600.wav,Alejandria,El Cerro,6.3815,-74.9929,1330,Non- forest,0,0,No_rain
10823,G34_20180618_135200,G34,2018/06/18,13:52:00,G34_20180618_135200.wav,Alejandria,El Cerro,6.3815,-74.9929,1330,Non- forest,0,0,No_rain
10824,G34_20180618_140800,G34,2018/06/18,14:08:00,G34_20180618_140800.wav,Alejandria,El Cerro,6.3815,-74.9929,1330,Non- forest,0,0,No_rain
10825,G34_20180618_142400,G34,2018/06/18,14:24:00,G34_20180618_142400.wav,Alejandria,El Cerro,6.3815,-74.9929,1330,Non- forest,0,0,No_rain
10826,G34_20180618_144000,G34,2018/06/18,14:40:00,G34_20180618_144000.wav,Alejandria,El Cerro,6.3815,-74.9929,1330,Non- forest,0,0,No_rain
10827,G34_20180618_145600,G34,2018/06/18,14:56:00,G34_20180618_145600.wav,Alejandria,El Cerro,6.3815,-74.9929,1330,Non- forest,0,0,No_rain
10828,G34_20180618_151200,G34,2018/06/18,15:12:00,G34_20180618_151200.wav,Alejandria,El Cerro,6.3815,-74.9929,1330,Non- forest,0,0,No_rain
10829,G34_20180618_152800,G34,2018/06/18,15:28:00,G34_20180618_152800.wav,Alejandria,El Cerro,6.3815,-74.9929,1330,Non- forest,0,0,No_rain
10830,G34_20180618_154400,G34,2018/06/18,15:44:00,G34_20180618_154400.wav,Alejandria,El Cerro,6.3815,-74.9929,1330,Non- forest,0,0,No_rain
10831,G34_20180618_160000,G34,2018/06/18,16:00:00,G34_20180618_160000.wav,Alejandria,El Cerro,6.3815,-74.9929,1330,Non- forest,0,0,No_rain
10832,G34_20180618_161600,G34,2018/06/18,16:16:00,G34_20180618_161600.wav,Alejandria,El Cerro,6.3815,-74.9929,1330,Non- forest,0,0,No_rain
10833,G34_20180618_163200,G34,2018/06/18,16:32:00,G34_20180618_163200.wav,Alejandria,El Cerro,6.3815,-74.9929,1330,Non- forest,0,0,No_rain
10834,G34_20180618_164800,G34,2018/06/18,16:48:00,G34_20180618_164800.wav,Alejandria,El Cerro,6.3815,-74.9929,1330,Non- forest,0,0,No_rain
10835,G34_20180618_200000,G34,2018/06/18,20:00:00,G34_20180618_200000.wav,Alejandria,El Cerro,6.3815,-74.9929,1330,Non- forest,1,1,Light
10836,G34_20180618_201600,G34,2018/06/18,20:16:00,G34_20180618_201600.wav,Alejandria,El Cerro,6.3815,-74.9929,1330,Non- forest,0,0,No_rain
10837,G34_20180618_203200,G34,2018/06/18,20:32:00,G34_20180618_203200.wav,Alejandria,El Cerro,6.3815,-74.9929,1330,Non- forest,0,0,No_rain
10838,G34_20180618_204800,G34,2018/06/18,20:48:00,G34_20180618_204800.wav,Alejandria,El Cerro,6.3815,-74.9929,1330,Non- forest,0,0,No_rain
10839,G34_20180618_210400,G34,2018/06/18,21:04:00,G34_20180618_210400.wav,Alejandria,El Cerro,6.3815,-74.9929,1330,Non- forest,0,0,No_rain
10840,G34_20180618_212000,G34,2018/06/18,21:20:00,G34_20180618_212000.wav,Alejandria,El Cerro,6.3815,-74.9929,1330,Non- forest,0,0,No_rain
10841,G34_20180618_213600,G34,2018/06/18,21:36:00,G34_20180618_213600.wav,Alejandria,El Cerro,6.3815,-74.9929,1330,Non- forest,0,0,No_rain
10842,G34_20180618_215200,G34,2018/06/18,21:52:00,G34_20180618_215200.wav,Alejandria,El Cerro,6.3815,-74.9929,1330,Non- forest,0,0,No_rain
10843,G34_20180618_220800,G34,2018/06/18,22:08:00,G34_20180618_220800.wav,Alejandria,El Cerro,6.3815,-74.9929,1330,Non- forest,0,0,No_rain
10844,G34_20180618_222400,G34,2018/06/18,22:24:00,G34_20180618_222400.wav,Alejandria,El Cerro,6.3815,-74.9929,1330,Non- forest,0,0,No_rain
10845,G34_20180618_224000,G34,2018/06/18,22:40:00,G34_20180618_224000.wav,Alejandria,El Cerro,6.3815,-74.9929,1330,Non- forest,0,0,No_rain
10846,G34_20180618_225600,G34,2018/06/18,22:56:00,G34_20180618_225600.wav,Alejandria,El Cerro,6.3815,-74.9929,1330,Non- forest,0,0,No_rain
10847,G34_20180618_231200,G34,2018/06/18,23:12:00,G34_20180618_231200.wav,Alejandria,El Cerro,6.3815,-74.9929,1330,Non- forest,0,0,No_rain
10848,G34_20180618_232800,G34,2018/06/18,23:28:00,G34_20180618_232800.wav,Alejandria,El Cerro,6.3815,-74.9929,1330,Non- forest,0,0,No_rain
10849,G34_20180618_234400,G34,2018/06/18,23:44:00,G34_20180618_234400.wav,Alejandria,El Cerro,6.3815,-74.9929,1330,Non- forest,0,0,No_rain
10850,G34_20180619_000000,G34,2018/06/19,00:00:00,G34_20180619_000000.wav,Alejandria,El Cerro,6.3815,-74.9929,1330,Non- forest,0,0,No_rain
10851,G34_20180619_001600,G34,2018/06/19,00:16:00,G34_20180619_001600.wav,Alejandria,El Cerro,6.3815,-74.9929,1330,Non- forest,0,0,No_rain
10852,G34_20180619_003200,G34,2018/06/19,00:32:00,G34_20180619_003200.wav,Alejandria,El Cerro,6.3815,-74.9929,1330,Non- forest,0,0,No_rain
10853,G34_20180619_004800,G34,2018/06/19,00:48:00,G34_20180619_004800.wav,Alejandria,El Cerro,6.3815,-74.9929,1330,Non- forest,0,0,No_rain
10854,G34_20180619_010400,G34,2018/06/19,01:04:00,G34_20180619_010400.wav,Alejandria,El Cerro,6.3815,-74.9929,1330,Non- forest,0,0,No_rain
10855,G34_20180619_012000,G34,2018/06/19,01:20:00,G34_20180619_012000.wav,Alejandria,El Cerro,6.3815,-74.9929,1330,Non- forest,0,0,No_rain
10856,G34_20180619_013600,G34,2018/06/19,01:36:00,G34_20180619_013600.wav,Alejandria,El Cerro,6.3815,-74.9929,1330,Non- forest,0,0,No_rain
10857,G34_20180619_015200,G34,2018/06/19,01:52:00,G34_20180619_015200.wav,Alejandria,El Cerro,6.3815,-74.9929,1330,Non- forest,0,0,No_rain
10858,G34_20180619_020800,G34,2018/06/19,02:08:00,G34_20180619_020800.wav,Alejandria,El Cerro,6.3815,-74.9929,1330,Non- forest,0,0,No_rain
10859,G34_20180619_022400,G34,2018/06/19,02:24:00,G34_20180619_022400.wav,Alejandria,El Cerro,6.3815,-74.9929,1330,Non- forest,0,0,No_rain
10860,G34_20180619_024000,G34,2018/06/19,02:40:00,G34_20180619_024000.wav,Alejandria,El Cerro,6.3815,-74.9929,1330,Non- forest,0,0,No_rain
10861,G34_20180619_025600,G34,2018/06/19,02:56:00,G34_20180619_025600.wav,Alejandria,El Cerro,6.3815,-74.9929,1330,Non- forest,0,0,No_rain
10862,G34_20180619_031200,G34,2018/06/19,03:12:00,G34_20180619_031200.wav,Alejandria,El Cerro,6.3815,-74.9929,1330,Non- forest,0,0,No_rain
10863,G34_20180619_032800,G34,2018/06/19,03:28:00,G34_20180619_032800.wav,Alejandria,El Cerro,6.3815,-74.9929,1330,Non- forest,0,0,No_rain
10864,G34_20180619_034400,G34,2018/06/19,03:44:00,G34_20180619_034400.wav,Alejandria,El Cerro,6.3815,-74.9929,1330,Non- forest,0,0,No_rain
10865,G34_20180619_040000,G34,2018/06/19,04:00:00,G34_20180619_040000.wav,Alejandria,El Cerro,6.3815,-74.9929,1330,Non- forest,0,0,No_rain
10866,G34_20180619_041600,G34,2018/06/19,04:16:00,G34_20180619_041600.wav,Alejandria,El Cerro,6.3815,-74.9929,1330,Non- forest,0,0,No_rain
10867,G34_20180619_043200,G34,2018/06/19,04:32:00,G34_20180619_043200.wav,Alejandria,El Cerro,6.3815,-74.9929,1330,Non- forest,0,0,No_rain
10868,G34_20180619_044800,G34,2018/06/19,04:48:00,G34_20180619_044800.wav,Alejandria,El Cerro,6.3815,-74.9929,1330,Non- forest,0,0,No_rain
10869,G34_20180619_080000,G34,2018/06/19,08:00:00,G34_20180619_080000.wav,Alejandria,El Cerro,6.3815,-74.9929,1330,Non- forest,0,0,No_rain
10870,G34_20180619_081600,G34,2018/06/19,08:16:00,G34_20180619_081600.wav,Alejandria,El Cerro,6.3815,-74.9929,1330,Non- forest,0,0,No_rain
10871,G34_20180619_083200,G34,2018/06/19,08:32:00,G34_20180619_083200.wav,Alejandria,El Cerro,6.3815,-74.9929,1330,Non- forest,0,0,No_rain
10872,G34_20180619_084800,G34,2018/06/19,08:48:00,G34_20180619_084800.wav,Alejandria,El Cerro,6.3815,-74.9929,1330,Non- forest,0,0,No_rain
10873,G34_20180619_090400,G34,2018/06/19,09:04:00,G34_20180619_090400.wav,Alejandria,El Cerro,6.3815,-74.9929,1330,Non- forest,0,0,No_rain
10874,G34_20180619_092000,G34,2018/06/19,09:20:00,G34_20180619_092000.wav,Alejandria,El Cerro,6.3815,-74.9929,1330,Non- forest,0,0,No_rain
10875,G34_20180619_093600,G34,2018/06/19,09:36:00,G34_20180619_093600.wav,Alejandria,El Cerro,6.3815,-74.9929,1330,Non- forest,0,0,No_rain
10876,G34_20180619_095200,G34,2018/06/19,09:52:00,G34_20180619_095200.wav,Alejandria,El Cerro,6.3815,-74.9929,1330,Non- forest,0,0,No_rain
10877,G34_20180619_100800,G34,2018/06/19,10:08:00,G34_20180619_100800.wav,Alejandria,El Cerro,6.3815,-74.9929,1330,Non- forest,0,0,No_rain
10878,G34_20180619_102400,G34,2018/06/19,10:24:00,G34_20180619_102400.wav,Alejandria,El Cerro,6.3815,-74.9929,1330,Non- forest,0,0,No_rain
10879,G34_20180619_104000,G34,2018/06/19,10:40:00,G34_20180619_104000.wav,Alejandria,El Cerro,6.3815,-74.9929,1330,Non- forest,0,0,No_rain
10880,G34_20180619_105600,G34,2018/06/19,10:56:00,G34_20180619_105600.wav,Alejandria,El Cerro,6.3815,-74.9929,1330,Non- forest,0,0,No_rain
10881,G34_20180619_111200,G34,2018/06/19,11:12:00,G34_20180619_111200.wav,Alejandria,El Cerro,6.3815,-74.9929,1330,Non- forest,0,0,No_rain
10882,G34_20180619_112800,G34,2018/06/19,11:28:00,G34_20180619_112800.wav,Alejandria,El Cerro,6.3815,-74.9929,1330,Non- forest,0,0,No_rain
10883,G34_20180619_114400,G34,2018/06/19,11:44:00,G34_20180619_114400.wav,Alejandria,El Cerro,6.3815,-74.9929,1330,Non- forest,0,0,No_rain
10884,G34_20180619_120000,G34,2018/06/19,12:00:00,G34_20180619_120000.wav,Alejandria,El Cerro,6.3815,-74.9929,1330,Non- forest,0,0,No_rain
10885,G34_20180619_121600,G34,2018/06/19,12:16:00,G34_20180619_121600.wav,Alejandria,El Cerro,6.3815,-74.9929,1330,Non- forest,0,0,No_rain
10886,G34_20180619_123200,G34,2018/06/19,12:32:00,G34_20180619_123200.wav,Alejandria,El Cerro,6.3815,-74.9929,1330,Non- forest,0,0,No_rain
10887,G34_20180619_124800,G34,2018/06/19,12:48:00,G34_20180619_124800.wav,Alejandria,El Cerro,6.3815,-74.9929,1330,Non- forest,0,0,No_rain
10888,G34_20180619_130400,G34,2018/06/19,13:04:00,G34_20180619_130400.wav,Alejandria,El Cerro,6.3815,-74.9929,1330,Non- forest,0,0,No_rain
10889,G34_20180619_132000,G34,2018/06/19,13:20:00,G34_20180619_132000.wav,Alejandria,El Cerro,6.3815,-74.9929,1330,Non- forest,0,0,No_rain
10890,G34_20180619_133600,G34,2018/06/19,13:36:00,G34_20180619_133600.wav,Alejandria,El Cerro,6.3815,-74.9929,1330,Non- forest,0,0,No_rain
10891,G34_20180619_135200,G34,2018/06/19,13:52:00,G34_20180619_135200.wav,Alejandria,El Cerro,6.3815,-74.9929,1330,Non- forest,0,0,No_rain
10892,G34_20180619_140800,G34,2018/06/19,14:08:00,G34_20180619_140800.wav,Alejandria,El Cerro,6.3815,-74.9929,1330,Non- forest,0,0,No_rain
10893,G34_20180619_142400,G34,2018/06/19,14:24:00,G34_20180619_142400.wav,Alejandria,El Cerro,6.3815,-74.9929,1330,Non- forest,0,0,No_rain
10894,G34_20180619_144000,G34,2018/06/19,14:40:00,G34_20180619_144000.wav,Alejandria,El Cerro,6.3815,-74.9929,1330,Non- forest,0,0,No_rain
10895,G34_20180619_145600,G34,2018/06/19,14:56:00,G34_20180619_145600.wav,Alejandria,El Cerro,6.3815,-74.9929,1330,Non- forest,0,0,No_rain
10896,G34_20180619_151200,G34,2018/06/19,15:12:00,G34_20180619_151200.wav,Alejandria,El Cerro,6.3815,-74.9929,1330,Non- forest,0,0,No_rain
10897,G34_20180619_152800,G34,2018/06/19,15:28:00,G34_20180619_152800.wav,Alejandria,El Cerro,6.3815,-74.9929,1330,Non- forest,0,0,No_rain
10898,G34_20180619_154400,G34,2018/06/19,15:44:00,G34_20180619_154400.wav,Alejandria,El Cerro,6.3815,-74.9929,1330,Non- forest,0,0,No_rain
10899,G34_20180619_160000,G34,2018/06/19,16:00:00,G34_20180619_160000.wav,Alejandria,El Cerro,6.3815,-74.9929,1330,Non- forest,0,0,No_rain
10900,G34_20180619_161600,G34,2018/06/19,16:16:00,G34_20180619_161600.wav,Alejandria,El Cerro,6.3815,-74.9929,1330,Non- forest,0,0,No_rain
10901,G34_20180619_163200,G34,2018/06/19,16:32:00,G34_20180619_163200.wav,Alejandria,El Cerro,6.3815,-74.9929,1330,Non- forest,0,0,No_rain
10902,G34_20180619_164800,G34,2018/06/19,16:48:00,G34_20180619_164800.wav,Alejandria,El Cerro,6.3815,-74.9929,1330,Non- forest,0,0,No_rain
10903,G34_20180619_200000,G34,2018/06/19,20:00:00,G34_20180619_200000.wav,Alejandria,El Cerro,6.3815,-74.9929,1330,Non- forest,0,0,No_rain
10904,G34_20180619_201600,G34,2018/06/19,20:16:00,G34_20180619_201600.wav,Alejandria,El Cerro,6.3815,-74.9929,1330,Non- forest,0,0,No_rain
10905,G34_20180619_203200,G34,2018/06/19,20:32:00,G34_20180619_203200.wav,Alejandria,El Cerro,6.3815,-74.9929,1330,Non- forest,0,0,No_rain
10906,G34_20180619_204800,G34,2018/06/19,20:48:00,G34_20180619_204800.wav,Alejandria,El Cerro,6.3815,-74.9929,1330,Non- forest,0,0,No_rain
10907,G34_20180619_210400,G34,2018/06/19,21:04:00,G34_20180619_210400.wav,Alejandria,El Cerro,6.3815,-74.9929,1330,Non- forest,0,0,No_rain
10908,G34_20180619_212000,G34,2018/06/19,21:20:00,G34_20180619_212000.wav,Alejandria,El Cerro,6.3815,-74.9929,1330,Non- forest,0,0,No_rain
10909,G34_20180619_213600,G34,2018/06/19,21:36:00,G34_20180619_213600.wav,Alejandria,El Cerro,6.3815,-74.9929,1330,Non- forest,1,1,Light
10910,G34_20180619_215200,G34,2018/06/19,21:52:00,G34_20180619_215200.wav,Alejandria,El Cerro,6.3815,-74.9929,1330,Non- forest,0,0,No_rain
10911,G34_20180619_220800,G34,2018/06/19,22:08:00,G34_20180619_220800.wav,Alejandria,El Cerro,6.3815,-74.9929,1330,Non- forest,0,0,No_rain
10912,G34_20180619_222400,G34,2018/06/19,22:24:00,G34_20180619_222400.wav,Alejandria,El Cerro,6.3815,-74.9929,1330,Non- forest,0,0,No_rain
10913,G34_20180619_224000,G34,2018/06/19,22:40:00,G34_20180619_224000.wav,Alejandria,El Cerro,6.3815,-74.9929,1330,Non- forest,0,0,No_rain
10914,G34_20180619_225600,G34,2018/06/19,22:56:00,G34_20180619_225600.wav,Alejandria,El Cerro,6.3815,-74.9929,1330,Non- forest,0,0,No_rain
10915,G34_20180619_231200,G34,2018/06/19,23:12:00,G34_20180619_231200.wav,Alejandria,El Cerro,6.3815,-74.9929,1330,Non- forest,0,0,No_rain
10916,G34_20180619_232800,G34,2018/06/19,23:28:00,G34_20180619_232800.wav,Alejandria,El Cerro,6.3815,-74.9929,1330,Non- forest,0,0,No_rain
10917,G34_20180619_234400,G34,2018/06/19,23:44:00,G34_20180619_234400.wav,Alejandria,El Cerro,6.3815,-74.9929,1330,Non- forest,0,0,No_rain
10918,G34_20180620_000000,G34,2018/06/20,00:00:00,G34_20180620_000000.wav,Alejandria,El Cerro,6.3815,-74.9929,1330,Non- forest,0,0,No_rain
10919,G34_20180620_001600,G34,2018/06/20,00:16:00,G34_20180620_001600.wav,Alejandria,El Cerro,6.3815,-74.9929,1330,Non- forest,0,0,No_rain
10920,G34_20180620_003200,G34,2018/06/20,00:32:00,G34_20180620_003200.wav,Alejandria,El Cerro,6.3815,-74.9929,1330,Non- forest,0,0,No_rain
10921,G34_20180620_004800,G34,2018/06/20,00:48:00,G34_20180620_004800.wav,Alejandria,El Cerro,6.3815,-74.9929,1330,Non- forest,1,1,Light
10922,G34_20180620_010400,G34,2018/06/20,01:04:00,G34_20180620_010400.wav,Alejandria,El Cerro,6.3815,-74.9929,1330,Non- forest,1,1,Light
10923,G34_20180620_012000,G34,2018/06/20,01:20:00,G34_20180620_012000.wav,Alejandria,El Cerro,6.3815,-74.9929,1330,Non- forest,1,1,Light
10924,G34_20180620_013600,G34,2018/06/20,01:36:00,G34_20180620_013600.wav,Alejandria,El Cerro,6.3815,-74.9929,1330,Non- forest,0,0,No_rain
10925,G34_20180620_015200,G34,2018/06/20,01:52:00,G34_20180620_015200.wav,Alejandria,El Cerro,6.3815,-74.9929,1330,Non- forest,1,1,Light
10926,G34_20180620_020800,G34,2018/06/20,02:08:00,G34_20180620_020800.wav,Alejandria,El Cerro,6.3815,-74.9929,1330,Non- forest,1,1,Light
10927,G34_20180620_022400,G34,2018/06/20,02:24:00,G34_20180620_022400.wav,Alejandria,El Cerro,6.3815,-74.9929,1330,Non- forest,1,1,Light
10928,G34_20180620_024000,G34,2018/06/20,02:40:00,G34_20180620_024000.wav,Alejandria,El Cerro,6.3815,-74.9929,1330,Non- forest,0,0,No_rain
10929,G34_20180620_025600,G34,2018/06/20,02:56:00,G34_20180620_025600.wav,Alejandria,El Cerro,6.3815,-74.9929,1330,Non- forest,0,0,No_rain
10930,G34_20180620_031200,G34,2018/06/20,03:12:00,G34_20180620_031200.wav,Alejandria,El Cerro,6.3815,-74.9929,1330,Non- forest,0,0,No_rain
10931,G34_20180620_032800,G34,2018/06/20,03:28:00,G34_20180620_032800.wav,Alejandria,El Cerro,6.3815,-74.9929,1330,Non- forest,0,0,No_rain
10932,G34_20180620_034400,G34,2018/06/20,03:44:00,G34_20180620_034400.wav,Alejandria,El Cerro,6.3815,-74.9929,1330,Non- forest,0,0,No_rain
10933,G34_20180620_040000,G34,2018/06/20,04:00:00,G34_20180620_040000.wav,Alejandria,El Cerro,6.3815,-74.9929,1330,Non- forest,0,0,No_rain
10934,G34_20180620_041600,G34,2018/06/20,04:16:00,G34_20180620_041600.wav,Alejandria,El Cerro,6.3815,-74.9929,1330,Non- forest,0,0,No_rain
10935,G34_20180620_043200,G34,2018/06/20,04:32:00,G34_20180620_043200.wav,Alejandria,El Cerro,6.3815,-74.9929,1330,Non- forest,0,0,No_rain
10936,G34_20180620_044800,G34,2018/06/20,04:48:00,G34_20180620_044800.wav,Alejandria,El Cerro,6.3815,-74.9929,1330,Non- forest,0,0,No_rain
10937,G34_20180620_080000,G34,2018/06/20,08:00:00,G34_20180620_080000.wav,Alejandria,El Cerro,6.3815,-74.9929,1330,Non- forest,0,0,No_rain
10938,G34_20180620_081600,G34,2018/06/20,08:16:00,G34_20180620_081600.wav,Alejandria,El Cerro,6.3815,-74.9929,1330,Non- forest,0,0,No_rain
10939,G34_20180620_083200,G34,2018/06/20,08:32:00,G34_20180620_083200.wav,Alejandria,El Cerro,6.3815,-74.9929,1330,Non- forest,0,0,No_rain
10940,G34_20180620_084800,G34,2018/06/20,08:48:00,G34_20180620_084800.wav,Alejandria,El Cerro,6.3815,-74.9929,1330,Non- forest,0,0,No_rain
10941,G34_20180620_090400,G34,2018/06/20,09:04:00,G34_20180620_090400.wav,Alejandria,El Cerro,6.3815,-74.9929,1330,Non- forest,0,0,No_rain
10942,G34_20180620_092000,G34,2018/06/20,09:20:00,G34_20180620_092000.wav,Alejandria,El Cerro,6.3815,-74.9929,1330,Non- forest,0,0,No_rain
10943,G34_20180620_093600,G34,2018/06/20,09:36:00,G34_20180620_093600.wav,Alejandria,El Cerro,6.3815,-74.9929,1330,Non- forest,0,0,No_rain
10944,G34_20180620_095200,G34,2018/06/20,09:52:00,G34_20180620_095200.wav,Alejandria,El Cerro,6.3815,-74.9929,1330,Non- forest,0,0,No_rain
10945,G34_20180620_100800,G34,2018/06/20,10:08:00,G34_20180620_100800.wav,Alejandria,El Cerro,6.3815,-74.9929,1330,Non- forest,0,0,No_rain
10946,G34_20180620_102400,G34,2018/06/20,10:24:00,G34_20180620_102400.wav,Alejandria,El Cerro,6.3815,-74.9929,1330,Non- forest,0,0,No_rain
10947,G34_20180620_104000,G34,2018/06/20,10:40:00,G34_20180620_104000.wav,Alejandria,El Cerro,6.3815,-74.9929,1330,Non- forest,0,0,No_rain
10948,G34_20180620_105600,G34,2018/06/20,10:56:00,G34_20180620_105600.wav,Alejandria,El Cerro,6.3815,-74.9929,1330,Non- forest,0,0,No_rain
10949,G34_20180620_111200,G34,2018/06/20,11:12:00,G34_20180620_111200.wav,Alejandria,El Cerro,6.3815,-74.9929,1330,Non- forest,0,0,No_rain
10950,G34_20180620_112800,G34,2018/06/20,11:28:00,G34_20180620_112800.wav,Alejandria,El Cerro,6.3815,-74.9929,1330,Non- forest,0,0,No_rain
10951,G34_20180620_114400,G34,2018/06/20,11:44:00,G34_20180620_114400.wav,Alejandria,El Cerro,6.3815,-74.9929,1330,Non- forest,0,0,No_rain
10952,G34_20180620_120000,G34,2018/06/20,12:00:00,G34_20180620_120000.wav,Alejandria,El Cerro,6.3815,-74.9929,1330,Non- forest,0,0,No_rain
10953,G34_20180620_121600,G34,2018/06/20,12:16:00,G34_20180620_121600.wav,Alejandria,El Cerro,6.3815,-74.9929,1330,Non- forest,0,0,No_rain
10954,G34_20180620_123200,G34,2018/06/20,12:32:00,G34_20180620_123200.wav,Alejandria,El Cerro,6.3815,-74.9929,1330,Non- forest,0,0,No_rain
10955,G34_20180620_124800,G34,2018/06/20,12:48:00,G34_20180620_124800.wav,Alejandria,El Cerro,6.3815,-74.9929,1330,Non- forest,0,0,No_rain
10956,G34_20180620_130400,G34,2018/06/20,13:04:00,G34_20180620_130400.wav,Alejandria,El Cerro,6.3815,-74.9929,1330,Non- forest,0,0,No_rain
10957,G34_20180620_132000,G34,2018/06/20,13:20:00,G34_20180620_132000.wav,Alejandria,El Cerro,6.3815,-74.9929,1330,Non- forest,0,0,No_rain
10958,G34_20180620_133600,G34,2018/06/20,13:36:00,G34_20180620_133600.wav,Alejandria,El Cerro,6.3815,-74.9929,1330,Non- forest,0,0,No_rain
10959,G34_20180620_135200,G34,2018/06/20,13:52:00,G34_20180620_135200.wav,Alejandria,El Cerro,6.3815,-74.9929,1330,Non- forest,0,0,No_rain
10960,G34_20180620_140800,G34,2018/06/20,14:08:00,G34_20180620_140800.wav,Alejandria,El Cerro,6.3815,-74.9929,1330,Non- forest,0,0,No_rain
10961,G34_20180620_142400,G34,2018/06/20,14:24:00,G34_20180620_142400.wav,Alejandria,El Cerro,6.3815,-74.9929,1330,Non- forest,0,0,No_rain
10962,G34_20180620_144000,G34,2018/06/20,14:40:00,G34_20180620_144000.wav,Alejandria,El Cerro,6.3815,-74.9929,1330,Non- forest,0,0,No_rain
10963,G34_20180620_145600,G34,2018/06/20,14:56:00,G34_20180620_145600.wav,Alejandria,El Cerro,6.3815,-74.9929,1330,Non- forest,0,0,No_rain
10964,G34_20180620_151200,G34,2018/06/20,15:12:00,G34_20180620_151200.wav,Alejandria,El Cerro,6.3815,-74.9929,1330,Non- forest,0,0,No_rain
10965,G34_20180620_152800,G34,2018/06/20,15:28:00,G34_20180620_152800.wav,Alejandria,El Cerro,6.3815,-74.9929,1330,Non- forest,0,0,No_rain
10966,G34_20180620_154400,G34,2018/06/20,15:44:00,G34_20180620_154400.wav,Alejandria,El Cerro,6.3815,-74.9929,1330,Non- forest,0,0,No_rain
10967,G34_20180620_160000,G34,2018/06/20,16:00:00,G34_20180620_160000.wav,Alejandria,El Cerro,6.3815,-74.9929,1330,Non- forest,0,0,No_rain
10968,G34_20180620_161600,G34,2018/06/20,16:16:00,G34_20180620_161600.wav,Alejandria,El Cerro,6.3815,-74.9929,1330,Non- forest,0,0,No_rain
10969,G34_20180620_163200,G34,2018/06/20,16:32:00,G34_20180620_163200.wav,Alejandria,El Cerro,6.3815,-74.9929,1330,Non- forest,0,0,No_rain
10970,G34_20180620_164800,G34,2018/06/20,16:48:00,G34_20180620_164800.wav,Alejandria,El Cerro,6.3815,-74.9929,1330,Non- forest,0,0,No_rain
10971,G34_20180620_200000,G34,2018/06/20,20:00:00,G34_20180620_200000.wav,Alejandria,El Cerro,6.3815,-74.9929,1330,Non- forest,0,0,No_rain
10972,G34_20180620_201600,G34,2018/06/20,20:16:00,G34_20180620_201600.wav,Alejandria,El Cerro,6.3815,-74.9929,1330,Non- forest,0,0,No_rain
10973,G34_20180620_203200,G34,2018/06/20,20:32:00,G34_20180620_203200.wav,Alejandria,El Cerro,6.3815,-74.9929,1330,Non- forest,0,0,No_rain
10974,G34_20180620_204800,G34,2018/06/20,20:48:00,G34_20180620_204800.wav,Alejandria,El Cerro,6.3815,-74.9929,1330,Non- forest,0,0,No_rain
10975,G34_20180620_210400,G34,2018/06/20,21:04:00,G34_20180620_210400.wav,Alejandria,El Cerro,6.3815,-74.9929,1330,Non- forest,0,0,No_rain
10976,G34_20180620_212000,G34,2018/06/20,21:20:00,G34_20180620_212000.wav,Alejandria,El Cerro,6.3815,-74.9929,1330,Non- forest,0,0,No_rain
10977,G34_20180620_213600,G34,2018/06/20,21:36:00,G34_20180620_213600.wav,Alejandria,El Cerro,6.3815,-74.9929,1330,Non- forest,0,0,No_rain
10978,G34_20180620_215200,G34,2018/06/20,21:52:00,G34_20180620_215200.wav,Alejandria,El Cerro,6.3815,-74.9929,1330,Non- forest,0,0,No_rain
10979,G34_20180620_220800,G34,2018/06/20,22:08:00,G34_20180620_220800.wav,Alejandria,El Cerro,6.3815,-74.9929,1330,Non- forest,0,0,No_rain
10980,G34_20180620_222400,G34,2018/06/20,22:24:00,G34_20180620_222400.wav,Alejandria,El Cerro,6.3815,-74.9929,1330,Non- forest,0,0,No_rain
10981,G34_20180620_224000,G34,2018/06/20,22:40:00,G34_20180620_224000.wav,Alejandria,El Cerro,6.3815,-74.9929,1330,Non- forest,0,0,No_rain
10982,G34_20180620_225600,G34,2018/06/20,22:56:00,G34_20180620_225600.wav,Alejandria,El Cerro,6.3815,-74.9929,1330,Non- forest,0,0,No_rain
10983,G34_20180620_231200,G34,2018/06/20,23:12:00,G34_20180620_231200.wav,Alejandria,El Cerro,6.3815,-74.9929,1330,Non- forest,0,0,No_rain
10984,G34_20180620_232800,G34,2018/06/20,23:28:00,G34_20180620_232800.wav,Alejandria,El Cerro,6.3815,-74.9929,1330,Non- forest,0,0,No_rain
10985,G34_20180620_234400,G34,2018/06/20,23:44:00,G34_20180620_234400.wav,Alejandria,El Cerro,6.3815,-74.9929,1330,Non- forest,0,0,No_rain
10986,G34_20180621_000000,G34,2018/06/21,00:00:00,G34_20180621_000000.wav,Alejandria,El Cerro,6.3815,-74.9929,1330,Non- forest,0,0,No_rain
10987,G34_20180621_001600,G34,2018/06/21,00:16:00,G34_20180621_001600.wav,Alejandria,El Cerro,6.3815,-74.9929,1330,Non- forest,0,0,No_rain
10988,G34_20180621_003200,G34,2018/06/21,00:32:00,G34_20180621_003200.wav,Alejandria,El Cerro,6.3815,-74.9929,1330,Non- forest,1,1,Light
10989,G34_20180621_004800,G34,2018/06/21,00:48:00,G34_20180621_004800.wav,Alejandria,El Cerro,6.3815,-74.9929,1330,Non- forest,1,1,Light
10990,G34_20180621_010400,G34,2018/06/21,01:04:00,G34_20180621_010400.wav,Alejandria,El Cerro,6.3815,-74.9929,1330,Non- forest,1,1,Light
10991,G34_20180621_012000,G34,2018/06/21,01:20:00,G34_20180621_012000.wav,Alejandria,El Cerro,6.3815,-74.9929,1330,Non- forest,0,0,No_rain
10992,G34_20180621_013600,G34,2018/06/21,01:36:00,G34_20180621_013600.wav,Alejandria,El Cerro,6.3815,-74.9929,1330,Non- forest,0,0,No_rain
10993,G34_20180621_015200,G34,2018/06/21,01:52:00,G34_20180621_015200.wav,Alejandria,El Cerro,6.3815,-74.9929,1330,Non- forest,0,0,No_rain
10994,G34_20180621_020800,G34,2018/06/21,02:08:00,G34_20180621_020800.wav,Alejandria,El Cerro,6.3815,-74.9929,1330,Non- forest,0,0,No_rain
10995,G34_20180621_022400,G34,2018/06/21,02:24:00,G34_20180621_022400.wav,Alejandria,El Cerro,6.3815,-74.9929,1330,Non- forest,0,0,No_rain
10996,G34_20180621_024000,G34,2018/06/21,02:40:00,G34_20180621_024000.wav,Alejandria,El Cerro,6.3815,-74.9929,1330,Non- forest,0,0,No_rain
10997,G34_20180621_025600,G34,2018/06/21,02:56:00,G34_20180621_025600.wav,Alejandria,El Cerro,6.3815,-74.9929,1330,Non- forest,0,0,No_rain
10998,G34_20180621_031200,G34,2018/06/21,03:12:00,G34_20180621_031200.wav,Alejandria,El Cerro,6.3815,-74.9929,1330,Non- forest,0,0,No_rain
10999,G34_20180621_032800,G34,2018/06/21,03:28:00,G34_20180621_032800.wav,Alejandria,El Cerro,6.3815,-74.9929,1330,Non- forest,0,0,No_rain
11000,G34_20180621_034400,G34,2018/06/21,03:44:00,G34_20180621_034400.wav,Alejandria,El Cerro,6.3815,-74.9929,1330,Non- forest,0,0,No_rain
11001,G34_20180621_040000,G34,2018/06/21,04:00:00,G34_20180621_040000.wav,Alejandria,El Cerro,6.3815,-74.9929,1330,Non- forest,0,0,No_rain
11002,G34_20180621_041600,G34,2018/06/21,04:16:00,G34_20180621_041600.wav,Alejandria,El Cerro,6.3815,-74.9929,1330,Non- forest,0,0,No_rain
11003,G34_20180621_043200,G34,2018/06/21,04:32:00,G34_20180621_043200.wav,Alejandria,El Cerro,6.3815,-74.9929,1330,Non- forest,0,0,No_rain
11004,G34_20180621_044800,G34,2018/06/21,04:48:00,G34_20180621_044800.wav,Alejandria,El Cerro,6.3815,-74.9929,1330,Non- forest,0,0,No_rain
11005,G34_20180621_080000,G34,2018/06/21,08:00:00,G34_20180621_080000.wav,Alejandria,El Cerro,6.3815,-74.9929,1330,Non- forest,0,0,No_rain
11006,G34_20180621_081600,G34,2018/06/21,08:16:00,G34_20180621_081600.wav,Alejandria,El Cerro,6.3815,-74.9929,1330,Non- forest,0,0,No_rain
11007,G34_20180621_083200,G34,2018/06/21,08:32:00,G34_20180621_083200.wav,Alejandria,El Cerro,6.3815,-74.9929,1330,Non- forest,0,0,No_rain
11008,G34_20180621_084800,G34,2018/06/21,08:48:00,G34_20180621_084800.wav,Alejandria,El Cerro,6.3815,-74.9929,1330,Non- forest,0,0,No_rain
11009,G34_20180621_090400,G34,2018/06/21,09:04:00,G34_20180621_090400.wav,Alejandria,El Cerro,6.3815,-74.9929,1330,Non- forest,0,0,No_rain
11010,G34_20180621_092000,G34,2018/06/21,09:20:00,G34_20180621_092000.wav,Alejandria,El Cerro,6.3815,-74.9929,1330,Non- forest,0,0,No_rain
11011,G34_20180621_093600,G34,2018/06/21,09:36:00,G34_20180621_093600.wav,Alejandria,El Cerro,6.3815,-74.9929,1330,Non- forest,0,0,No_rain
11012,G34_20180621_095200,G34,2018/06/21,09:52:00,G34_20180621_095200.wav,Alejandria,El Cerro,6.3815,-74.9929,1330,Non- forest,0,0,No_rain
11013,G34_20180621_100800,G34,2018/06/21,10:08:00,G34_20180621_100800.wav,Alejandria,El Cerro,6.3815,-74.9929,1330,Non- forest,0,0,No_rain
11014,G34_20180621_102400,G34,2018/06/21,10:24:00,G34_20180621_102400.wav,Alejandria,El Cerro,6.3815,-74.9929,1330,Non- forest,0,0,No_rain
11015,G34_20180621_104000,G34,2018/06/21,10:40:00,G34_20180621_104000.wav,Alejandria,El Cerro,6.3815,-74.9929,1330,Non- forest,0,0,No_rain
11016,G34_20180621_105600,G34,2018/06/21,10:56:00,G34_20180621_105600.wav,Alejandria,El Cerro,6.3815,-74.9929,1330,Non- forest,0,0,No_rain
11017,G34_20180621_111200,G34,2018/06/21,11:12:00,G34_20180621_111200.wav,Alejandria,El Cerro,6.3815,-74.9929,1330,Non- forest,0,0,No_rain
11018,G34_20180621_112800,G34,2018/06/21,11:28:00,G34_20180621_112800.wav,Alejandria,El Cerro,6.3815,-74.9929,1330,Non- forest,0,0,No_rain
11019,G34_20180621_114400,G34,2018/06/21,11:44:00,G34_20180621_114400.wav,Alejandria,El Cerro,6.3815,-74.9929,1330,Non- forest,0,0,No_rain
11020,G34_20180621_120000,G34,2018/06/21,12:00:00,G34_20180621_120000.wav,Alejandria,El Cerro,6.3815,-74.9929,1330,Non- forest,0,0,No_rain
11021,G34_20180621_121600,G34,2018/06/21,12:16:00,G34_20180621_121600.wav,Alejandria,El Cerro,6.3815,-74.9929,1330,Non- forest,0,0,No_rain
11022,G34_20180621_123200,G34,2018/06/21,12:32:00,G34_20180621_123200.wav,Alejandria,El Cerro,6.3815,-74.9929,1330,Non- forest,0,0,No_rain
11023,G34_20180621_124800,G34,2018/06/21,12:48:00,G34_20180621_124800.wav,Alejandria,El Cerro,6.3815,-74.9929,1330,Non- forest,0,0,No_rain
11024,G34_20180621_130400,G34,2018/06/21,13:04:00,G34_20180621_130400.wav,Alejandria,El Cerro,6.3815,-74.9929,1330,Non- forest,0,0,No_rain
11025,G34_20180621_132000,G34,2018/06/21,13:20:00,G34_20180621_132000.wav,Alejandria,El Cerro,6.3815,-74.9929,1330,Non- forest,0,0,No_rain
11026,G34_20180621_133600,G34,2018/06/21,13:36:00,G34_20180621_133600.wav,Alejandria,El Cerro,6.3815,-74.9929,1330,Non- forest,0,0,No_rain
11027,G34_20180621_135200,G34,2018/06/21,13:52:00,G34_20180621_135200.wav,Alejandria,El Cerro,6.3815,-74.9929,1330,Non- forest,0,0,No_rain
11028,G34_20180621_140800,G34,2018/06/21,14:08:00,G34_20180621_140800.wav,Alejandria,El Cerro,6.3815,-74.9929,1330,Non- forest,0,0,No_rain
11029,G34_20180621_142400,G34,2018/06/21,14:24:00,G34_20180621_142400.wav,Alejandria,El Cerro,6.3815,-74.9929,1330,Non- forest,0,0,No_rain
11030,G34_20180621_144000,G34,2018/06/21,14:40:00,G34_20180621_144000.wav,Alejandria,El Cerro,6.3815,-74.9929,1330,Non- forest,0,0,No_rain
11031,G34_20180621_145600,G34,2018/06/21,14:56:00,G34_20180621_145600.wav,Alejandria,El Cerro,6.3815,-74.9929,1330,Non- forest,0,0,No_rain
11032,G34_20180621_151200,G34,2018/06/21,15:12:00,G34_20180621_151200.wav,Alejandria,El Cerro,6.3815,-74.9929,1330,Non- forest,0,0,No_rain
11033,G34_20180621_152800,G34,2018/06/21,15:28:00,G34_20180621_152800.wav,Alejandria,El Cerro,6.3815,-74.9929,1330,Non- forest,0,0,No_rain
11034,G34_20180621_154400,G34,2018/06/21,15:44:00,G34_20180621_154400.wav,Alejandria,El Cerro,6.3815,-74.9929,1330,Non- forest,0,0,No_rain
11035,G34_20180621_160000,G34,2018/06/21,16:00:00,G34_20180621_160000.wav,Alejandria,El Cerro,6.3815,-74.9929,1330,Non- forest,0,0,No_rain
11036,G34_20180621_161600,G34,2018/06/21,16:16:00,G34_20180621_161600.wav,Alejandria,El Cerro,6.3815,-74.9929,1330,Non- forest,0,0,No_rain
11037,G34_20180621_163200,G34,2018/06/21,16:32:00,G34_20180621_163200.wav,Alejandria,El Cerro,6.3815,-74.9929,1330,Non- forest,0,0,No_rain
11038,G34_20180621_164800,G34,2018/06/21,16:48:00,G34_20180621_164800.wav,Alejandria,El Cerro,6.3815,-74.9929,1330,Non- forest,0,0,No_rain
11039,G34_20180621_200000,G34,2018/06/21,20:00:00,G34_20180621_200000.wav,Alejandria,El Cerro,6.3815,-74.9929,1330,Non- forest,0,0,No_rain
11040,G34_20180621_201600,G34,2018/06/21,20:16:00,G34_20180621_201600.wav,Alejandria,El Cerro,6.3815,-74.9929,1330,Non- forest,0,0,No_rain
11041,G34_20180621_203200,G34,2018/06/21,20:32:00,G34_20180621_203200.wav,Alejandria,El Cerro,6.3815,-74.9929,1330,Non- forest,0,0,No_rain
11042,G34_20180621_204800,G34,2018/06/21,20:48:00,G34_20180621_204800.wav,Alejandria,El Cerro,6.3815,-74.9929,1330,Non- forest,0,0,No_rain
11043,G34_20180621_210400,G34,2018/06/21,21:04:00,G34_20180621_210400.wav,Alejandria,El Cerro,6.3815,-74.9929,1330,Non- forest,0,0,No_rain
11044,G34_20180621_212000,G34,2018/06/21,21:20:00,G34_20180621_212000.wav,Alejandria,El Cerro,6.3815,-74.9929,1330,Non- forest,1,2,Moderate
11045,G34_20180621_213600,G34,2018/06/21,21:36:00,G34_20180621_213600.wav,Alejandria,El Cerro,6.3815,-74.9929,1330,Non- forest,1,2,Moderate
11046,G34_20180621_215200,G34,2018/06/21,21:52:00,G34_20180621_215200.wav,Alejandria,El Cerro,6.3815,-74.9929,1330,Non- forest,1,1,Light
11047,G34_20180621_220800,G34,2018/06/21,22:08:00,G34_20180621_220800.wav,Alejandria,El Cerro,6.3815,-74.9929,1330,Non- forest,1,1,Light
11048,G34_20180621_222400,G34,2018/06/21,22:24:00,G34_20180621_222400.wav,Alejandria,El Cerro,6.3815,-74.9929,1330,Non- forest,1,1,Light
11049,G34_20180621_224000,G34,2018/06/21,22:40:00,G34_20180621_224000.wav,Alejandria,El Cerro,6.3815,-74.9929,1330,Non- forest,0,0,No_rain
11050,G34_20180621_225600,G34,2018/06/21,22:56:00,G34_20180621_225600.wav,Alejandria,El Cerro,6.3815,-74.9929,1330,Non- forest,0,0,No_rain
11051,G34_20180621_231200,G34,2018/06/21,23:12:00,G34_20180621_231200.wav,Alejandria,El Cerro,6.3815,-74.9929,1330,Non- forest,0,0,No_rain
11052,G34_20180621_232800,G34,2018/06/21,23:28:00,G34_20180621_232800.wav,Alejandria,El Cerro,6.3815,-74.9929,1330,Non- forest,0,0,No_rain
11053,G34_20180621_234400,G34,2018/06/21,23:44:00,G34_20180621_234400.wav,Alejandria,El Cerro,6.3815,-74.9929,1330,Non- forest,0,0,No_rain
11054,G34_20180622_000000,G34,2018/06/22,00:00:00,G34_20180622_000000.wav,Alejandria,El Cerro,6.3815,-74.9929,1330,Non- forest,0,0,No_rain
11055,G34_20180622_001600,G34,2018/06/22,00:16:00,G34_20180622_001600.wav,Alejandria,El Cerro,6.3815,-74.9929,1330,Non- forest,0,0,No_rain
11056,G34_20180622_003200,G34,2018/06/22,00:32:00,G34_20180622_003200.wav,Alejandria,El Cerro,6.3815,-74.9929,1330,Non- forest,0,0,No_rain
11057,G34_20180622_004800,G34,2018/06/22,00:48:00,G34_20180622_004800.wav,Alejandria,El Cerro,6.3815,-74.9929,1330,Non- forest,0,0,No_rain
11058,G34_20180622_010400,G34,2018/06/22,01:04:00,G34_20180622_010400.wav,Alejandria,El Cerro,6.3815,-74.9929,1330,Non- forest,0,0,No_rain
11059,G34_20180622_012000,G34,2018/06/22,01:20:00,G34_20180622_012000.wav,Alejandria,El Cerro,6.3815,-74.9929,1330,Non- forest,0,0,No_rain
11060,G34_20180622_013600,G34,2018/06/22,01:36:00,G34_20180622_013600.wav,Alejandria,El Cerro,6.3815,-74.9929,1330,Non- forest,1,2,Moderate
11061,G34_20180622_015200,G34,2018/06/22,01:52:00,G34_20180622_015200.wav,Alejandria,El Cerro,6.3815,-74.9929,1330,Non- forest,1,1,Light
11062,G34_20180622_020800,G34,2018/06/22,02:08:00,G34_20180622_020800.wav,Alejandria,El Cerro,6.3815,-74.9929,1330,Non- forest,1,1,Light
11063,G34_20180622_022400,G34,2018/06/22,02:24:00,G34_20180622_022400.wav,Alejandria,El Cerro,6.3815,-74.9929,1330,Non- forest,0,0,No_rain
11064,G34_20180622_024000,G34,2018/06/22,02:40:00,G34_20180622_024000.wav,Alejandria,El Cerro,6.3815,-74.9929,1330,Non- forest,0,0,No_rain
11065,G34_20180622_025600,G34,2018/06/22,02:56:00,G34_20180622_025600.wav,Alejandria,El Cerro,6.3815,-74.9929,1330,Non- forest,1,1,Light
11066,G34_20180622_031200,G34,2018/06/22,03:12:00,G34_20180622_031200.wav,Alejandria,El Cerro,6.3815,-74.9929,1330,Non- forest,0,0,No_rain
11067,G34_20180622_032800,G34,2018/06/22,03:28:00,G34_20180622_032800.wav,Alejandria,El Cerro,6.3815,-74.9929,1330,Non- forest,0,0,No_rain
11068,G34_20180622_034400,G34,2018/06/22,03:44:00,G34_20180622_034400.wav,Alejandria,El Cerro,6.3815,-74.9929,1330,Non- forest,0,0,No_rain
11069,G34_20180622_040000,G34,2018/06/22,04:00:00,G34_20180622_040000.wav,Alejandria,El Cerro,6.3815,-74.9929,1330,Non- forest,0,0,No_rain
11070,G34_20180622_041600,G34,2018/06/22,04:16:00,G34_20180622_041600.wav,Alejandria,El Cerro,6.3815,-74.9929,1330,Non- forest,0,0,No_rain
11071,G34_20180622_043200,G34,2018/06/22,04:32:00,G34_20180622_043200.wav,Alejandria,El Cerro,6.3815,-74.9929,1330,Non- forest,0,0,No_rain
11072,G34_20180622_044800,G34,2018/06/22,04:48:00,G34_20180622_044800.wav,Alejandria,El Cerro,6.3815,-74.9929,1330,Non- forest,0,0,No_rain
11073,G34_20180622_080000,G34,2018/06/22,08:00:00,G34_20180622_080000.wav,Alejandria,El Cerro,6.3815,-74.9929,1330,Non- forest,0,0,No_rain
11074,G34_20180622_081600,G34,2018/06/22,08:16:00,G34_20180622_081600.wav,Alejandria,El Cerro,6.3815,-74.9929,1330,Non- forest,0,0,No_rain
11075,G34_20180622_083200,G34,2018/06/22,08:32:00,G34_20180622_083200.wav,Alejandria,El Cerro,6.3815,-74.9929,1330,Non- forest,0,0,No_rain
11076,G34_20180622_084800,G34,2018/06/22,08:48:00,G34_20180622_084800.wav,Alejandria,El Cerro,6.3815,-74.9929,1330,Non- forest,0,0,No_rain
11077,G34_20180622_090400,G34,2018/06/22,09:04:00,G34_20180622_090400.wav,Alejandria,El Cerro,6.3815,-74.9929,1330,Non- forest,0,0,No_rain
11078,G34_20180622_092000,G34,2018/06/22,09:20:00,G34_20180622_092000.wav,Alejandria,El Cerro,6.3815,-74.9929,1330,Non- forest,0,0,No_rain
11079,G34_20180622_093600,G34,2018/06/22,09:36:00,G34_20180622_093600.wav,Alejandria,El Cerro,6.3815,-74.9929,1330,Non- forest,0,0,No_rain
11080,G34_20180622_095200,G34,2018/06/22,09:52:00,G34_20180622_095200.wav,Alejandria,El Cerro,6.3815,-74.9929,1330,Non- forest,0,0,No_rain
11081,G34_20180622_100800,G34,2018/06/22,10:08:00,G34_20180622_100800.wav,Alejandria,El Cerro,6.3815,-74.9929,1330,Non- forest,0,0,No_rain
11082,G34_20180622_102400,G34,2018/06/22,10:24:00,G34_20180622_102400.wav,Alejandria,El Cerro,6.3815,-74.9929,1330,Non- forest,0,0,No_rain
11083,G34_20180622_104000,G34,2018/06/22,10:40:00,G34_20180622_104000.wav,Alejandria,El Cerro,6.3815,-74.9929,1330,Non- forest,0,0,No_rain
11084,G34_20180622_105600,G34,2018/06/22,10:56:00,G34_20180622_105600.wav,Alejandria,El Cerro,6.3815,-74.9929,1330,Non- forest,0,0,No_rain
11085,G34_20180622_111200,G34,2018/06/22,11:12:00,G34_20180622_111200.wav,Alejandria,El Cerro,6.3815,-74.9929,1330,Non- forest,0,0,No_rain
11086,G34_20180622_112800,G34,2018/06/22,11:28:00,G34_20180622_112800.wav,Alejandria,El Cerro,6.3815,-74.9929,1330,Non- forest,0,0,No_rain
11087,G34_20180622_114400,G34,2018/06/22,11:44:00,G34_20180622_114400.wav,Alejandria,El Cerro,6.3815,-74.9929,1330,Non- forest,0,0,No_rain
11088,G34_20180622_120000,G34,2018/06/22,12:00:00,G34_20180622_120000.wav,Alejandria,El Cerro,6.3815,-74.9929,1330,Non- forest,0,0,No_rain
11089,G34_20180622_121600,G34,2018/06/22,12:16:00,G34_20180622_121600.wav,Alejandria,El Cerro,6.3815,-74.9929,1330,Non- forest,0,0,No_rain
11090,G34_20180622_123200,G34,2018/06/22,12:32:00,G34_20180622_123200.wav,Alejandria,El Cerro,6.3815,-74.9929,1330,Non- forest,0,0,No_rain
11091,G34_20180622_124800,G34,2018/06/22,12:48:00,G34_20180622_124800.wav,Alejandria,El Cerro,6.3815,-74.9929,1330,Non- forest,0,0,No_rain
11092,G34_20180622_130400,G34,2018/06/22,13:04:00,G34_20180622_130400.wav,Alejandria,El Cerro,6.3815,-74.9929,1330,Non- forest,0,0,No_rain
11093,G34_20180622_132000,G34,2018/06/22,13:20:00,G34_20180622_132000.wav,Alejandria,El Cerro,6.3815,-74.9929,1330,Non- forest,0,0,No_rain
11094,G34_20180622_133600,G34,2018/06/22,13:36:00,G34_20180622_133600.wav,Alejandria,El Cerro,6.3815,-74.9929,1330,Non- forest,0,0,No_rain
11095,G34_20180622_135200,G34,2018/06/22,13:52:00,G34_20180622_135200.wav,Alejandria,El Cerro,6.3815,-74.9929,1330,Non- forest,0,0,No_rain
11096,G34_20180622_140800,G34,2018/06/22,14:08:00,G34_20180622_140800.wav,Alejandria,El Cerro,6.3815,-74.9929,1330,Non- forest,0,0,No_rain
11097,G34_20180622_142400,G34,2018/06/22,14:24:00,G34_20180622_142400.wav,Alejandria,El Cerro,6.3815,-74.9929,1330,Non- forest,0,0,No_rain
11098,G34_20180622_144000,G34,2018/06/22,14:40:00,G34_20180622_144000.wav,Alejandria,El Cerro,6.3815,-74.9929,1330,Non- forest,0,0,No_rain
11099,G34_20180622_145600,G34,2018/06/22,14:56:00,G34_20180622_145600.wav,Alejandria,El Cerro,6.3815,-74.9929,1330,Non- forest,0,0,No_rain
11100,G34_20180622_151200,G34,2018/06/22,15:12:00,G34_20180622_151200.wav,Alejandria,El Cerro,6.3815,-74.9929,1330,Non- forest,0,0,No_rain
11101,G34_20180622_152800,G34,2018/06/22,15:28:00,G34_20180622_152800.wav,Alejandria,El Cerro,6.3815,-74.9929,1330,Non- forest,0,0,No_rain
11102,G34_20180622_154400,G34,2018/06/22,15:44:00,G34_20180622_154400.wav,Alejandria,El Cerro,6.3815,-74.9929,1330,Non- forest,0,0,No_rain
11103,G34_20180622_160000,G34,2018/06/22,16:00:00,G34_20180622_160000.wav,Alejandria,El Cerro,6.3815,-74.9929,1330,Non- forest,0,0,No_rain
11104,G34_20180622_161600,G34,2018/06/22,16:16:00,G34_20180622_161600.wav,Alejandria,El Cerro,6.3815,-74.9929,1330,Non- forest,0,0,No_rain
11105,G34_20180622_163200,G34,2018/06/22,16:32:00,G34_20180622_163200.wav,Alejandria,El Cerro,6.3815,-74.9929,1330,Non- forest,0,0,No_rain
11106,G34_20180622_164800,G34,2018/06/22,16:48:00,G34_20180622_164800.wav,Alejandria,El Cerro,6.3815,-74.9929,1330,Non- forest,0,0,No_rain
11107,G34_20180622_200000,G34,2018/06/22,20:00:00,G34_20180622_200000.wav,Alejandria,El Cerro,6.3815,-74.9929,1330,Non- forest,0,0,No_rain
11108,G34_20180622_201600,G34,2018/06/22,20:16:00,G34_20180622_201600.wav,Alejandria,El Cerro,6.3815,-74.9929,1330,Non- forest,0,0,No_rain
11109,G34_20180622_203200,G34,2018/06/22,20:32:00,G34_20180622_203200.wav,Alejandria,El Cerro,6.3815,-74.9929,1330,Non- forest,0,0,No_rain
11110,G34_20180622_204800,G34,2018/06/22,20:48:00,G34_20180622_204800.wav,Alejandria,El Cerro,6.3815,-74.9929,1330,Non- forest,0,0,No_rain
11111,G34_20180622_210400,G34,2018/06/22,21:04:00,G34_20180622_210400.wav,Alejandria,El Cerro,6.3815,-74.9929,1330,Non- forest,0,0,No_rain
11112,G34_20180622_212000,G34,2018/06/22,21:20:00,G34_20180622_212000.wav,Alejandria,El Cerro,6.3815,-74.9929,1330,Non- forest,0,0,No_rain
11113,G34_20180622_213600,G34,2018/06/22,21:36:00,G34_20180622_213600.wav,Alejandria,El Cerro,6.3815,-74.9929,1330,Non- forest,0,0,No_rain
11114,G34_20180622_215200,G34,2018/06/22,21:52:00,G34_20180622_215200.wav,Alejandria,El Cerro,6.3815,-74.9929,1330,Non- forest,0,0,No_rain
11115,G34_20180622_220800,G34,2018/06/22,22:08:00,G34_20180622_220800.wav,Alejandria,El Cerro,6.3815,-74.9929,1330,Non- forest,0,0,No_rain
11116,G34_20180622_222400,G34,2018/06/22,22:24:00,G34_20180622_222400.wav,Alejandria,El Cerro,6.3815,-74.9929,1330,Non- forest,0,0,No_rain
11117,G34_20180622_224000,G34,2018/06/22,22:40:00,G34_20180622_224000.wav,Alejandria,El Cerro,6.3815,-74.9929,1330,Non- forest,1,2,Moderate
11118,G34_20180622_225600,G34,2018/06/22,22:56:00,G34_20180622_225600.wav,Alejandria,El Cerro,6.3815,-74.9929,1330,Non- forest,1,1,Light
11119,G34_20180622_231200,G34,2018/06/22,23:12:00,G34_20180622_231200.wav,Alejandria,El Cerro,6.3815,-74.9929,1330,Non- forest,1,1,Light
11120,G34_20180622_232800,G34,2018/06/22,23:28:00,G34_20180622_232800.wav,Alejandria,El Cerro,6.3815,-74.9929,1330,Non- forest,1,3,Heavy
11121,G34_20180622_234400,G34,2018/06/22,23:44:00,G34_20180622_234400.wav,Alejandria,El Cerro,6.3815,-74.9929,1330,Non- forest,1,2,Moderate
11122,G34_20180623_000000,G34,2018/06/23,00:00:00,G34_20180623_000000.wav,Alejandria,El Cerro,6.3815,-74.9929,1330,Non- forest,1,2,Moderate
11123,G34_20180623_001600,G34,2018/06/23,00:16:00,G34_20180623_001600.wav,Alejandria,El Cerro,6.3815,-74.9929,1330,Non- forest,1,1,Light
11124,G34_20180623_003200,G34,2018/06/23,00:32:00,G34_20180623_003200.wav,Alejandria,El Cerro,6.3815,-74.9929,1330,Non- forest,1,1,Light
11125,G34_20180623_004800,G34,2018/06/23,00:48:00,G34_20180623_004800.wav,Alejandria,El Cerro,6.3815,-74.9929,1330,Non- forest,1,1,Light
11126,G34_20180623_010400,G34,2018/06/23,01:04:00,G34_20180623_010400.wav,Alejandria,El Cerro,6.3815,-74.9929,1330,Non- forest,1,1,Light
11127,G34_20180623_012000,G34,2018/06/23,01:20:00,G34_20180623_012000.wav,Alejandria,El Cerro,6.3815,-74.9929,1330,Non- forest,1,1,Light
11128,G34_20180623_013600,G34,2018/06/23,01:36:00,G34_20180623_013600.wav,Alejandria,El Cerro,6.3815,-74.9929,1330,Non- forest,1,1,Light
11129,G34_20180623_015200,G34,2018/06/23,01:52:00,G34_20180623_015200.wav,Alejandria,El Cerro,6.3815,-74.9929,1330,Non- forest,0,0,No_rain
11130,G34_20180623_020800,G34,2018/06/23,02:08:00,G34_20180623_020800.wav,Alejandria,El Cerro,6.3815,-74.9929,1330,Non- forest,1,1,Light
11131,G34_20180623_022400,G34,2018/06/23,02:24:00,G34_20180623_022400.wav,Alejandria,El Cerro,6.3815,-74.9929,1330,Non- forest,1,1,Light
11132,G34_20180623_024000,G34,2018/06/23,02:40:00,G34_20180623_024000.wav,Alejandria,El Cerro,6.3815,-74.9929,1330,Non- forest,1,1,Light
11133,G34_20180623_025600,G34,2018/06/23,02:56:00,G34_20180623_025600.wav,Alejandria,El Cerro,6.3815,-74.9929,1330,Non- forest,0,0,No_rain
11134,G34_20180623_031200,G34,2018/06/23,03:12:00,G34_20180623_031200.wav,Alejandria,El Cerro,6.3815,-74.9929,1330,Non- forest,0,0,No_rain
11135,G34_20180623_032800,G34,2018/06/23,03:28:00,G34_20180623_032800.wav,Alejandria,El Cerro,6.3815,-74.9929,1330,Non- forest,0,0,No_rain
11136,G34_20180623_034400,G34,2018/06/23,03:44:00,G34_20180623_034400.wav,Alejandria,El Cerro,6.3815,-74.9929,1330,Non- forest,0,0,No_rain
11137,G34_20180623_040000,G34,2018/06/23,04:00:00,G34_20180623_040000.wav,Alejandria,El Cerro,6.3815,-74.9929,1330,Non- forest,0,0,No_rain
11138,G34_20180623_041600,G34,2018/06/23,04:16:00,G34_20180623_041600.wav,Alejandria,El Cerro,6.3815,-74.9929,1330,Non- forest,0,0,No_rain
11139,G34_20180623_043200,G34,2018/06/23,04:32:00,G34_20180623_043200.wav,Alejandria,El Cerro,6.3815,-74.9929,1330,Non- forest,0,0,No_rain
11140,G34_20180623_044800,G34,2018/06/23,04:48:00,G34_20180623_044800.wav,Alejandria,El Cerro,6.3815,-74.9929,1330,Non- forest,0,0,No_rain
11141,G34_20180623_080000,G34,2018/06/23,08:00:00,G34_20180623_080000.wav,Alejandria,El Cerro,6.3815,-74.9929,1330,Non- forest,0,0,No_rain
11142,G34_20180623_081600,G34,2018/06/23,08:16:00,G34_20180623_081600.wav,Alejandria,El Cerro,6.3815,-74.9929,1330,Non- forest,0,0,No_rain
11143,G34_20180623_083200,G34,2018/06/23,08:32:00,G34_20180623_083200.wav,Alejandria,El Cerro,6.3815,-74.9929,1330,Non- forest,0,0,No_rain
11144,G34_20180623_084800,G34,2018/06/23,08:48:00,G34_20180623_084800.wav,Alejandria,El Cerro,6.3815,-74.9929,1330,Non- forest,0,0,No_rain
11145,G34_20180623_090400,G34,2018/06/23,09:04:00,G34_20180623_090400.wav,Alejandria,El Cerro,6.3815,-74.9929,1330,Non- forest,0,0,No_rain
11146,G34_20180623_092000,G34,2018/06/23,09:20:00,G34_20180623_092000.wav,Alejandria,El Cerro,6.3815,-74.9929,1330,Non- forest,0,0,No_rain
11147,G34_20180623_093600,G34,2018/06/23,09:36:00,G34_20180623_093600.wav,Alejandria,El Cerro,6.3815,-74.9929,1330,Non- forest,0,0,No_rain
11148,G34_20180623_095200,G34,2018/06/23,09:52:00,G34_20180623_095200.wav,Alejandria,El Cerro,6.3815,-74.9929,1330,Non- forest,0,0,No_rain
11149,G34_20180623_100800,G34,2018/06/23,10:08:00,G34_20180623_100800.wav,Alejandria,El Cerro,6.3815,-74.9929,1330,Non- forest,0,0,No_rain
11150,G34_20180623_102400,G34,2018/06/23,10:24:00,G34_20180623_102400.wav,Alejandria,El Cerro,6.3815,-74.9929,1330,Non- forest,0,0,No_rain
11151,G34_20180623_104000,G34,2018/06/23,10:40:00,G34_20180623_104000.wav,Alejandria,El Cerro,6.3815,-74.9929,1330,Non- forest,0,0,No_rain
11152,G34_20180623_105600,G34,2018/06/23,10:56:00,G34_20180623_105600.wav,Alejandria,El Cerro,6.3815,-74.9929,1330,Non- forest,0,0,No_rain
11153,G34_20180623_111200,G34,2018/06/23,11:12:00,G34_20180623_111200.wav,Alejandria,El Cerro,6.3815,-74.9929,1330,Non- forest,0,0,No_rain
11154,G34_20180623_112800,G34,2018/06/23,11:28:00,G34_20180623_112800.wav,Alejandria,El Cerro,6.3815,-74.9929,1330,Non- forest,0,0,No_rain
11155,G34_20180623_114400,G34,2018/06/23,11:44:00,G34_20180623_114400.wav,Alejandria,El Cerro,6.3815,-74.9929,1330,Non- forest,0,0,No_rain
11156,G34_20180623_120000,G34,2018/06/23,12:00:00,G34_20180623_120000.wav,Alejandria,El Cerro,6.3815,-74.9929,1330,Non- forest,0,0,No_rain
11157,G34_20180623_121600,G34,2018/06/23,12:16:00,G34_20180623_121600.wav,Alejandria,El Cerro,6.3815,-74.9929,1330,Non- forest,0,0,No_rain
11158,G34_20180623_123200,G34,2018/06/23,12:32:00,G34_20180623_123200.wav,Alejandria,El Cerro,6.3815,-74.9929,1330,Non- forest,0,0,No_rain
11159,G34_20180623_124800,G34,2018/06/23,12:48:00,G34_20180623_124800.wav,Alejandria,El Cerro,6.3815,-74.9929,1330,Non- forest,0,0,No_rain
11160,G34_20180623_130400,G34,2018/06/23,13:04:00,G34_20180623_130400.wav,Alejandria,El Cerro,6.3815,-74.9929,1330,Non- forest,0,0,No_rain
11161,G34_20180623_132000,G34,2018/06/23,13:20:00,G34_20180623_132000.wav,Alejandria,El Cerro,6.3815,-74.9929,1330,Non- forest,0,0,No_rain
11162,G34_20180623_133600,G34,2018/06/23,13:36:00,G34_20180623_133600.wav,Alejandria,El Cerro,6.3815,-74.9929,1330,Non- forest,0,0,No_rain
11163,G34_20180623_135200,G34,2018/06/23,13:52:00,G34_20180623_135200.wav,Alejandria,El Cerro,6.3815,-74.9929,1330,Non- forest,0,0,No_rain
11164,G34_20180623_140800,G34,2018/06/23,14:08:00,G34_20180623_140800.wav,Alejandria,El Cerro,6.3815,-74.9929,1330,Non- forest,0,0,No_rain
11165,G34_20180623_142400,G34,2018/06/23,14:24:00,G34_20180623_142400.wav,Alejandria,El Cerro,6.3815,-74.9929,1330,Non- forest,0,0,No_rain
11166,G34_20180623_144000,G34,2018/06/23,14:40:00,G34_20180623_144000.wav,Alejandria,El Cerro,6.3815,-74.9929,1330,Non- forest,0,0,No_rain
11167,G34_20180623_145600,G34,2018/06/23,14:56:00,G34_20180623_145600.wav,Alejandria,El Cerro,6.3815,-74.9929,1330,Non- forest,0,0,No_rain
11168,G34_20180623_151200,G34,2018/06/23,15:12:00,G34_20180623_151200.wav,Alejandria,El Cerro,6.3815,-74.9929,1330,Non- forest,0,0,No_rain
11169,G34_20180623_152800,G34,2018/06/23,15:28:00,G34_20180623_152800.wav,Alejandria,El Cerro,6.3815,-74.9929,1330,Non- forest,0,0,No_rain
11170,G34_20180623_154400,G34,2018/06/23,15:44:00,G34_20180623_154400.wav,Alejandria,El Cerro,6.3815,-74.9929,1330,Non- forest,0,0,No_rain
11171,G34_20180623_160000,G34,2018/06/23,16:00:00,G34_20180623_160000.wav,Alejandria,El Cerro,6.3815,-74.9929,1330,Non- forest,0,0,No_rain
11172,G34_20180623_161600,G34,2018/06/23,16:16:00,G34_20180623_161600.wav,Alejandria,El Cerro,6.3815,-74.9929,1330,Non- forest,0,0,No_rain
11173,G34_20180623_163200,G34,2018/06/23,16:32:00,G34_20180623_163200.wav,Alejandria,El Cerro,6.3815,-74.9929,1330,Non- forest,0,0,No_rain
11174,G34_20180623_164800,G34,2018/06/23,16:48:00,G34_20180623_164800.wav,Alejandria,El Cerro,6.3815,-74.9929,1330,Non- forest,0,0,No_rain
11175,G34_20180623_200000,G34,2018/06/23,20:00:00,G34_20180623_200000.wav,Alejandria,El Cerro,6.3815,-74.9929,1330,Non- forest,0,0,No_rain
11176,G34_20180623_201600,G34,2018/06/23,20:16:00,G34_20180623_201600.wav,Alejandria,El Cerro,6.3815,-74.9929,1330,Non- forest,0,0,No_rain
11177,G34_20180623_203200,G34,2018/06/23,20:32:00,G34_20180623_203200.wav,Alejandria,El Cerro,6.3815,-74.9929,1330,Non- forest,0,0,No_rain
11178,G34_20180623_204800,G34,2018/06/23,20:48:00,G34_20180623_204800.wav,Alejandria,El Cerro,6.3815,-74.9929,1330,Non- forest,0,0,No_rain
11179,G34_20180623_210400,G34,2018/06/23,21:04:00,G34_20180623_210400.wav,Alejandria,El Cerro,6.3815,-74.9929,1330,Non- forest,0,0,No_rain
11180,G34_20180623_212000,G34,2018/06/23,21:20:00,G34_20180623_212000.wav,Alejandria,El Cerro,6.3815,-74.9929,1330,Non- forest,0,0,No_rain
11181,G34_20180623_213600,G34,2018/06/23,21:36:00,G34_20180623_213600.wav,Alejandria,El Cerro,6.3815,-74.9929,1330,Non- forest,0,0,No_rain
11182,G34_20180623_215200,G34,2018/06/23,21:52:00,G34_20180623_215200.wav,Alejandria,El Cerro,6.3815,-74.9929,1330,Non- forest,0,0,No_rain
11183,G34_20180623_220800,G34,2018/06/23,22:08:00,G34_20180623_220800.wav,Alejandria,El Cerro,6.3815,-74.9929,1330,Non- forest,0,0,No_rain
11184,G34_20180623_222400,G34,2018/06/23,22:24:00,G34_20180623_222400.wav,Alejandria,El Cerro,6.3815,-74.9929,1330,Non- forest,0,0,No_rain
11185,G34_20180623_224000,G34,2018/06/23,22:40:00,G34_20180623_224000.wav,Alejandria,El Cerro,6.3815,-74.9929,1330,Non- forest,0,0,No_rain
11186,G34_20180623_225600,G34,2018/06/23,22:56:00,G34_20180623_225600.wav,Alejandria,El Cerro,6.3815,-74.9929,1330,Non- forest,0,0,No_rain
11187,G34_20180623_231200,G34,2018/06/23,23:12:00,G34_20180623_231200.wav,Alejandria,El Cerro,6.3815,-74.9929,1330,Non- forest,1,2,Moderate
11188,G34_20180623_232800,G34,2018/06/23,23:28:00,G34_20180623_232800.wav,Alejandria,El Cerro,6.3815,-74.9929,1330,Non- forest,1,1,Light
11189,G34_20180623_234400,G34,2018/06/23,23:44:00,G34_20180623_234400.wav,Alejandria,El Cerro,6.3815,-74.9929,1330,Non- forest,1,2,Moderate
11190,G34_20180624_000000,G34,2018/06/24,00:00:00,G34_20180624_000000.wav,Alejandria,El Cerro,6.3815,-74.9929,1330,Non- forest,1,1,Light
11191,G34_20180624_001600,G34,2018/06/24,00:16:00,G34_20180624_001600.wav,Alejandria,El Cerro,6.3815,-74.9929,1330,Non- forest,1,1,Light
11192,G34_20180624_003200,G34,2018/06/24,00:32:00,G34_20180624_003200.wav,Alejandria,El Cerro,6.3815,-74.9929,1330,Non- forest,1,2,Moderate
11193,G34_20180624_004800,G34,2018/06/24,00:48:00,G34_20180624_004800.wav,Alejandria,El Cerro,6.3815,-74.9929,1330,Non- forest,1,2,Moderate
11194,G34_20180624_010400,G34,2018/06/24,01:04:00,G34_20180624_010400.wav,Alejandria,El Cerro,6.3815,-74.9929,1330,Non- forest,1,3,Heavy
11195,G34_20180624_012000,G34,2018/06/24,01:20:00,G34_20180624_012000.wav,Alejandria,El Cerro,6.3815,-74.9929,1330,Non- forest,1,1,Light
11196,G34_20180624_013600,G34,2018/06/24,01:36:00,G34_20180624_013600.wav,Alejandria,El Cerro,6.3815,-74.9929,1330,Non- forest,1,1,Light
11197,G34_20180624_015200,G34,2018/06/24,01:52:00,G34_20180624_015200.wav,Alejandria,El Cerro,6.3815,-74.9929,1330,Non- forest,1,1,Light
11198,G34_20180624_020800,G34,2018/06/24,02:08:00,G34_20180624_020800.wav,Alejandria,El Cerro,6.3815,-74.9929,1330,Non- forest,1,1,Light
11199,G34_20180624_022400,G34,2018/06/24,02:24:00,G34_20180624_022400.wav,Alejandria,El Cerro,6.3815,-74.9929,1330,Non- forest,1,1,Light
11200,G34_20180624_024000,G34,2018/06/24,02:40:00,G34_20180624_024000.wav,Alejandria,El Cerro,6.3815,-74.9929,1330,Non- forest,1,1,Light
11201,G34_20180624_025600,G34,2018/06/24,02:56:00,G34_20180624_025600.wav,Alejandria,El Cerro,6.3815,-74.9929,1330,Non- forest,1,1,Light
11202,G34_20180624_031200,G34,2018/06/24,03:12:00,G34_20180624_031200.wav,Alejandria,El Cerro,6.3815,-74.9929,1330,Non- forest,1,1,Light
11203,G34_20180624_032800,G34,2018/06/24,03:28:00,G34_20180624_032800.wav,Alejandria,El Cerro,6.3815,-74.9929,1330,Non- forest,1,1,Light
11204,G34_20180624_034400,G34,2018/06/24,03:44:00,G34_20180624_034400.wav,Alejandria,El Cerro,6.3815,-74.9929,1330,Non- forest,1,1,Light
11205,G34_20180624_040000,G34,2018/06/24,04:00:00,G34_20180624_040000.wav,Alejandria,El Cerro,6.3815,-74.9929,1330,Non- forest,0,0,No_rain
11206,G34_20180624_041600,G34,2018/06/24,04:16:00,G34_20180624_041600.wav,Alejandria,El Cerro,6.3815,-74.9929,1330,Non- forest,0,0,No_rain
11207,G34_20180624_043200,G34,2018/06/24,04:32:00,G34_20180624_043200.wav,Alejandria,El Cerro,6.3815,-74.9929,1330,Non- forest,0,0,No_rain
11208,G34_20180624_044800,G34,2018/06/24,04:48:00,G34_20180624_044800.wav,Alejandria,El Cerro,6.3815,-74.9929,1330,Non- forest,0,0,No_rain
11209,G34_20180624_080000,G34,2018/06/24,08:00:00,G34_20180624_080000.wav,Alejandria,El Cerro,6.3815,-74.9929,1330,Non- forest,0,0,No_rain
11210,G34_20180624_081600,G34,2018/06/24,08:16:00,G34_20180624_081600.wav,Alejandria,El Cerro,6.3815,-74.9929,1330,Non- forest,0,0,No_rain
11211,G34_20180624_083200,G34,2018/06/24,08:32:00,G34_20180624_083200.wav,Alejandria,El Cerro,6.3815,-74.9929,1330,Non- forest,0,0,No_rain
11212,G34_20180624_084800,G34,2018/06/24,08:48:00,G34_20180624_084800.wav,Alejandria,El Cerro,6.3815,-74.9929,1330,Non- forest,0,0,No_rain
11213,G34_20180624_090400,G34,2018/06/24,09:04:00,G34_20180624_090400.wav,Alejandria,El Cerro,6.3815,-74.9929,1330,Non- forest,0,0,No_rain
11214,G34_20180624_092000,G34,2018/06/24,09:20:00,G34_20180624_092000.wav,Alejandria,El Cerro,6.3815,-74.9929,1330,Non- forest,0,0,No_rain
11215,G34_20180624_093600,G34,2018/06/24,09:36:00,G34_20180624_093600.wav,Alejandria,El Cerro,6.3815,-74.9929,1330,Non- forest,0,0,No_rain
11216,G34_20180624_095200,G34,2018/06/24,09:52:00,G34_20180624_095200.wav,Alejandria,El Cerro,6.3815,-74.9929,1330,Non- forest,0,0,No_rain
11217,G34_20180624_100800,G34,2018/06/24,10:08:00,G34_20180624_100800.wav,Alejandria,El Cerro,6.3815,-74.9929,1330,Non- forest,0,0,No_rain
11218,G34_20180624_102400,G34,2018/06/24,10:24:00,G34_20180624_102400.wav,Alejandria,El Cerro,6.3815,-74.9929,1330,Non- forest,0,0,No_rain
11219,G34_20180624_104000,G34,2018/06/24,10:40:00,G34_20180624_104000.wav,Alejandria,El Cerro,6.3815,-74.9929,1330,Non- forest,0,0,No_rain
11220,G34_20180624_105600,G34,2018/06/24,10:56:00,G34_20180624_105600.wav,Alejandria,El Cerro,6.3815,-74.9929,1330,Non- forest,0,0,No_rain
11221,G34_20180624_111200,G34,2018/06/24,11:12:00,G34_20180624_111200.wav,Alejandria,El Cerro,6.3815,-74.9929,1330,Non- forest,0,0,No_rain
11222,G34_20180624_112800,G34,2018/06/24,11:28:00,G34_20180624_112800.wav,Alejandria,El Cerro,6.3815,-74.9929,1330,Non- forest,0,0,No_rain
11223,G34_20180624_114400,G34,2018/06/24,11:44:00,G34_20180624_114400.wav,Alejandria,El Cerro,6.3815,-74.9929,1330,Non- forest,0,0,No_rain
11224,G34_20180624_120000,G34,2018/06/24,12:00:00,G34_20180624_120000.wav,Alejandria,El Cerro,6.3815,-74.9929,1330,Non- forest,0,0,No_rain
11225,G34_20180624_121600,G34,2018/06/24,12:16:00,G34_20180624_121600.wav,Alejandria,El Cerro,6.3815,-74.9929,1330,Non- forest,0,0,No_rain
11226,G34_20180624_123200,G34,2018/06/24,12:32:00,G34_20180624_123200.wav,Alejandria,El Cerro,6.3815,-74.9929,1330,Non- forest,0,0,No_rain
11227,G34_20180624_124800,G34,2018/06/24,12:48:00,G34_20180624_124800.wav,Alejandria,El Cerro,6.3815,-74.9929,1330,Non- forest,0,0,No_rain
11228,G34_20180624_130400,G34,2018/06/24,13:04:00,G34_20180624_130400.wav,Alejandria,El Cerro,6.3815,-74.9929,1330,Non- forest,0,0,No_rain
11229,G34_20180624_132000,G34,2018/06/24,13:20:00,G34_20180624_132000.wav,Alejandria,El Cerro,6.3815,-74.9929,1330,Non- forest,0,0,No_rain
11230,G34_20180624_133600,G34,2018/06/24,13:36:00,G34_20180624_133600.wav,Alejandria,El Cerro,6.3815,-74.9929,1330,Non- forest,0,0,No_rain
11231,G34_20180624_135200,G34,2018/06/24,13:52:00,G34_20180624_135200.wav,Alejandria,El Cerro,6.3815,-74.9929,1330,Non- forest,0,0,No_rain
11232,G34_20180624_140800,G34,2018/06/24,14:08:00,G34_20180624_140800.wav,Alejandria,El Cerro,6.3815,-74.9929,1330,Non- forest,0,0,No_rain
11233,G34_20180624_142400,G34,2018/06/24,14:24:00,G34_20180624_142400.wav,Alejandria,El Cerro,6.3815,-74.9929,1330,Non- forest,0,0,No_rain
11234,G34_20180624_144000,G34,2018/06/24,14:40:00,G34_20180624_144000.wav,Alejandria,El Cerro,6.3815,-74.9929,1330,Non- forest,0,0,No_rain
11235,G34_20180624_145600,G34,2018/06/24,14:56:00,G34_20180624_145600.wav,Alejandria,El Cerro,6.3815,-74.9929,1330,Non- forest,0,0,No_rain
11236,G34_20180624_151200,G34,2018/06/24,15:12:00,G34_20180624_151200.wav,Alejandria,El Cerro,6.3815,-74.9929,1330,Non- forest,0,0,No_rain
11237,G34_20180624_152800,G34,2018/06/24,15:28:00,G34_20180624_152800.wav,Alejandria,El Cerro,6.3815,-74.9929,1330,Non- forest,0,0,No_rain
11238,G34_20180624_154400,G34,2018/06/24,15:44:00,G34_20180624_154400.wav,Alejandria,El Cerro,6.3815,-74.9929,1330,Non- forest,0,0,No_rain
11239,G34_20180624_160000,G34,2018/06/24,16:00:00,G34_20180624_160000.wav,Alejandria,El Cerro,6.3815,-74.9929,1330,Non- forest,0,0,No_rain
11240,G34_20180624_161600,G34,2018/06/24,16:16:00,G34_20180624_161600.wav,Alejandria,El Cerro,6.3815,-74.9929,1330,Non- forest,0,0,No_rain
11241,G34_20180624_163200,G34,2018/06/24,16:32:00,G34_20180624_163200.wav,Alejandria,El Cerro,6.3815,-74.9929,1330,Non- forest,0,0,No_rain
11242,G34_20180624_164800,G34,2018/06/24,16:48:00,G34_20180624_164800.wav,Alejandria,El Cerro,6.3815,-74.9929,1330,Non- forest,0,0,No_rain
11243,G34_20180624_200000,G34,2018/06/24,20:00:00,G34_20180624_200000.wav,Alejandria,El Cerro,6.3815,-74.9929,1330,Non- forest,0,0,No_rain
11244,G34_20180624_201600,G34,2018/06/24,20:16:00,G34_20180624_201600.wav,Alejandria,El Cerro,6.3815,-74.9929,1330,Non- forest,0,0,No_rain
11245,G34_20180624_203200,G34,2018/06/24,20:32:00,G34_20180624_203200.wav,Alejandria,El Cerro,6.3815,-74.9929,1330,Non- forest,0,0,No_rain
11246,G34_20180624_204800,G34,2018/06/24,20:48:00,G34_20180624_204800.wav,Alejandria,El Cerro,6.3815,-74.9929,1330,Non- forest,0,0,No_rain
11247,G34_20180624_210400,G34,2018/06/24,21:04:00,G34_20180624_210400.wav,Alejandria,El Cerro,6.3815,-74.9929,1330,Non- forest,0,0,No_rain
11248,G34_20180624_212000,G34,2018/06/24,21:20:00,G34_20180624_212000.wav,Alejandria,El Cerro,6.3815,-74.9929,1330,Non- forest,0,0,No_rain
11249,G34_20180624_213600,G34,2018/06/24,21:36:00,G34_20180624_213600.wav,Alejandria,El Cerro,6.3815,-74.9929,1330,Non- forest,0,0,No_rain
11250,G34_20180624_215200,G34,2018/06/24,21:52:00,G34_20180624_215200.wav,Alejandria,El Cerro,6.3815,-74.9929,1330,Non- forest,0,0,No_rain
11251,G34_20180624_220800,G34,2018/06/24,22:08:00,G34_20180624_220800.wav,Alejandria,El Cerro,6.3815,-74.9929,1330,Non- forest,0,0,No_rain
11252,G34_20180624_222400,G34,2018/06/24,22:24:00,G34_20180624_222400.wav,Alejandria,El Cerro,6.3815,-74.9929,1330,Non- forest,0,0,No_rain
11253,G34_20180624_224000,G34,2018/06/24,22:40:00,G34_20180624_224000.wav,Alejandria,El Cerro,6.3815,-74.9929,1330,Non- forest,0,0,No_rain
11254,G34_20180624_225600,G34,2018/06/24,22:56:00,G34_20180624_225600.wav,Alejandria,El Cerro,6.3815,-74.9929,1330,Non- forest,0,0,No_rain
11255,G34_20180624_231200,G34,2018/06/24,23:12:00,G34_20180624_231200.wav,Alejandria,El Cerro,6.3815,-74.9929,1330,Non- forest,0,0,No_rain
11256,G34_20180624_232800,G34,2018/06/24,23:28:00,G34_20180624_232800.wav,Alejandria,El Cerro,6.3815,-74.9929,1330,Non- forest,0,0,No_rain
11257,G34_20180624_234400,G34,2018/06/24,23:44:00,G34_20180624_234400.wav,Alejandria,El Cerro,6.3815,-74.9929,1330,Non- forest,0,0,No_rain
11258,G34_20180625_000000,G34,2018/06/25,00:00:00,G34_20180625_000000.wav,Alejandria,El Cerro,6.3815,-74.9929,1330,Non- forest,0,0,No_rain
11259,G34_20180625_001600,G34,2018/06/25,00:16:00,G34_20180625_001600.wav,Alejandria,El Cerro,6.3815,-74.9929,1330,Non- forest,0,0,No_rain
11260,G34_20180625_003200,G34,2018/06/25,00:32:00,G34_20180625_003200.wav,Alejandria,El Cerro,6.3815,-74.9929,1330,Non- forest,0,0,No_rain
11261,G34_20180625_004800,G34,2018/06/25,00:48:00,G34_20180625_004800.wav,Alejandria,El Cerro,6.3815,-74.9929,1330,Non- forest,0,0,No_rain
11262,G34_20180625_010400,G34,2018/06/25,01:04:00,G34_20180625_010400.wav,Alejandria,El Cerro,6.3815,-74.9929,1330,Non- forest,0,0,No_rain
11263,G34_20180625_012000,G34,2018/06/25,01:20:00,G34_20180625_012000.wav,Alejandria,El Cerro,6.3815,-74.9929,1330,Non- forest,0,0,No_rain
11264,G34_20180625_013600,G34,2018/06/25,01:36:00,G34_20180625_013600.wav,Alejandria,El Cerro,6.3815,-74.9929,1330,Non- forest,0,0,No_rain
11265,G34_20180625_015200,G34,2018/06/25,01:52:00,G34_20180625_015200.wav,Alejandria,El Cerro,6.3815,-74.9929,1330,Non- forest,0,0,No_rain
11266,G34_20180625_020800,G34,2018/06/25,02:08:00,G34_20180625_020800.wav,Alejandria,El Cerro,6.3815,-74.9929,1330,Non- forest,0,0,No_rain
11267,G34_20180625_022400,G34,2018/06/25,02:24:00,G34_20180625_022400.wav,Alejandria,El Cerro,6.3815,-74.9929,1330,Non- forest,0,0,No_rain
11268,G34_20180625_024000,G34,2018/06/25,02:40:00,G34_20180625_024000.wav,Alejandria,El Cerro,6.3815,-74.9929,1330,Non- forest,0,0,No_rain
11269,G34_20180625_025600,G34,2018/06/25,02:56:00,G34_20180625_025600.wav,Alejandria,El Cerro,6.3815,-74.9929,1330,Non- forest,0,0,No_rain
11270,G34_20180625_031200,G34,2018/06/25,03:12:00,G34_20180625_031200.wav,Alejandria,El Cerro,6.3815,-74.9929,1330,Non- forest,0,0,No_rain
11271,G34_20180625_032800,G34,2018/06/25,03:28:00,G34_20180625_032800.wav,Alejandria,El Cerro,6.3815,-74.9929,1330,Non- forest,0,0,No_rain
11272,G34_20180625_034400,G34,2018/06/25,03:44:00,G34_20180625_034400.wav,Alejandria,El Cerro,6.3815,-74.9929,1330,Non- forest,0,0,No_rain
11273,G34_20180625_040000,G34,2018/06/25,04:00:00,G34_20180625_040000.wav,Alejandria,El Cerro,6.3815,-74.9929,1330,Non- forest,0,0,No_rain
11274,G34_20180625_041600,G34,2018/06/25,04:16:00,G34_20180625_041600.wav,Alejandria,El Cerro,6.3815,-74.9929,1330,Non- forest,0,0,No_rain
11275,G34_20180625_043200,G34,2018/06/25,04:32:00,G34_20180625_043200.wav,Alejandria,El Cerro,6.3815,-74.9929,1330,Non- forest,0,0,No_rain
11276,G34_20180625_044800,G34,2018/06/25,04:48:00,G34_20180625_044800.wav,Alejandria,El Cerro,6.3815,-74.9929,1330,Non- forest,0,0,No_rain
11277,G34_20180625_080000,G34,2018/06/25,08:00:00,G34_20180625_080000.wav,Alejandria,El Cerro,6.3815,-74.9929,1330,Non- forest,0,0,No_rain
11278,G34_20180625_081600,G34,2018/06/25,08:16:00,G34_20180625_081600.wav,Alejandria,El Cerro,6.3815,-74.9929,1330,Non- forest,0,0,No_rain
11279,G34_20180625_083200,G34,2018/06/25,08:32:00,G34_20180625_083200.wav,Alejandria,El Cerro,6.3815,-74.9929,1330,Non- forest,0,0,No_rain
11280,G34_20180625_084800,G34,2018/06/25,08:48:00,G34_20180625_084800.wav,Alejandria,El Cerro,6.3815,-74.9929,1330,Non- forest,0,0,No_rain
11281,G34_20180625_090400,G34,2018/06/25,09:04:00,G34_20180625_090400.wav,Alejandria,El Cerro,6.3815,-74.9929,1330,Non- forest,0,0,No_rain
11282,G34_20180625_092000,G34,2018/06/25,09:20:00,G34_20180625_092000.wav,Alejandria,El Cerro,6.3815,-74.9929,1330,Non- forest,0,0,No_rain
11283,G34_20180625_093600,G34,2018/06/25,09:36:00,G34_20180625_093600.wav,Alejandria,El Cerro,6.3815,-74.9929,1330,Non- forest,0,0,No_rain
11284,G34_20180625_095200,G34,2018/06/25,09:52:00,G34_20180625_095200.wav,Alejandria,El Cerro,6.3815,-74.9929,1330,Non- forest,0,0,No_rain
11285,G34_20180625_100800,G34,2018/06/25,10:08:00,G34_20180625_100800.wav,Alejandria,El Cerro,6.3815,-74.9929,1330,Non- forest,0,0,No_rain
11286,G34_20180625_102400,G34,2018/06/25,10:24:00,G34_20180625_102400.wav,Alejandria,El Cerro,6.3815,-74.9929,1330,Non- forest,0,0,No_rain
11287,G34_20180625_104000,G34,2018/06/25,10:40:00,G34_20180625_104000.wav,Alejandria,El Cerro,6.3815,-74.9929,1330,Non- forest,0,0,No_rain
11288,G34_20180625_105600,G34,2018/06/25,10:56:00,G34_20180625_105600.wav,Alejandria,El Cerro,6.3815,-74.9929,1330,Non- forest,0,0,No_rain
11289,G34_20180625_111200,G34,2018/06/25,11:12:00,G34_20180625_111200.wav,Alejandria,El Cerro,6.3815,-74.9929,1330,Non- forest,0,0,No_rain
11290,G34_20180625_112800,G34,2018/06/25,11:28:00,G34_20180625_112800.wav,Alejandria,El Cerro,6.3815,-74.9929,1330,Non- forest,0,0,No_rain
11291,G34_20180625_114400,G34,2018/06/25,11:44:00,G34_20180625_114400.wav,Alejandria,El Cerro,6.3815,-74.9929,1330,Non- forest,0,0,No_rain
11292,G34_20180625_120000,G34,2018/06/25,12:00:00,G34_20180625_120000.wav,Alejandria,El Cerro,6.3815,-74.9929,1330,Non- forest,0,0,No_rain
11293,G34_20180625_121600,G34,2018/06/25,12:16:00,G34_20180625_121600.wav,Alejandria,El Cerro,6.3815,-74.9929,1330,Non- forest,0,0,No_rain
11294,G34_20180625_123200,G34,2018/06/25,12:32:00,G34_20180625_123200.wav,Alejandria,El Cerro,6.3815,-74.9929,1330,Non- forest,0,0,No_rain
11295,G34_20180625_124800,G34,2018/06/25,12:48:00,G34_20180625_124800.wav,Alejandria,El Cerro,6.3815,-74.9929,1330,Non- forest,0,0,No_rain
11296,G34_20180625_130400,G34,2018/06/25,13:04:00,G34_20180625_130400.wav,Alejandria,El Cerro,6.3815,-74.9929,1330,Non- forest,0,0,No_rain
11297,G34_20180625_132000,G34,2018/06/25,13:20:00,G34_20180625_132000.wav,Alejandria,El Cerro,6.3815,-74.9929,1330,Non- forest,0,0,No_rain
11298,G34_20180625_133600,G34,2018/06/25,13:36:00,G34_20180625_133600.wav,Alejandria,El Cerro,6.3815,-74.9929,1330,Non- forest,0,0,No_rain
11299,G34_20180625_135200,G34,2018/06/25,13:52:00,G34_20180625_135200.wav,Alejandria,El Cerro,6.3815,-74.9929,1330,Non- forest,0,0,No_rain
11300,G34_20180625_140800,G34,2018/06/25,14:08:00,G34_20180625_140800.wav,Alejandria,El Cerro,6.3815,-74.9929,1330,Non- forest,0,0,No_rain
11301,G34_20180625_142400,G34,2018/06/25,14:24:00,G34_20180625_142400.wav,Alejandria,El Cerro,6.3815,-74.9929,1330,Non- forest,0,0,No_rain
11302,G34_20180625_144000,G34,2018/06/25,14:40:00,G34_20180625_144000.wav,Alejandria,El Cerro,6.3815,-74.9929,1330,Non- forest,0,0,No_rain
11303,G34_20180625_145600,G34,2018/06/25,14:56:00,G34_20180625_145600.wav,Alejandria,El Cerro,6.3815,-74.9929,1330,Non- forest,0,0,No_rain
11304,G34_20180625_151200,G34,2018/06/25,15:12:00,G34_20180625_151200.wav,Alejandria,El Cerro,6.3815,-74.9929,1330,Non- forest,0,0,No_rain
11305,G34_20180625_152800,G34,2018/06/25,15:28:00,G34_20180625_152800.wav,Alejandria,El Cerro,6.3815,-74.9929,1330,Non- forest,0,0,No_rain
11306,G34_20180625_154400,G34,2018/06/25,15:44:00,G34_20180625_154400.wav,Alejandria,El Cerro,6.3815,-74.9929,1330,Non- forest,0,0,No_rain
11307,G34_20180625_160000,G34,2018/06/25,16:00:00,G34_20180625_160000.wav,Alejandria,El Cerro,6.3815,-74.9929,1330,Non- forest,0,0,No_rain
11308,G34_20180625_161600,G34,2018/06/25,16:16:00,G34_20180625_161600.wav,Alejandria,El Cerro,6.3815,-74.9929,1330,Non- forest,0,0,No_rain
11309,G34_20180625_163200,G34,2018/06/25,16:32:00,G34_20180625_163200.wav,Alejandria,El Cerro,6.3815,-74.9929,1330,Non- forest,0,0,No_rain
11310,G34_20180625_164800,G34,2018/06/25,16:48:00,G34_20180625_164800.wav,Alejandria,El Cerro,6.3815,-74.9929,1330,Non- forest,0,0,No_rain
11311,G34_20180618_170000,G34,2018/06/18,17:00:00,G34_20180618_170000.wav,Alejandria,El Cerro,6.3815,-74.9929,1330,Non- forest,0,0,No_rain
11312,G34_20180618_173000,G34,2018/06/18,17:30:00,G34_20180618_173000.wav,Alejandria,El Cerro,6.3815,-74.9929,1330,Non- forest,0,0,No_rain
11313,G34_20180618_171500,G34,2018/06/18,17:15:00,G34_20180618_171500.wav,Alejandria,El Cerro,6.3815,-74.9929,1330,Non- forest,0,0,No_rain
11314,G34_20180618_180000,G34,2018/06/18,18:00:00,G34_20180618_180000.wav,Alejandria,El Cerro,6.3815,-74.9929,1330,Non- forest,0,0,No_rain
11315,G34_20180618_174500,G34,2018/06/18,17:45:00,G34_20180618_174500.wav,Alejandria,El Cerro,6.3815,-74.9929,1330,Non- forest,0,0,No_rain
11316,G34_20180618_181500,G34,2018/06/18,18:15:00,G34_20180618_181500.wav,Alejandria,El Cerro,6.3815,-74.9929,1330,Non- forest,0,0,No_rain
11317,G34_20180618_183000,G34,2018/06/18,18:30:00,G34_20180618_183000.wav,Alejandria,El Cerro,6.3815,-74.9929,1330,Non- forest,0,0,No_rain
11318,G34_20180618_190000,G34,2018/06/18,19:00:00,G34_20180618_190000.wav,Alejandria,El Cerro,6.3815,-74.9929,1330,Non- forest,0,0,No_rain
11319,G34_20180618_184500,G34,2018/06/18,18:45:00,G34_20180618_184500.wav,Alejandria,El Cerro,6.3815,-74.9929,1330,Non- forest,0,0,No_rain
11320,G34_20180618_193000,G34,2018/06/18,19:30:00,G34_20180618_193000.wav,Alejandria,El Cerro,6.3815,-74.9929,1330,Non- forest,0,0,No_rain
11321,G34_20180618_191500,G34,2018/06/18,19:15:00,G34_20180618_191500.wav,Alejandria,El Cerro,6.3815,-74.9929,1330,Non- forest,0,0,No_rain
11322,G34_20180618_194500,G34,2018/06/18,19:45:00,G34_20180618_194500.wav,Alejandria,El Cerro,6.3815,-74.9929,1330,Non- forest,0,0,No_rain
11323,G34_20180619_050000,G34,2018/06/19,05:00:00,G34_20180619_050000.wav,Alejandria,El Cerro,6.3815,-74.9929,1330,Non- forest,0,0,No_rain
11324,G34_20180619_053000,G34,2018/06/19,05:30:00,G34_20180619_053000.wav,Alejandria,El Cerro,6.3815,-74.9929,1330,Non- forest,0,0,No_rain
11325,G34_20180619_051500,G34,2018/06/19,05:15:00,G34_20180619_051500.wav,Alejandria,El Cerro,6.3815,-74.9929,1330,Non- forest,0,0,No_rain
11326,G34_20180619_054500,G34,2018/06/19,05:45:00,G34_20180619_054500.wav,Alejandria,El Cerro,6.3815,-74.9929,1330,Non- forest,0,0,No_rain
11327,G34_20180619_060000,G34,2018/06/19,06:00:00,G34_20180619_060000.wav,Alejandria,El Cerro,6.3815,-74.9929,1330,Non- forest,0,0,No_rain
11328,G34_20180619_061500,G34,2018/06/19,06:15:00,G34_20180619_061500.wav,Alejandria,El Cerro,6.3815,-74.9929,1330,Non- forest,0,0,No_rain
11329,G34_20180619_063000,G34,2018/06/19,06:30:00,G34_20180619_063000.wav,Alejandria,El Cerro,6.3815,-74.9929,1330,Non- forest,0,0,No_rain
11330,G34_20180619_064500,G34,2018/06/19,06:45:00,G34_20180619_064500.wav,Alejandria,El Cerro,6.3815,-74.9929,1330,Non- forest,0,0,No_rain
11331,G34_20180619_071500,G34,2018/06/19,07:15:00,G34_20180619_071500.wav,Alejandria,El Cerro,6.3815,-74.9929,1330,Non- forest,0,0,No_rain
11332,G34_20180619_070000,G34,2018/06/19,07:00:00,G34_20180619_070000.wav,Alejandria,El Cerro,6.3815,-74.9929,1330,Non- forest,0,0,No_rain
11333,G34_20180619_073000,G34,2018/06/19,07:30:00,G34_20180619_073000.wav,Alejandria,El Cerro,6.3815,-74.9929,1330,Non- forest,0,0,No_rain
11334,G34_20180619_074500,G34,2018/06/19,07:45:00,G34_20180619_074500.wav,Alejandria,El Cerro,6.3815,-74.9929,1330,Non- forest,0,0,No_rain
11335,G34_20180619_170000,G34,2018/06/19,17:00:00,G34_20180619_170000.wav,Alejandria,El Cerro,6.3815,-74.9929,1330,Non- forest,0,0,No_rain
11336,G34_20180619_171500,G34,2018/06/19,17:15:00,G34_20180619_171500.wav,Alejandria,El Cerro,6.3815,-74.9929,1330,Non- forest,0,0,No_rain
11337,G34_20180619_174500,G34,2018/06/19,17:45:00,G34_20180619_174500.wav,Alejandria,El Cerro,6.3815,-74.9929,1330,Non- forest,0,0,No_rain
11338,G34_20180619_173000,G34,2018/06/19,17:30:00,G34_20180619_173000.wav,Alejandria,El Cerro,6.3815,-74.9929,1330,Non- forest,0,0,No_rain
11339,G34_20180619_180000,G34,2018/06/19,18:00:00,G34_20180619_180000.wav,Alejandria,El Cerro,6.3815,-74.9929,1330,Non- forest,0,0,No_rain
11340,G34_20180619_181500,G34,2018/06/19,18:15:00,G34_20180619_181500.wav,Alejandria,El Cerro,6.3815,-74.9929,1330,Non- forest,0,0,No_rain
11341,G34_20180619_183000,G34,2018/06/19,18:30:00,G34_20180619_183000.wav,Alejandria,El Cerro,6.3815,-74.9929,1330,Non- forest,0,0,No_rain
11342,G34_20180619_184500,G34,2018/06/19,18:45:00,G34_20180619_184500.wav,Alejandria,El Cerro,6.3815,-74.9929,1330,Non- forest,0,0,No_rain
11343,G34_20180619_190000,G34,2018/06/19,19:00:00,G34_20180619_190000.wav,Alejandria,El Cerro,6.3815,-74.9929,1330,Non- forest,0,0,No_rain
11344,G34_20180619_191500,G34,2018/06/19,19:15:00,G34_20180619_191500.wav,Alejandria,El Cerro,6.3815,-74.9929,1330,Non- forest,0,0,No_rain
11345,G34_20180619_193000,G34,2018/06/19,19:30:00,G34_20180619_193000.wav,Alejandria,El Cerro,6.3815,-74.9929,1330,Non- forest,0,0,No_rain
11346,G34_20180620_050000,G34,2018/06/20,05:00:00,G34_20180620_050000.wav,Alejandria,El Cerro,6.3815,-74.9929,1330,Non- forest,0,0,No_rain
11347,G34_20180619_194500,G34,2018/06/19,19:45:00,G34_20180619_194500.wav,Alejandria,El Cerro,6.3815,-74.9929,1330,Non- forest,0,0,No_rain
11348,G34_20180620_053000,G34,2018/06/20,05:30:00,G34_20180620_053000.wav,Alejandria,El Cerro,6.3815,-74.9929,1330,Non- forest,0,0,No_rain
11349,G34_20180620_051500,G34,2018/06/20,05:15:00,G34_20180620_051500.wav,Alejandria,El Cerro,6.3815,-74.9929,1330,Non- forest,1,1,Light
11350,G34_20180620_060000,G34,2018/06/20,06:00:00,G34_20180620_060000.wav,Alejandria,El Cerro,6.3815,-74.9929,1330,Non- forest,1,1,Light
11351,G34_20180620_054500,G34,2018/06/20,05:45:00,G34_20180620_054500.wav,Alejandria,El Cerro,6.3815,-74.9929,1330,Non- forest,1,1,Light
11352,G34_20180620_061500,G34,2018/06/20,06:15:00,G34_20180620_061500.wav,Alejandria,El Cerro,6.3815,-74.9929,1330,Non- forest,0,0,No_rain
11353,G34_20180620_063000,G34,2018/06/20,06:30:00,G34_20180620_063000.wav,Alejandria,El Cerro,6.3815,-74.9929,1330,Non- forest,0,0,No_rain
11354,G34_20180620_064500,G34,2018/06/20,06:45:00,G34_20180620_064500.wav,Alejandria,El Cerro,6.3815,-74.9929,1330,Non- forest,0,0,No_rain
11355,G34_20180620_071500,G34,2018/06/20,07:15:00,G34_20180620_071500.wav,Alejandria,El Cerro,6.3815,-74.9929,1330,Non- forest,0,0,No_rain
11356,G34_20180620_070000,G34,2018/06/20,07:00:00,G34_20180620_070000.wav,Alejandria,El Cerro,6.3815,-74.9929,1330,Non- forest,0,0,No_rain
11357,G34_20180620_073000,G34,2018/06/20,07:30:00,G34_20180620_073000.wav,Alejandria,El Cerro,6.3815,-74.9929,1330,Non- forest,0,0,No_rain
11358,G34_20180620_074500,G34,2018/06/20,07:45:00,G34_20180620_074500.wav,Alejandria,El Cerro,6.3815,-74.9929,1330,Non- forest,0,0,No_rain
11359,G34_20180620_171500,G34,2018/06/20,17:15:00,G34_20180620_171500.wav,Alejandria,El Cerro,6.3815,-74.9929,1330,Non- forest,0,0,No_rain
11360,G34_20180620_170000,G34,2018/06/20,17:00:00,G34_20180620_170000.wav,Alejandria,El Cerro,6.3815,-74.9929,1330,Non- forest,0,0,No_rain
11361,G34_20180620_174500,G34,2018/06/20,17:45:00,G34_20180620_174500.wav,Alejandria,El Cerro,6.3815,-74.9929,1330,Non- forest,0,0,No_rain
11362,G34_20180620_173000,G34,2018/06/20,17:30:00,G34_20180620_173000.wav,Alejandria,El Cerro,6.3815,-74.9929,1330,Non- forest,0,0,No_rain
11363,G34_20180620_180000,G34,2018/06/20,18:00:00,G34_20180620_180000.wav,Alejandria,El Cerro,6.3815,-74.9929,1330,Non- forest,0,0,No_rain
11364,G34_20180620_181500,G34,2018/06/20,18:15:00,G34_20180620_181500.wav,Alejandria,El Cerro,6.3815,-74.9929,1330,Non- forest,0,0,No_rain
11365,G34_20180620_183000,G34,2018/06/20,18:30:00,G34_20180620_183000.wav,Alejandria,El Cerro,6.3815,-74.9929,1330,Non- forest,0,0,No_rain
11366,G34_20180620_184500,G34,2018/06/20,18:45:00,G34_20180620_184500.wav,Alejandria,El Cerro,6.3815,-74.9929,1330,Non- forest,0,0,No_rain
11367,G34_20180620_191500,G34,2018/06/20,19:15:00,G34_20180620_191500.wav,Alejandria,El Cerro,6.3815,-74.9929,1330,Non- forest,0,0,No_rain
11368,G34_20180620_190000,G34,2018/06/20,19:00:00,G34_20180620_190000.wav,Alejandria,El Cerro,6.3815,-74.9929,1330,Non- forest,0,0,No_rain
11369,G34_20180620_194500,G34,2018/06/20,19:45:00,G34_20180620_194500.wav,Alejandria,El Cerro,6.3815,-74.9929,1330,Non- forest,0,0,No_rain
11370,G34_20180620_193000,G34,2018/06/20,19:30:00,G34_20180620_193000.wav,Alejandria,El Cerro,6.3815,-74.9929,1330,Non- forest,0,0,No_rain
11371,G34_20180621_051500,G34,2018/06/21,05:15:00,G34_20180621_051500.wav,Alejandria,El Cerro,6.3815,-74.9929,1330,Non- forest,0,0,No_rain
11372,G34_20180621_050000,G34,2018/06/21,05:00:00,G34_20180621_050000.wav,Alejandria,El Cerro,6.3815,-74.9929,1330,Non- forest,0,0,No_rain
11373,G34_20180621_053000,G34,2018/06/21,05:30:00,G34_20180621_053000.wav,Alejandria,El Cerro,6.3815,-74.9929,1330,Non- forest,0,0,No_rain
11374,G34_20180621_060000,G34,2018/06/21,06:00:00,G34_20180621_060000.wav,Alejandria,El Cerro,6.3815,-74.9929,1330,Non- forest,0,0,No_rain
11375,G34_20180621_054500,G34,2018/06/21,05:45:00,G34_20180621_054500.wav,Alejandria,El Cerro,6.3815,-74.9929,1330,Non- forest,0,0,No_rain
11376,G34_20180621_063000,G34,2018/06/21,06:30:00,G34_20180621_063000.wav,Alejandria,El Cerro,6.3815,-74.9929,1330,Non- forest,0,0,No_rain
11377,G34_20180621_061500,G34,2018/06/21,06:15:00,G34_20180621_061500.wav,Alejandria,El Cerro,6.3815,-74.9929,1330,Non- forest,0,0,No_rain
11378,G34_20180621_070000,G34,2018/06/21,07:00:00,G34_20180621_070000.wav,Alejandria,El Cerro,6.3815,-74.9929,1330,Non- forest,0,0,No_rain
11379,G34_20180621_064500,G34,2018/06/21,06:45:00,G34_20180621_064500.wav,Alejandria,El Cerro,6.3815,-74.9929,1330,Non- forest,0,0,No_rain
11380,G34_20180621_073000,G34,2018/06/21,07:30:00,G34_20180621_073000.wav,Alejandria,El Cerro,6.3815,-74.9929,1330,Non- forest,0,0,No_rain
11381,G34_20180621_071500,G34,2018/06/21,07:15:00,G34_20180621_071500.wav,Alejandria,El Cerro,6.3815,-74.9929,1330,Non- forest,0,0,No_rain
11382,G34_20180621_170000,G34,2018/06/21,17:00:00,G34_20180621_170000.wav,Alejandria,El Cerro,6.3815,-74.9929,1330,Non- forest,0,0,No_rain
11383,G34_20180621_074500,G34,2018/06/21,07:45:00,G34_20180621_074500.wav,Alejandria,El Cerro,6.3815,-74.9929,1330,Non- forest,0,0,No_rain
11384,G34_20180621_171500,G34,2018/06/21,17:15:00,G34_20180621_171500.wav,Alejandria,El Cerro,6.3815,-74.9929,1330,Non- forest,0,0,No_rain
11385,G34_20180621_173000,G34,2018/06/21,17:30:00,G34_20180621_173000.wav,Alejandria,El Cerro,6.3815,-74.9929,1330,Non- forest,0,0,No_rain
11386,G34_20180621_180000,G34,2018/06/21,18:00:00,G34_20180621_180000.wav,Alejandria,El Cerro,6.3815,-74.9929,1330,Non- forest,0,0,No_rain
11387,G34_20180621_174500,G34,2018/06/21,17:45:00,G34_20180621_174500.wav,Alejandria,El Cerro,6.3815,-74.9929,1330,Non- forest,0,0,No_rain
11388,G34_20180621_181500,G34,2018/06/21,18:15:00,G34_20180621_181500.wav,Alejandria,El Cerro,6.3815,-74.9929,1330,Non- forest,0,0,No_rain
11389,G34_20180621_183000,G34,2018/06/21,18:30:00,G34_20180621_183000.wav,Alejandria,El Cerro,6.3815,-74.9929,1330,Non- forest,0,0,No_rain
11390,G34_20180621_184500,G34,2018/06/21,18:45:00,G34_20180621_184500.wav,Alejandria,El Cerro,6.3815,-74.9929,1330,Non- forest,0,0,No_rain
11391,G34_20180621_190000,G34,2018/06/21,19:00:00,G34_20180621_190000.wav,Alejandria,El Cerro,6.3815,-74.9929,1330,Non- forest,0,0,No_rain
11392,G34_20180621_191500,G34,2018/06/21,19:15:00,G34_20180621_191500.wav,Alejandria,El Cerro,6.3815,-74.9929,1330,Non- forest,0,0,No_rain
11393,G34_20180621_194500,G34,2018/06/21,19:45:00,G34_20180621_194500.wav,Alejandria,El Cerro,6.3815,-74.9929,1330,Non- forest,0,0,No_rain
11394,G34_20180621_193000,G34,2018/06/21,19:30:00,G34_20180621_193000.wav,Alejandria,El Cerro,6.3815,-74.9929,1330,Non- forest,0,0,No_rain
11395,G34_20180622_051500,G34,2018/06/22,05:15:00,G34_20180622_051500.wav,Alejandria,El Cerro,6.3815,-74.9929,1330,Non- forest,0,0,No_rain
11396,G34_20180622_050000,G34,2018/06/22,05:00:00,G34_20180622_050000.wav,Alejandria,El Cerro,6.3815,-74.9929,1330,Non- forest,0,0,No_rain
11397,G34_20180622_053000,G34,2018/06/22,05:30:00,G34_20180622_053000.wav,Alejandria,El Cerro,6.3815,-74.9929,1330,Non- forest,0,0,No_rain
11398,G34_20180622_054500,G34,2018/06/22,05:45:00,G34_20180622_054500.wav,Alejandria,El Cerro,6.3815,-74.9929,1330,Non- forest,0,0,No_rain
11399,G34_20180622_060000,G34,2018/06/22,06:00:00,G34_20180622_060000.wav,Alejandria,El Cerro,6.3815,-74.9929,1330,Non- forest,0,0,No_rain
11400,G34_20180622_061500,G34,2018/06/22,06:15:00,G34_20180622_061500.wav,Alejandria,El Cerro,6.3815,-74.9929,1330,Non- forest,0,0,No_rain
11401,G34_20180622_064500,G34,2018/06/22,06:45:00,G34_20180622_064500.wav,Alejandria,El Cerro,6.3815,-74.9929,1330,Non- forest,0,0,No_rain
11402,G34_20180622_063000,G34,2018/06/22,06:30:00,G34_20180622_063000.wav,Alejandria,El Cerro,6.3815,-74.9929,1330,Non- forest,0,0,No_rain
11403,G34_20180622_070000,G34,2018/06/22,07:00:00,G34_20180622_070000.wav,Alejandria,El Cerro,6.3815,-74.9929,1330,Non- forest,0,0,No_rain
11404,G34_20180622_071500,G34,2018/06/22,07:15:00,G34_20180622_071500.wav,Alejandria,El Cerro,6.3815,-74.9929,1330,Non- forest,0,0,No_rain
11405,G34_20180622_073000,G34,2018/06/22,07:30:00,G34_20180622_073000.wav,Alejandria,El Cerro,6.3815,-74.9929,1330,Non- forest,0,0,No_rain
11406,G34_20180622_170000,G34,2018/06/22,17:00:00,G34_20180622_170000.wav,Alejandria,El Cerro,6.3815,-74.9929,1330,Non- forest,0,0,No_rain
11407,G34_20180622_074500,G34,2018/06/22,07:45:00,G34_20180622_074500.wav,Alejandria,El Cerro,6.3815,-74.9929,1330,Non- forest,0,0,No_rain
11408,G34_20180622_171500,G34,2018/06/22,17:15:00,G34_20180622_171500.wav,Alejandria,El Cerro,6.3815,-74.9929,1330,Non- forest,0,0,No_rain
11409,G34_20180622_173000,G34,2018/06/22,17:30:00,G34_20180622_173000.wav,Alejandria,El Cerro,6.3815,-74.9929,1330,Non- forest,0,0,No_rain
11410,G34_20180622_174500,G34,2018/06/22,17:45:00,G34_20180622_174500.wav,Alejandria,El Cerro,6.3815,-74.9929,1330,Non- forest,0,0,No_rain
11411,G34_20180622_180000,G34,2018/06/22,18:00:00,G34_20180622_180000.wav,Alejandria,El Cerro,6.3815,-74.9929,1330,Non- forest,0,0,No_rain
11412,G34_20180622_181500,G34,2018/06/22,18:15:00,G34_20180622_181500.wav,Alejandria,El Cerro,6.3815,-74.9929,1330,Non- forest,0,0,No_rain
11413,G34_20180622_183000,G34,2018/06/22,18:30:00,G34_20180622_183000.wav,Alejandria,El Cerro,6.3815,-74.9929,1330,Non- forest,0,0,No_rain
11414,G34_20180622_184500,G34,2018/06/22,18:45:00,G34_20180622_184500.wav,Alejandria,El Cerro,6.3815,-74.9929,1330,Non- forest,0,0,No_rain
11415,G34_20180622_190000,G34,2018/06/22,19:00:00,G34_20180622_190000.wav,Alejandria,El Cerro,6.3815,-74.9929,1330,Non- forest,0,0,No_rain
11416,G34_20180622_191500,G34,2018/06/22,19:15:00,G34_20180622_191500.wav,Alejandria,El Cerro,6.3815,-74.9929,1330,Non- forest,0,0,No_rain
11417,G34_20180622_193000,G34,2018/06/22,19:30:00,G34_20180622_193000.wav,Alejandria,El Cerro,6.3815,-74.9929,1330,Non- forest,0,0,No_rain
11418,G34_20180622_194500,G34,2018/06/22,19:45:00,G34_20180622_194500.wav,Alejandria,El Cerro,6.3815,-74.9929,1330,Non- forest,0,0,No_rain
11419,G34_20180623_050000,G34,2018/06/23,05:00:00,G34_20180623_050000.wav,Alejandria,El Cerro,6.3815,-74.9929,1330,Non- forest,0,0,No_rain
11420,G34_20180623_051500,G34,2018/06/23,05:15:00,G34_20180623_051500.wav,Alejandria,El Cerro,6.3815,-74.9929,1330,Non- forest,0,0,No_rain
11421,G34_20180623_053000,G34,2018/06/23,05:30:00,G34_20180623_053000.wav,Alejandria,El Cerro,6.3815,-74.9929,1330,Non- forest,0,0,No_rain
11422,G34_20180623_060000,G34,2018/06/23,06:00:00,G34_20180623_060000.wav,Alejandria,El Cerro,6.3815,-74.9929,1330,Non- forest,0,0,No_rain
11423,G34_20180623_054500,G34,2018/06/23,05:45:00,G34_20180623_054500.wav,Alejandria,El Cerro,6.3815,-74.9929,1330,Non- forest,0,0,No_rain
11424,G34_20180623_061500,G34,2018/06/23,06:15:00,G34_20180623_061500.wav,Alejandria,El Cerro,6.3815,-74.9929,1330,Non- forest,0,0,No_rain
11425,G34_20180623_063000,G34,2018/06/23,06:30:00,G34_20180623_063000.wav,Alejandria,El Cerro,6.3815,-74.9929,1330,Non- forest,0,0,No_rain
11426,G34_20180623_064500,G34,2018/06/23,06:45:00,G34_20180623_064500.wav,Alejandria,El Cerro,6.3815,-74.9929,1330,Non- forest,0,0,No_rain
11427,G34_20180623_070000,G34,2018/06/23,07:00:00,G34_20180623_070000.wav,Alejandria,El Cerro,6.3815,-74.9929,1330,Non- forest,0,0,No_rain
11428,G34_20180623_071500,G34,2018/06/23,07:15:00,G34_20180623_071500.wav,Alejandria,El Cerro,6.3815,-74.9929,1330,Non- forest,0,0,No_rain
11429,G34_20180623_073000,G34,2018/06/23,07:30:00,G34_20180623_073000.wav,Alejandria,El Cerro,6.3815,-74.9929,1330,Non- forest,0,0,No_rain
11430,G34_20180623_170000,G34,2018/06/23,17:00:00,G34_20180623_170000.wav,Alejandria,El Cerro,6.3815,-74.9929,1330,Non- forest,0,0,No_rain
11431,G34_20180623_074500,G34,2018/06/23,07:45:00,G34_20180623_074500.wav,Alejandria,El Cerro,6.3815,-74.9929,1330,Non- forest,0,0,No_rain
11432,G34_20180623_171500,G34,2018/06/23,17:15:00,G34_20180623_171500.wav,Alejandria,El Cerro,6.3815,-74.9929,1330,Non- forest,0,0,No_rain
11433,G34_20180623_174500,G34,2018/06/23,17:45:00,G34_20180623_174500.wav,Alejandria,El Cerro,6.3815,-74.9929,1330,Non- forest,0,0,No_rain
11434,G34_20180623_173000,G34,2018/06/23,17:30:00,G34_20180623_173000.wav,Alejandria,El Cerro,6.3815,-74.9929,1330,Non- forest,0,0,No_rain
11435,G34_20180623_180000,G34,2018/06/23,18:00:00,G34_20180623_180000.wav,Alejandria,El Cerro,6.3815,-74.9929,1330,Non- forest,0,0,No_rain
11436,G34_20180623_181500,G34,2018/06/23,18:15:00,G34_20180623_181500.wav,Alejandria,El Cerro,6.3815,-74.9929,1330,Non- forest,0,0,No_rain
11437,G34_20180623_184500,G34,2018/06/23,18:45:00,G34_20180623_184500.wav,Alejandria,El Cerro,6.3815,-74.9929,1330,Non- forest,0,0,No_rain
11438,G34_20180623_183000,G34,2018/06/23,18:30:00,G34_20180623_183000.wav,Alejandria,El Cerro,6.3815,-74.9929,1330,Non- forest,0,0,No_rain
11439,G34_20180623_191500,G34,2018/06/23,19:15:00,G34_20180623_191500.wav,Alejandria,El Cerro,6.3815,-74.9929,1330,Non- forest,0,0,No_rain
11440,G34_20180623_190000,G34,2018/06/23,19:00:00,G34_20180623_190000.wav,Alejandria,El Cerro,6.3815,-74.9929,1330,Non- forest,0,0,No_rain
11441,G34_20180623_193000,G34,2018/06/23,19:30:00,G34_20180623_193000.wav,Alejandria,El Cerro,6.3815,-74.9929,1330,Non- forest,0,0,No_rain
11442,G34_20180623_194500,G34,2018/06/23,19:45:00,G34_20180623_194500.wav,Alejandria,El Cerro,6.3815,-74.9929,1330,Non- forest,0,0,No_rain
11443,G34_20180624_050000,G34,2018/06/24,05:00:00,G34_20180624_050000.wav,Alejandria,El Cerro,6.3815,-74.9929,1330,Non- forest,0,0,No_rain
11444,G34_20180624_051500,G34,2018/06/24,05:15:00,G34_20180624_051500.wav,Alejandria,El Cerro,6.3815,-74.9929,1330,Non- forest,0,0,No_rain
11445,G34_20180624_054500,G34,2018/06/24,05:45:00,G34_20180624_054500.wav,Alejandria,El Cerro,6.3815,-74.9929,1330,Non- forest,0,0,No_rain
11446,G34_20180624_053000,G34,2018/06/24,05:30:00,G34_20180624_053000.wav,Alejandria,El Cerro,6.3815,-74.9929,1330,Non- forest,0,0,No_rain
11447,G34_20180624_060000,G34,2018/06/24,06:00:00,G34_20180624_060000.wav,Alejandria,El Cerro,6.3815,-74.9929,1330,Non- forest,0,0,No_rain
11448,G34_20180624_063000,G34,2018/06/24,06:30:00,G34_20180624_063000.wav,Alejandria,El Cerro,6.3815,-74.9929,1330,Non- forest,0,0,No_rain
11449,G34_20180624_061500,G34,2018/06/24,06:15:00,G34_20180624_061500.wav,Alejandria,El Cerro,6.3815,-74.9929,1330,Non- forest,0,0,No_rain
11450,G34_20180624_064500,G34,2018/06/24,06:45:00,G34_20180624_064500.wav,Alejandria,El Cerro,6.3815,-74.9929,1330,Non- forest,0,0,No_rain
11451,G34_20180624_070000,G34,2018/06/24,07:00:00,G34_20180624_070000.wav,Alejandria,El Cerro,6.3815,-74.9929,1330,Non- forest,0,0,No_rain
11452,G34_20180624_071500,G34,2018/06/24,07:15:00,G34_20180624_071500.wav,Alejandria,El Cerro,6.3815,-74.9929,1330,Non- forest,0,0,No_rain
11453,G34_20180624_073000,G34,2018/06/24,07:30:00,G34_20180624_073000.wav,Alejandria,El Cerro,6.3815,-74.9929,1330,Non- forest,0,0,No_rain
11454,G34_20180624_170000,G34,2018/06/24,17:00:00,G34_20180624_170000.wav,Alejandria,El Cerro,6.3815,-74.9929,1330,Non- forest,0,0,No_rain
11455,G34_20180624_074500,G34,2018/06/24,07:45:00,G34_20180624_074500.wav,Alejandria,El Cerro,6.3815,-74.9929,1330,Non- forest,0,0,No_rain
11456,G34_20180624_171500,G34,2018/06/24,17:15:00,G34_20180624_171500.wav,Alejandria,El Cerro,6.3815,-74.9929,1330,Non- forest,0,0,No_rain
11457,G34_20180624_173000,G34,2018/06/24,17:30:00,G34_20180624_173000.wav,Alejandria,El Cerro,6.3815,-74.9929,1330,Non- forest,0,0,No_rain
11458,G34_20180624_180000,G34,2018/06/24,18:00:00,G34_20180624_180000.wav,Alejandria,El Cerro,6.3815,-74.9929,1330,Non- forest,0,0,No_rain
11459,G34_20180624_174500,G34,2018/06/24,17:45:00,G34_20180624_174500.wav,Alejandria,El Cerro,6.3815,-74.9929,1330,Non- forest,0,0,No_rain
11460,G34_20180624_181500,G34,2018/06/24,18:15:00,G34_20180624_181500.wav,Alejandria,El Cerro,6.3815,-74.9929,1330,Non- forest,0,0,No_rain
11461,G34_20180624_183000,G34,2018/06/24,18:30:00,G34_20180624_183000.wav,Alejandria,El Cerro,6.3815,-74.9929,1330,Non- forest,0,0,No_rain
11462,G34_20180624_184500,G34,2018/06/24,18:45:00,G34_20180624_184500.wav,Alejandria,El Cerro,6.3815,-74.9929,1330,Non- forest,0,0,No_rain
11463,G34_20180624_191500,G34,2018/06/24,19:15:00,G34_20180624_191500.wav,Alejandria,El Cerro,6.3815,-74.9929,1330,Non- forest,0,0,No_rain
11464,G34_20180624_190000,G34,2018/06/24,19:00:00,G34_20180624_190000.wav,Alejandria,El Cerro,6.3815,-74.9929,1330,Non- forest,0,0,No_rain
11465,G34_20180624_193000,G34,2018/06/24,19:30:00,G34_20180624_193000.wav,Alejandria,El Cerro,6.3815,-74.9929,1330,Non- forest,0,0,No_rain
11466,G34_20180624_194500,G34,2018/06/24,19:45:00,G34_20180624_194500.wav,Alejandria,El Cerro,6.3815,-74.9929,1330,Non- forest,0,0,No_rain
11467,G34_20180625_051500,G34,2018/06/25,05:15:00,G34_20180625_051500.wav,Alejandria,El Cerro,6.3815,-74.9929,1330,Non- forest,0,0,No_rain
11468,G34_20180625_050000,G34,2018/06/25,05:00:00,G34_20180625_050000.wav,Alejandria,El Cerro,6.3815,-74.9929,1330,Non- forest,0,0,No_rain
11469,G34_20180625_053000,G34,2018/06/25,05:30:00,G34_20180625_053000.wav,Alejandria,El Cerro,6.3815,-74.9929,1330,Non- forest,0,0,No_rain
11470,G34_20180625_054500,G34,2018/06/25,05:45:00,G34_20180625_054500.wav,Alejandria,El Cerro,6.3815,-74.9929,1330,Non- forest,0,0,No_rain
11471,G34_20180625_060000,G34,2018/06/25,06:00:00,G34_20180625_060000.wav,Alejandria,El Cerro,6.3815,-74.9929,1330,Non- forest,0,0,No_rain
11472,G34_20180625_061500,G34,2018/06/25,06:15:00,G34_20180625_061500.wav,Alejandria,El Cerro,6.3815,-74.9929,1330,Non- forest,0,0,No_rain
11473,G34_20180625_063000,G34,2018/06/25,06:30:00,G34_20180625_063000.wav,Alejandria,El Cerro,6.3815,-74.9929,1330,Non- forest,0,0,No_rain
11474,G34_20180625_064500,G34,2018/06/25,06:45:00,G34_20180625_064500.wav,Alejandria,El Cerro,6.3815,-74.9929,1330,Non- forest,0,0,No_rain
11475,G34_20180625_070000,G34,2018/06/25,07:00:00,G34_20180625_070000.wav,Alejandria,El Cerro,6.3815,-74.9929,1330,Non- forest,0,0,No_rain
11476,G34_20180625_071500,G34,2018/06/25,07:15:00,G34_20180625_071500.wav,Alejandria,El Cerro,6.3815,-74.9929,1330,Non- forest,0,0,No_rain
11477,G34_20180625_073000,G34,2018/06/25,07:30:00,G34_20180625_073000.wav,Alejandria,El Cerro,6.3815,-74.9929,1330,Non- forest,0,0,No_rain
11478,G34_20180625_074500,G34,2018/06/25,07:45:00,G34_20180625_074500.wav,Alejandria,El Cerro,6.3815,-74.9929,1330,Non- forest,0,0,No_rain
11479,G34_20180625_170000,G34,2018/06/25,17:00:00,G34_20180625_170000.wav,Alejandria,El Cerro,6.3815,-74.9929,1330,Non- forest,0,0,No_rain
11480,G34_20180625_173000,G34,2018/06/25,17:30:00,G34_20180625_173000.wav,Alejandria,El Cerro,6.3815,-74.9929,1330,Non- forest,0,0,No_rain
11481,G34_20180625_171500,G34,2018/06/25,17:15:00,G34_20180625_171500.wav,Alejandria,El Cerro,6.3815,-74.9929,1330,Non- forest,0,0,No_rain
