,Recording,Recorder,Date,Time,Filename,Municipio,Vereda,Latitud,Longitud,Elevacion,Habitat,Rain_occurrence,Rain_Intesity,Intensity_Category
2491,G08_20180510_114400,G08,2018/05/10,11:44:00,G08_20180510_114400.wav,Alejandria,El Respaldo,6.4061,-75.0534,1314,Non- forest,0,0,No_rain
2492,G08_20180510_120000,G08,2018/05/10,12:00:00,G08_20180510_120000.wav,Alejandria,El Respaldo,6.4061,-75.0534,1314,Non- forest,0,0,No_rain
2493,G08_20180510_121600,G08,2018/05/10,12:16:00,G08_20180510_121600.wav,Alejandria,El Respaldo,6.4061,-75.0534,1314,Non- forest,0,0,No_rain
2494,G08_20180510_123200,G08,2018/05/10,12:32:00,G08_20180510_123200.wav,Alejandria,El Respaldo,6.4061,-75.0534,1314,Non- forest,0,0,No_rain
2495,G08_20180510_124800,G08,2018/05/10,12:48:00,G08_20180510_124800.wav,Alejandria,El Respaldo,6.4061,-75.0534,1314,Non- forest,0,0,No_rain
2496,G08_20180510_130400,G08,2018/05/10,13:04:00,G08_20180510_130400.wav,Alejandria,El Respaldo,6.4061,-75.0534,1314,Non- forest,0,0,No_rain
2497,G08_20180510_132000,G08,2018/05/10,13:20:00,G08_20180510_132000.wav,Alejandria,El Respaldo,6.4061,-75.0534,1314,Non- forest,0,0,No_rain
2498,G08_20180510_133600,G08,2018/05/10,13:36:00,G08_20180510_133600.wav,Alejandria,El Respaldo,6.4061,-75.0534,1314,Non- forest,0,0,No_rain
2499,G08_20180510_135200,G08,2018/05/10,13:52:00,G08_20180510_135200.wav,Alejandria,El Respaldo,6.4061,-75.0534,1314,Non- forest,0,0,No_rain
2500,G08_20180510_140800,G08,2018/05/10,14:08:00,G08_20180510_140800.wav,Alejandria,El Respaldo,6.4061,-75.0534,1314,Non- forest,0,0,No_rain
2501,G08_20180510_142400,G08,2018/05/10,14:24:00,G08_20180510_142400.wav,Alejandria,El Respaldo,6.4061,-75.0534,1314,Non- forest,0,0,No_rain
2502,G08_20180510_144000,G08,2018/05/10,14:40:00,G08_20180510_144000.wav,Alejandria,El Respaldo,6.4061,-75.0534,1314,Non- forest,0,0,No_rain
2503,G08_20180510_145600,G08,2018/05/10,14:56:00,G08_20180510_145600.wav,Alejandria,El Respaldo,6.4061,-75.0534,1314,Non- forest,0,0,No_rain
2504,G08_20180510_151200,G08,2018/05/10,15:12:00,G08_20180510_151200.wav,Alejandria,El Respaldo,6.4061,-75.0534,1314,Non- forest,0,0,No_rain
2505,G08_20180510_152800,G08,2018/05/10,15:28:00,G08_20180510_152800.wav,Alejandria,El Respaldo,6.4061,-75.0534,1314,Non- forest,0,0,No_rain
2506,G08_20180510_154400,G08,2018/05/10,15:44:00,G08_20180510_154400.wav,Alejandria,El Respaldo,6.4061,-75.0534,1314,Non- forest,0,0,No_rain
2507,G08_20180510_160000,G08,2018/05/10,16:00:00,G08_20180510_160000.wav,Alejandria,El Respaldo,6.4061,-75.0534,1314,Non- forest,0,0,No_rain
2508,G08_20180510_161600,G08,2018/05/10,16:16:00,G08_20180510_161600.wav,Alejandria,El Respaldo,6.4061,-75.0534,1314,Non- forest,0,0,No_rain
2509,G08_20180510_163200,G08,2018/05/10,16:32:00,G08_20180510_163200.wav,Alejandria,El Respaldo,6.4061,-75.0534,1314,Non- forest,0,0,No_rain
2510,G08_20180510_164800,G08,2018/05/10,16:48:00,G08_20180510_164800.wav,Alejandria,El Respaldo,6.4061,-75.0534,1314,Non- forest,0,0,No_rain
2511,G08_20180510_200000,G08,2018/05/10,20:00:00,G08_20180510_200000.wav,Alejandria,El Respaldo,6.4061,-75.0534,1314,Non- forest,0,0,No_rain
2512,G08_20180510_201600,G08,2018/05/10,20:16:00,G08_20180510_201600.wav,Alejandria,El Respaldo,6.4061,-75.0534,1314,Non- forest,0,0,No_rain
2513,G08_20180510_203200,G08,2018/05/10,20:32:00,G08_20180510_203200.wav,Alejandria,El Respaldo,6.4061,-75.0534,1314,Non- forest,0,0,No_rain
2514,G08_20180510_204800,G08,2018/05/10,20:48:00,G08_20180510_204800.wav,Alejandria,El Respaldo,6.4061,-75.0534,1314,Non- forest,0,0,No_rain
2515,G08_20180510_210400,G08,2018/05/10,21:04:00,G08_20180510_210400.wav,Alejandria,El Respaldo,6.4061,-75.0534,1314,Non- forest,0,0,No_rain
2516,G08_20180510_212000,G08,2018/05/10,21:20:00,G08_20180510_212000.wav,Alejandria,El Respaldo,6.4061,-75.0534,1314,Non- forest,0,0,No_rain
2517,G08_20180510_213600,G08,2018/05/10,21:36:00,G08_20180510_213600.wav,Alejandria,El Respaldo,6.4061,-75.0534,1314,Non- forest,0,0,No_rain
2518,G08_20180510_215200,G08,2018/05/10,21:52:00,G08_20180510_215200.wav,Alejandria,El Respaldo,6.4061,-75.0534,1314,Non- forest,0,0,No_rain
2519,G08_20180510_220800,G08,2018/05/10,22:08:00,G08_20180510_220800.wav,Alejandria,El Respaldo,6.4061,-75.0534,1314,Non- forest,0,0,No_rain
2520,G08_20180510_222400,G08,2018/05/10,22:24:00,G08_20180510_222400.wav,Alejandria,El Respaldo,6.4061,-75.0534,1314,Non- forest,0,0,No_rain
2521,G08_20180510_224000,G08,2018/05/10,22:40:00,G08_20180510_224000.wav,Alejandria,El Respaldo,6.4061,-75.0534,1314,Non- forest,0,0,No_rain
2522,G08_20180510_225600,G08,2018/05/10,22:56:00,G08_20180510_225600.wav,Alejandria,El Respaldo,6.4061,-75.0534,1314,Non- forest,0,0,No_rain
2523,G08_20180510_231200,G08,2018/05/10,23:12:00,G08_20180510_231200.wav,Alejandria,El Respaldo,6.4061,-75.0534,1314,Non- forest,0,0,No_rain
2524,G08_20180510_232800,G08,2018/05/10,23:28:00,G08_20180510_232800.wav,Alejandria,El Respaldo,6.4061,-75.0534,1314,Non- forest,0,0,No_rain
2525,G08_20180510_234400,G08,2018/05/10,23:44:00,G08_20180510_234400.wav,Alejandria,El Respaldo,6.4061,-75.0534,1314,Non- forest,0,0,No_rain
2526,G08_20180511_000000,G08,2018/05/11,00:00:00,G08_20180511_000000.wav,Alejandria,El Respaldo,6.4061,-75.0534,1314,Non- forest,0,0,No_rain
2527,G08_20180511_001600,G08,2018/05/11,00:16:00,G08_20180511_001600.wav,Alejandria,El Respaldo,6.4061,-75.0534,1314,Non- forest,0,0,No_rain
2528,G08_20180511_003200,G08,2018/05/11,00:32:00,G08_20180511_003200.wav,Alejandria,El Respaldo,6.4061,-75.0534,1314,Non- forest,0,0,No_rain
2529,G08_20180511_004800,G08,2018/05/11,00:48:00,G08_20180511_004800.wav,Alejandria,El Respaldo,6.4061,-75.0534,1314,Non- forest,0,0,No_rain
2530,G08_20180511_010400,G08,2018/05/11,01:04:00,G08_20180511_010400.wav,Alejandria,El Respaldo,6.4061,-75.0534,1314,Non- forest,1,1,Light
2531,G08_20180511_012000,G08,2018/05/11,01:20:00,G08_20180511_012000.wav,Alejandria,El Respaldo,6.4061,-75.0534,1314,Non- forest,0,0,No_rain
2532,G08_20180511_013600,G08,2018/05/11,01:36:00,G08_20180511_013600.wav,Alejandria,El Respaldo,6.4061,-75.0534,1314,Non- forest,0,0,No_rain
2533,G08_20180511_015200,G08,2018/05/11,01:52:00,G08_20180511_015200.wav,Alejandria,El Respaldo,6.4061,-75.0534,1314,Non- forest,0,0,No_rain
2534,G08_20180511_020800,G08,2018/05/11,02:08:00,G08_20180511_020800.wav,Alejandria,El Respaldo,6.4061,-75.0534,1314,Non- forest,0,0,No_rain
2535,G08_20180511_022400,G08,2018/05/11,02:24:00,G08_20180511_022400.wav,Alejandria,El Respaldo,6.4061,-75.0534,1314,Non- forest,0,0,No_rain
2536,G08_20180511_024000,G08,2018/05/11,02:40:00,G08_20180511_024000.wav,Alejandria,El Respaldo,6.4061,-75.0534,1314,Non- forest,0,0,No_rain
2537,G08_20180511_025600,G08,2018/05/11,02:56:00,G08_20180511_025600.wav,Alejandria,El Respaldo,6.4061,-75.0534,1314,Non- forest,0,0,No_rain
2538,G08_20180511_031200,G08,2018/05/11,03:12:00,G08_20180511_031200.wav,Alejandria,El Respaldo,6.4061,-75.0534,1314,Non- forest,0,0,No_rain
2539,G08_20180511_032800,G08,2018/05/11,03:28:00,G08_20180511_032800.wav,Alejandria,El Respaldo,6.4061,-75.0534,1314,Non- forest,0,0,No_rain
2540,G08_20180511_034400,G08,2018/05/11,03:44:00,G08_20180511_034400.wav,Alejandria,El Respaldo,6.4061,-75.0534,1314,Non- forest,0,0,No_rain
2541,G08_20180511_040000,G08,2018/05/11,04:00:00,G08_20180511_040000.wav,Alejandria,El Respaldo,6.4061,-75.0534,1314,Non- forest,0,0,No_rain
2542,G08_20180511_041600,G08,2018/05/11,04:16:00,G08_20180511_041600.wav,Alejandria,El Respaldo,6.4061,-75.0534,1314,Non- forest,0,0,No_rain
2543,G08_20180511_043200,G08,2018/05/11,04:32:00,G08_20180511_043200.wav,Alejandria,El Respaldo,6.4061,-75.0534,1314,Non- forest,0,0,No_rain
2544,G08_20180511_044800,G08,2018/05/11,04:48:00,G08_20180511_044800.wav,Alejandria,El Respaldo,6.4061,-75.0534,1314,Non- forest,0,0,No_rain
2545,G08_20180511_080000,G08,2018/05/11,08:00:00,G08_20180511_080000.wav,Alejandria,El Respaldo,6.4061,-75.0534,1314,Non- forest,0,0,No_rain
2546,G08_20180511_081600,G08,2018/05/11,08:16:00,G08_20180511_081600.wav,Alejandria,El Respaldo,6.4061,-75.0534,1314,Non- forest,0,0,No_rain
2547,G08_20180511_083200,G08,2018/05/11,08:32:00,G08_20180511_083200.wav,Alejandria,El Respaldo,6.4061,-75.0534,1314,Non- forest,0,0,No_rain
2548,G08_20180511_084800,G08,2018/05/11,08:48:00,G08_20180511_084800.wav,Alejandria,El Respaldo,6.4061,-75.0534,1314,Non- forest,0,0,No_rain
2549,G08_20180511_090400,G08,2018/05/11,09:04:00,G08_20180511_090400.wav,Alejandria,El Respaldo,6.4061,-75.0534,1314,Non- forest,0,0,No_rain
2550,G08_20180511_092000,G08,2018/05/11,09:20:00,G08_20180511_092000.wav,Alejandria,El Respaldo,6.4061,-75.0534,1314,Non- forest,0,0,No_rain
2551,G08_20180511_093600,G08,2018/05/11,09:36:00,G08_20180511_093600.wav,Alejandria,El Respaldo,6.4061,-75.0534,1314,Non- forest,0,0,No_rain
2552,G08_20180511_095200,G08,2018/05/11,09:52:00,G08_20180511_095200.wav,Alejandria,El Respaldo,6.4061,-75.0534,1314,Non- forest,0,0,No_rain
2553,G08_20180511_100800,G08,2018/05/11,10:08:00,G08_20180511_100800.wav,Alejandria,El Respaldo,6.4061,-75.0534,1314,Non- forest,0,0,No_rain
2554,G08_20180511_102400,G08,2018/05/11,10:24:00,G08_20180511_102400.wav,Alejandria,El Respaldo,6.4061,-75.0534,1314,Non- forest,0,0,No_rain
2555,G08_20180511_104000,G08,2018/05/11,10:40:00,G08_20180511_104000.wav,Alejandria,El Respaldo,6.4061,-75.0534,1314,Non- forest,0,0,No_rain
2556,G08_20180511_105600,G08,2018/05/11,10:56:00,G08_20180511_105600.wav,Alejandria,El Respaldo,6.4061,-75.0534,1314,Non- forest,0,0,No_rain
2557,G08_20180511_111200,G08,2018/05/11,11:12:00,G08_20180511_111200.wav,Alejandria,El Respaldo,6.4061,-75.0534,1314,Non- forest,0,0,No_rain
2558,G08_20180511_112800,G08,2018/05/11,11:28:00,G08_20180511_112800.wav,Alejandria,El Respaldo,6.4061,-75.0534,1314,Non- forest,0,0,No_rain
2559,G08_20180511_114400,G08,2018/05/11,11:44:00,G08_20180511_114400.wav,Alejandria,El Respaldo,6.4061,-75.0534,1314,Non- forest,0,0,No_rain
2560,G08_20180511_120000,G08,2018/05/11,12:00:00,G08_20180511_120000.wav,Alejandria,El Respaldo,6.4061,-75.0534,1314,Non- forest,0,0,No_rain
2561,G08_20180511_121600,G08,2018/05/11,12:16:00,G08_20180511_121600.wav,Alejandria,El Respaldo,6.4061,-75.0534,1314,Non- forest,0,0,No_rain
2562,G08_20180511_123200,G08,2018/05/11,12:32:00,G08_20180511_123200.wav,Alejandria,El Respaldo,6.4061,-75.0534,1314,Non- forest,0,0,No_rain
2563,G08_20180511_124800,G08,2018/05/11,12:48:00,G08_20180511_124800.wav,Alejandria,El Respaldo,6.4061,-75.0534,1314,Non- forest,0,0,No_rain
2564,G08_20180511_130400,G08,2018/05/11,13:04:00,G08_20180511_130400.wav,Alejandria,El Respaldo,6.4061,-75.0534,1314,Non- forest,0,0,No_rain
2565,G08_20180511_132000,G08,2018/05/11,13:20:00,G08_20180511_132000.wav,Alejandria,El Respaldo,6.4061,-75.0534,1314,Non- forest,0,0,No_rain
2566,G08_20180511_133600,G08,2018/05/11,13:36:00,G08_20180511_133600.wav,Alejandria,El Respaldo,6.4061,-75.0534,1314,Non- forest,0,0,No_rain
2567,G08_20180511_135200,G08,2018/05/11,13:52:00,G08_20180511_135200.wav,Alejandria,El Respaldo,6.4061,-75.0534,1314,Non- forest,0,0,No_rain
2568,G08_20180511_140800,G08,2018/05/11,14:08:00,G08_20180511_140800.wav,Alejandria,El Respaldo,6.4061,-75.0534,1314,Non- forest,0,0,No_rain
2569,G08_20180511_142400,G08,2018/05/11,14:24:00,G08_20180511_142400.wav,Alejandria,El Respaldo,6.4061,-75.0534,1314,Non- forest,0,0,No_rain
2570,G08_20180511_144000,G08,2018/05/11,14:40:00,G08_20180511_144000.wav,Alejandria,El Respaldo,6.4061,-75.0534,1314,Non- forest,0,0,No_rain
2571,G08_20180511_145600,G08,2018/05/11,14:56:00,G08_20180511_145600.wav,Alejandria,El Respaldo,6.4061,-75.0534,1314,Non- forest,0,0,No_rain
2572,G08_20180511_151200,G08,2018/05/11,15:12:00,G08_20180511_151200.wav,Alejandria,El Respaldo,6.4061,-75.0534,1314,Non- forest,0,0,No_rain
2573,G08_20180511_152800,G08,2018/05/11,15:28:00,G08_20180511_152800.wav,Alejandria,El Respaldo,6.4061,-75.0534,1314,Non- forest,0,0,No_rain
2574,G08_20180511_154400,G08,2018/05/11,15:44:00,G08_20180511_154400.wav,Alejandria,El Respaldo,6.4061,-75.0534,1314,Non- forest,0,0,No_rain
2575,G08_20180511_160000,G08,2018/05/11,16:00:00,G08_20180511_160000.wav,Alejandria,El Respaldo,6.4061,-75.0534,1314,Non- forest,0,0,No_rain
2576,G08_20180511_161600,G08,2018/05/11,16:16:00,G08_20180511_161600.wav,Alejandria,El Respaldo,6.4061,-75.0534,1314,Non- forest,0,0,No_rain
2577,G08_20180511_163200,G08,2018/05/11,16:32:00,G08_20180511_163200.wav,Alejandria,El Respaldo,6.4061,-75.0534,1314,Non- forest,0,0,No_rain
2578,G08_20180511_164800,G08,2018/05/11,16:48:00,G08_20180511_164800.wav,Alejandria,El Respaldo,6.4061,-75.0534,1314,Non- forest,0,0,No_rain
2579,G08_20180511_200000,G08,2018/05/11,20:00:00,G08_20180511_200000.wav,Alejandria,El Respaldo,6.4061,-75.0534,1314,Non- forest,0,0,No_rain
2580,G08_20180511_201600,G08,2018/05/11,20:16:00,G08_20180511_201600.wav,Alejandria,El Respaldo,6.4061,-75.0534,1314,Non- forest,0,0,No_rain
2581,G08_20180511_203200,G08,2018/05/11,20:32:00,G08_20180511_203200.wav,Alejandria,El Respaldo,6.4061,-75.0534,1314,Non- forest,0,0,No_rain
2582,G08_20180511_204800,G08,2018/05/11,20:48:00,G08_20180511_204800.wav,Alejandria,El Respaldo,6.4061,-75.0534,1314,Non- forest,0,0,No_rain
2583,G08_20180511_210400,G08,2018/05/11,21:04:00,G08_20180511_210400.wav,Alejandria,El Respaldo,6.4061,-75.0534,1314,Non- forest,0,0,No_rain
2584,G08_20180511_212000,G08,2018/05/11,21:20:00,G08_20180511_212000.wav,Alejandria,El Respaldo,6.4061,-75.0534,1314,Non- forest,0,0,No_rain
2585,G08_20180511_213600,G08,2018/05/11,21:36:00,G08_20180511_213600.wav,Alejandria,El Respaldo,6.4061,-75.0534,1314,Non- forest,0,0,No_rain
2586,G08_20180511_215200,G08,2018/05/11,21:52:00,G08_20180511_215200.wav,Alejandria,El Respaldo,6.4061,-75.0534,1314,Non- forest,0,0,No_rain
2587,G08_20180511_220800,G08,2018/05/11,22:08:00,G08_20180511_220800.wav,Alejandria,El Respaldo,6.4061,-75.0534,1314,Non- forest,0,0,No_rain
2588,G08_20180511_222400,G08,2018/05/11,22:24:00,G08_20180511_222400.wav,Alejandria,El Respaldo,6.4061,-75.0534,1314,Non- forest,0,0,No_rain
2589,G08_20180511_224000,G08,2018/05/11,22:40:00,G08_20180511_224000.wav,Alejandria,El Respaldo,6.4061,-75.0534,1314,Non- forest,0,0,No_rain
2590,G08_20180511_225600,G08,2018/05/11,22:56:00,G08_20180511_225600.wav,Alejandria,El Respaldo,6.4061,-75.0534,1314,Non- forest,0,0,No_rain
2591,G08_20180511_231200,G08,2018/05/11,23:12:00,G08_20180511_231200.wav,Alejandria,El Respaldo,6.4061,-75.0534,1314,Non- forest,0,0,No_rain
2592,G08_20180511_232800,G08,2018/05/11,23:28:00,G08_20180511_232800.wav,Alejandria,El Respaldo,6.4061,-75.0534,1314,Non- forest,0,0,No_rain
2593,G08_20180511_234400,G08,2018/05/11,23:44:00,G08_20180511_234400.wav,Alejandria,El Respaldo,6.4061,-75.0534,1314,Non- forest,0,0,No_rain
2594,G08_20180512_000000,G08,2018/05/12,00:00:00,G08_20180512_000000.wav,Alejandria,El Respaldo,6.4061,-75.0534,1314,Non- forest,0,0,No_rain
2595,G08_20180512_001600,G08,2018/05/12,00:16:00,G08_20180512_001600.wav,Alejandria,El Respaldo,6.4061,-75.0534,1314,Non- forest,0,0,No_rain
2596,G08_20180512_003200,G08,2018/05/12,00:32:00,G08_20180512_003200.wav,Alejandria,El Respaldo,6.4061,-75.0534,1314,Non- forest,0,0,No_rain
2597,G08_20180512_004800,G08,2018/05/12,00:48:00,G08_20180512_004800.wav,Alejandria,El Respaldo,6.4061,-75.0534,1314,Non- forest,0,0,No_rain
2598,G08_20180512_010400,G08,2018/05/12,01:04:00,G08_20180512_010400.wav,Alejandria,El Respaldo,6.4061,-75.0534,1314,Non- forest,0,0,No_rain
2599,G08_20180512_012000,G08,2018/05/12,01:20:00,G08_20180512_012000.wav,Alejandria,El Respaldo,6.4061,-75.0534,1314,Non- forest,0,0,No_rain
2600,G08_20180512_013600,G08,2018/05/12,01:36:00,G08_20180512_013600.wav,Alejandria,El Respaldo,6.4061,-75.0534,1314,Non- forest,0,0,No_rain
2601,G08_20180512_015200,G08,2018/05/12,01:52:00,G08_20180512_015200.wav,Alejandria,El Respaldo,6.4061,-75.0534,1314,Non- forest,0,0,No_rain
2602,G08_20180512_020800,G08,2018/05/12,02:08:00,G08_20180512_020800.wav,Alejandria,El Respaldo,6.4061,-75.0534,1314,Non- forest,0,0,No_rain
2603,G08_20180512_022400,G08,2018/05/12,02:24:00,G08_20180512_022400.wav,Alejandria,El Respaldo,6.4061,-75.0534,1314,Non- forest,0,0,No_rain
2604,G08_20180512_024000,G08,2018/05/12,02:40:00,G08_20180512_024000.wav,Alejandria,El Respaldo,6.4061,-75.0534,1314,Non- forest,0,0,No_rain
2605,G08_20180512_025600,G08,2018/05/12,02:56:00,G08_20180512_025600.wav,Alejandria,El Respaldo,6.4061,-75.0534,1314,Non- forest,0,0,No_rain
2606,G08_20180512_031200,G08,2018/05/12,03:12:00,G08_20180512_031200.wav,Alejandria,El Respaldo,6.4061,-75.0534,1314,Non- forest,0,0,No_rain
2607,G08_20180512_032800,G08,2018/05/12,03:28:00,G08_20180512_032800.wav,Alejandria,El Respaldo,6.4061,-75.0534,1314,Non- forest,0,0,No_rain
2608,G08_20180512_034400,G08,2018/05/12,03:44:00,G08_20180512_034400.wav,Alejandria,El Respaldo,6.4061,-75.0534,1314,Non- forest,0,0,No_rain
2609,G08_20180512_040000,G08,2018/05/12,04:00:00,G08_20180512_040000.wav,Alejandria,El Respaldo,6.4061,-75.0534,1314,Non- forest,0,0,No_rain
2610,G08_20180512_041600,G08,2018/05/12,04:16:00,G08_20180512_041600.wav,Alejandria,El Respaldo,6.4061,-75.0534,1314,Non- forest,0,0,No_rain
2611,G08_20180512_043200,G08,2018/05/12,04:32:00,G08_20180512_043200.wav,Alejandria,El Respaldo,6.4061,-75.0534,1314,Non- forest,0,0,No_rain
2612,G08_20180512_044800,G08,2018/05/12,04:48:00,G08_20180512_044800.wav,Alejandria,El Respaldo,6.4061,-75.0534,1314,Non- forest,0,0,No_rain
2613,G08_20180512_080000,G08,2018/05/12,08:00:00,G08_20180512_080000.wav,Alejandria,El Respaldo,6.4061,-75.0534,1314,Non- forest,0,0,No_rain
2614,G08_20180512_081600,G08,2018/05/12,08:16:00,G08_20180512_081600.wav,Alejandria,El Respaldo,6.4061,-75.0534,1314,Non- forest,0,0,No_rain
2615,G08_20180512_083200,G08,2018/05/12,08:32:00,G08_20180512_083200.wav,Alejandria,El Respaldo,6.4061,-75.0534,1314,Non- forest,0,0,No_rain
2616,G08_20180512_084800,G08,2018/05/12,08:48:00,G08_20180512_084800.wav,Alejandria,El Respaldo,6.4061,-75.0534,1314,Non- forest,0,0,No_rain
2617,G08_20180512_090400,G08,2018/05/12,09:04:00,G08_20180512_090400.wav,Alejandria,El Respaldo,6.4061,-75.0534,1314,Non- forest,0,0,No_rain
2618,G08_20180512_092000,G08,2018/05/12,09:20:00,G08_20180512_092000.wav,Alejandria,El Respaldo,6.4061,-75.0534,1314,Non- forest,0,0,No_rain
2619,G08_20180512_093600,G08,2018/05/12,09:36:00,G08_20180512_093600.wav,Alejandria,El Respaldo,6.4061,-75.0534,1314,Non- forest,0,0,No_rain
2620,G08_20180512_095200,G08,2018/05/12,09:52:00,G08_20180512_095200.wav,Alejandria,El Respaldo,6.4061,-75.0534,1314,Non- forest,0,0,No_rain
2621,G08_20180512_100800,G08,2018/05/12,10:08:00,G08_20180512_100800.wav,Alejandria,El Respaldo,6.4061,-75.0534,1314,Non- forest,0,0,No_rain
2622,G08_20180512_102400,G08,2018/05/12,10:24:00,G08_20180512_102400.wav,Alejandria,El Respaldo,6.4061,-75.0534,1314,Non- forest,0,0,No_rain
2623,G08_20180512_104000,G08,2018/05/12,10:40:00,G08_20180512_104000.wav,Alejandria,El Respaldo,6.4061,-75.0534,1314,Non- forest,0,0,No_rain
2624,G08_20180512_105600,G08,2018/05/12,10:56:00,G08_20180512_105600.wav,Alejandria,El Respaldo,6.4061,-75.0534,1314,Non- forest,0,0,No_rain
2625,G08_20180512_111200,G08,2018/05/12,11:12:00,G08_20180512_111200.wav,Alejandria,El Respaldo,6.4061,-75.0534,1314,Non- forest,0,0,No_rain
2626,G08_20180512_112800,G08,2018/05/12,11:28:00,G08_20180512_112800.wav,Alejandria,El Respaldo,6.4061,-75.0534,1314,Non- forest,0,0,No_rain
2627,G08_20180512_114400,G08,2018/05/12,11:44:00,G08_20180512_114400.wav,Alejandria,El Respaldo,6.4061,-75.0534,1314,Non- forest,0,0,No_rain
2628,G08_20180512_120000,G08,2018/05/12,12:00:00,G08_20180512_120000.wav,Alejandria,El Respaldo,6.4061,-75.0534,1314,Non- forest,0,0,No_rain
2629,G08_20180512_121600,G08,2018/05/12,12:16:00,G08_20180512_121600.wav,Alejandria,El Respaldo,6.4061,-75.0534,1314,Non- forest,0,0,No_rain
2630,G08_20180512_123200,G08,2018/05/12,12:32:00,G08_20180512_123200.wav,Alejandria,El Respaldo,6.4061,-75.0534,1314,Non- forest,0,0,No_rain
2631,G08_20180512_124800,G08,2018/05/12,12:48:00,G08_20180512_124800.wav,Alejandria,El Respaldo,6.4061,-75.0534,1314,Non- forest,0,0,No_rain
2632,G08_20180512_130400,G08,2018/05/12,13:04:00,G08_20180512_130400.wav,Alejandria,El Respaldo,6.4061,-75.0534,1314,Non- forest,0,0,No_rain
2633,G08_20180512_132000,G08,2018/05/12,13:20:00,G08_20180512_132000.wav,Alejandria,El Respaldo,6.4061,-75.0534,1314,Non- forest,0,0,No_rain
2634,G08_20180512_133600,G08,2018/05/12,13:36:00,G08_20180512_133600.wav,Alejandria,El Respaldo,6.4061,-75.0534,1314,Non- forest,0,0,No_rain
2635,G08_20180512_135200,G08,2018/05/12,13:52:00,G08_20180512_135200.wav,Alejandria,El Respaldo,6.4061,-75.0534,1314,Non- forest,0,0,No_rain
2636,G08_20180512_140800,G08,2018/05/12,14:08:00,G08_20180512_140800.wav,Alejandria,El Respaldo,6.4061,-75.0534,1314,Non- forest,0,0,No_rain
2637,G08_20180512_142400,G08,2018/05/12,14:24:00,G08_20180512_142400.wav,Alejandria,El Respaldo,6.4061,-75.0534,1314,Non- forest,0,0,No_rain
2638,G08_20180512_144000,G08,2018/05/12,14:40:00,G08_20180512_144000.wav,Alejandria,El Respaldo,6.4061,-75.0534,1314,Non- forest,0,0,No_rain
2639,G08_20180512_145600,G08,2018/05/12,14:56:00,G08_20180512_145600.wav,Alejandria,El Respaldo,6.4061,-75.0534,1314,Non- forest,0,0,No_rain
2640,G08_20180512_151200,G08,2018/05/12,15:12:00,G08_20180512_151200.wav,Alejandria,El Respaldo,6.4061,-75.0534,1314,Non- forest,0,0,No_rain
2641,G08_20180512_152800,G08,2018/05/12,15:28:00,G08_20180512_152800.wav,Alejandria,El Respaldo,6.4061,-75.0534,1314,Non- forest,0,0,No_rain
2642,G08_20180512_154400,G08,2018/05/12,15:44:00,G08_20180512_154400.wav,Alejandria,El Respaldo,6.4061,-75.0534,1314,Non- forest,0,0,No_rain
2643,G08_20180512_160000,G08,2018/05/12,16:00:00,G08_20180512_160000.wav,Alejandria,El Respaldo,6.4061,-75.0534,1314,Non- forest,0,0,No_rain
2644,G08_20180512_161600,G08,2018/05/12,16:16:00,G08_20180512_161600.wav,Alejandria,El Respaldo,6.4061,-75.0534,1314,Non- forest,0,0,No_rain
2645,G08_20180512_163200,G08,2018/05/12,16:32:00,G08_20180512_163200.wav,Alejandria,El Respaldo,6.4061,-75.0534,1314,Non- forest,0,0,No_rain
2646,G08_20180512_164800,G08,2018/05/12,16:48:00,G08_20180512_164800.wav,Alejandria,El Respaldo,6.4061,-75.0534,1314,Non- forest,0,0,No_rain
2647,G08_20180512_200000,G08,2018/05/12,20:00:00,G08_20180512_200000.wav,Alejandria,El Respaldo,6.4061,-75.0534,1314,Non- forest,0,0,No_rain
2648,G08_20180512_201600,G08,2018/05/12,20:16:00,G08_20180512_201600.wav,Alejandria,El Respaldo,6.4061,-75.0534,1314,Non- forest,0,0,No_rain
2649,G08_20180512_203200,G08,2018/05/12,20:32:00,G08_20180512_203200.wav,Alejandria,El Respaldo,6.4061,-75.0534,1314,Non- forest,0,0,No_rain
2650,G08_20180512_204800,G08,2018/05/12,20:48:00,G08_20180512_204800.wav,Alejandria,El Respaldo,6.4061,-75.0534,1314,Non- forest,0,0,No_rain
2651,G08_20180512_210400,G08,2018/05/12,21:04:00,G08_20180512_210400.wav,Alejandria,El Respaldo,6.4061,-75.0534,1314,Non- forest,0,0,No_rain
2652,G08_20180512_212000,G08,2018/05/12,21:20:00,G08_20180512_212000.wav,Alejandria,El Respaldo,6.4061,-75.0534,1314,Non- forest,0,0,No_rain
2653,G08_20180512_213600,G08,2018/05/12,21:36:00,G08_20180512_213600.wav,Alejandria,El Respaldo,6.4061,-75.0534,1314,Non- forest,0,0,No_rain
2654,G08_20180512_215200,G08,2018/05/12,21:52:00,G08_20180512_215200.wav,Alejandria,El Respaldo,6.4061,-75.0534,1314,Non- forest,0,0,No_rain
2655,G08_20180512_220800,G08,2018/05/12,22:08:00,G08_20180512_220800.wav,Alejandria,El Respaldo,6.4061,-75.0534,1314,Non- forest,1,1,Light
2656,G08_20180512_222400,G08,2018/05/12,22:24:00,G08_20180512_222400.wav,Alejandria,El Respaldo,6.4061,-75.0534,1314,Non- forest,1,2,Moderate
2657,G08_20180512_224000,G08,2018/05/12,22:40:00,G08_20180512_224000.wav,Alejandria,El Respaldo,6.4061,-75.0534,1314,Non- forest,1,1,Light
2658,G08_20180512_225600,G08,2018/05/12,22:56:00,G08_20180512_225600.wav,Alejandria,El Respaldo,6.4061,-75.0534,1314,Non- forest,1,1,Light
2659,G08_20180512_231200,G08,2018/05/12,23:12:00,G08_20180512_231200.wav,Alejandria,El Respaldo,6.4061,-75.0534,1314,Non- forest,1,1,Light
2660,G08_20180512_232800,G08,2018/05/12,23:28:00,G08_20180512_232800.wav,Alejandria,El Respaldo,6.4061,-75.0534,1314,Non- forest,1,1,Light
2661,G08_20180512_234400,G08,2018/05/12,23:44:00,G08_20180512_234400.wav,Alejandria,El Respaldo,6.4061,-75.0534,1314,Non- forest,1,1,Light
2662,G08_20180513_000000,G08,2018/05/13,00:00:00,G08_20180513_000000.wav,Alejandria,El Respaldo,6.4061,-75.0534,1314,Non- forest,1,1,Light
2663,G08_20180513_001600,G08,2018/05/13,00:16:00,G08_20180513_001600.wav,Alejandria,El Respaldo,6.4061,-75.0534,1314,Non- forest,1,2,Moderate
2664,G08_20180513_003200,G08,2018/05/13,00:32:00,G08_20180513_003200.wav,Alejandria,El Respaldo,6.4061,-75.0534,1314,Non- forest,1,1,Light
2665,G08_20180513_004800,G08,2018/05/13,00:48:00,G08_20180513_004800.wav,Alejandria,El Respaldo,6.4061,-75.0534,1314,Non- forest,1,1,Light
2666,G08_20180513_010400,G08,2018/05/13,01:04:00,G08_20180513_010400.wav,Alejandria,El Respaldo,6.4061,-75.0534,1314,Non- forest,1,1,Light
2667,G08_20180513_012000,G08,2018/05/13,01:20:00,G08_20180513_012000.wav,Alejandria,El Respaldo,6.4061,-75.0534,1314,Non- forest,1,1,Light
2668,G08_20180513_013600,G08,2018/05/13,01:36:00,G08_20180513_013600.wav,Alejandria,El Respaldo,6.4061,-75.0534,1314,Non- forest,1,1,Light
2669,G08_20180513_015200,G08,2018/05/13,01:52:00,G08_20180513_015200.wav,Alejandria,El Respaldo,6.4061,-75.0534,1314,Non- forest,1,1,Light
2670,G08_20180513_020800,G08,2018/05/13,02:08:00,G08_20180513_020800.wav,Alejandria,El Respaldo,6.4061,-75.0534,1314,Non- forest,1,1,Light
2671,G08_20180513_022400,G08,2018/05/13,02:24:00,G08_20180513_022400.wav,Alejandria,El Respaldo,6.4061,-75.0534,1314,Non- forest,1,1,Light
2672,G08_20180513_024000,G08,2018/05/13,02:40:00,G08_20180513_024000.wav,Alejandria,El Respaldo,6.4061,-75.0534,1314,Non- forest,1,1,Light
2673,G08_20180513_025600,G08,2018/05/13,02:56:00,G08_20180513_025600.wav,Alejandria,El Respaldo,6.4061,-75.0534,1314,Non- forest,0,0,No_rain
2674,G08_20180513_031200,G08,2018/05/13,03:12:00,G08_20180513_031200.wav,Alejandria,El Respaldo,6.4061,-75.0534,1314,Non- forest,1,1,Light
2675,G08_20180513_032800,G08,2018/05/13,03:28:00,G08_20180513_032800.wav,Alejandria,El Respaldo,6.4061,-75.0534,1314,Non- forest,1,1,Light
2676,G08_20180513_034400,G08,2018/05/13,03:44:00,G08_20180513_034400.wav,Alejandria,El Respaldo,6.4061,-75.0534,1314,Non- forest,0,0,No_rain
2677,G08_20180513_040000,G08,2018/05/13,04:00:00,G08_20180513_040000.wav,Alejandria,El Respaldo,6.4061,-75.0534,1314,Non- forest,0,0,No_rain
2678,G08_20180513_041600,G08,2018/05/13,04:16:00,G08_20180513_041600.wav,Alejandria,El Respaldo,6.4061,-75.0534,1314,Non- forest,0,0,No_rain
2679,G08_20180513_043200,G08,2018/05/13,04:32:00,G08_20180513_043200.wav,Alejandria,El Respaldo,6.4061,-75.0534,1314,Non- forest,0,0,No_rain
2680,G08_20180513_044800,G08,2018/05/13,04:48:00,G08_20180513_044800.wav,Alejandria,El Respaldo,6.4061,-75.0534,1314,Non- forest,0,0,No_rain
2681,G08_20180513_080000,G08,2018/05/13,08:00:00,G08_20180513_080000.wav,Alejandria,El Respaldo,6.4061,-75.0534,1314,Non- forest,0,0,No_rain
2682,G08_20180513_081600,G08,2018/05/13,08:16:00,G08_20180513_081600.wav,Alejandria,El Respaldo,6.4061,-75.0534,1314,Non- forest,0,0,No_rain
2683,G08_20180513_083200,G08,2018/05/13,08:32:00,G08_20180513_083200.wav,Alejandria,El Respaldo,6.4061,-75.0534,1314,Non- forest,0,0,No_rain
2684,G08_20180513_084800,G08,2018/05/13,08:48:00,G08_20180513_084800.wav,Alejandria,El Respaldo,6.4061,-75.0534,1314,Non- forest,0,0,No_rain
2685,G08_20180513_090400,G08,2018/05/13,09:04:00,G08_20180513_090400.wav,Alejandria,El Respaldo,6.4061,-75.0534,1314,Non- forest,0,0,No_rain
2686,G08_20180513_092000,G08,2018/05/13,09:20:00,G08_20180513_092000.wav,Alejandria,El Respaldo,6.4061,-75.0534,1314,Non- forest,0,0,No_rain
2687,G08_20180513_093600,G08,2018/05/13,09:36:00,G08_20180513_093600.wav,Alejandria,El Respaldo,6.4061,-75.0534,1314,Non- forest,0,0,No_rain
2688,G08_20180513_095200,G08,2018/05/13,09:52:00,G08_20180513_095200.wav,Alejandria,El Respaldo,6.4061,-75.0534,1314,Non- forest,0,0,No_rain
2689,G08_20180513_100800,G08,2018/05/13,10:08:00,G08_20180513_100800.wav,Alejandria,El Respaldo,6.4061,-75.0534,1314,Non- forest,0,0,No_rain
2690,G08_20180513_102400,G08,2018/05/13,10:24:00,G08_20180513_102400.wav,Alejandria,El Respaldo,6.4061,-75.0534,1314,Non- forest,0,0,No_rain
2691,G08_20180513_104000,G08,2018/05/13,10:40:00,G08_20180513_104000.wav,Alejandria,El Respaldo,6.4061,-75.0534,1314,Non- forest,0,0,No_rain
2692,G08_20180513_105600,G08,2018/05/13,10:56:00,G08_20180513_105600.wav,Alejandria,El Respaldo,6.4061,-75.0534,1314,Non- forest,0,0,No_rain
2693,G08_20180513_111200,G08,2018/05/13,11:12:00,G08_20180513_111200.wav,Alejandria,El Respaldo,6.4061,-75.0534,1314,Non- forest,0,0,No_rain
2694,G08_20180513_112800,G08,2018/05/13,11:28:00,G08_20180513_112800.wav,Alejandria,El Respaldo,6.4061,-75.0534,1314,Non- forest,0,0,No_rain
2695,G08_20180513_114400,G08,2018/05/13,11:44:00,G08_20180513_114400.wav,Alejandria,El Respaldo,6.4061,-75.0534,1314,Non- forest,0,0,No_rain
2696,G08_20180513_120000,G08,2018/05/13,12:00:00,G08_20180513_120000.wav,Alejandria,El Respaldo,6.4061,-75.0534,1314,Non- forest,0,0,No_rain
2697,G08_20180513_121600,G08,2018/05/13,12:16:00,G08_20180513_121600.wav,Alejandria,El Respaldo,6.4061,-75.0534,1314,Non- forest,0,0,No_rain
2698,G08_20180513_123200,G08,2018/05/13,12:32:00,G08_20180513_123200.wav,Alejandria,El Respaldo,6.4061,-75.0534,1314,Non- forest,0,0,No_rain
2699,G08_20180513_124800,G08,2018/05/13,12:48:00,G08_20180513_124800.wav,Alejandria,El Respaldo,6.4061,-75.0534,1314,Non- forest,0,0,No_rain
2700,G08_20180513_130400,G08,2018/05/13,13:04:00,G08_20180513_130400.wav,Alejandria,El Respaldo,6.4061,-75.0534,1314,Non- forest,0,0,No_rain
2701,G08_20180513_132000,G08,2018/05/13,13:20:00,G08_20180513_132000.wav,Alejandria,El Respaldo,6.4061,-75.0534,1314,Non- forest,0,0,No_rain
2702,G08_20180513_133600,G08,2018/05/13,13:36:00,G08_20180513_133600.wav,Alejandria,El Respaldo,6.4061,-75.0534,1314,Non- forest,0,0,No_rain
2703,G08_20180513_135200,G08,2018/05/13,13:52:00,G08_20180513_135200.wav,Alejandria,El Respaldo,6.4061,-75.0534,1314,Non- forest,0,0,No_rain
2704,G08_20180513_140800,G08,2018/05/13,14:08:00,G08_20180513_140800.wav,Alejandria,El Respaldo,6.4061,-75.0534,1314,Non- forest,0,0,No_rain
2705,G08_20180513_142400,G08,2018/05/13,14:24:00,G08_20180513_142400.wav,Alejandria,El Respaldo,6.4061,-75.0534,1314,Non- forest,0,0,No_rain
2706,G08_20180513_144000,G08,2018/05/13,14:40:00,G08_20180513_144000.wav,Alejandria,El Respaldo,6.4061,-75.0534,1314,Non- forest,0,0,No_rain
2707,G08_20180513_145600,G08,2018/05/13,14:56:00,G08_20180513_145600.wav,Alejandria,El Respaldo,6.4061,-75.0534,1314,Non- forest,0,0,No_rain
2708,G08_20180513_151200,G08,2018/05/13,15:12:00,G08_20180513_151200.wav,Alejandria,El Respaldo,6.4061,-75.0534,1314,Non- forest,0,0,No_rain
2709,G08_20180513_152800,G08,2018/05/13,15:28:00,G08_20180513_152800.wav,Alejandria,El Respaldo,6.4061,-75.0534,1314,Non- forest,0,0,No_rain
2710,G08_20180513_154400,G08,2018/05/13,15:44:00,G08_20180513_154400.wav,Alejandria,El Respaldo,6.4061,-75.0534,1314,Non- forest,0,0,No_rain
2711,G08_20180513_160000,G08,2018/05/13,16:00:00,G08_20180513_160000.wav,Alejandria,El Respaldo,6.4061,-75.0534,1314,Non- forest,0,0,No_rain
2712,G08_20180513_161600,G08,2018/05/13,16:16:00,G08_20180513_161600.wav,Alejandria,El Respaldo,6.4061,-75.0534,1314,Non- forest,0,0,No_rain
2713,G08_20180513_163200,G08,2018/05/13,16:32:00,G08_20180513_163200.wav,Alejandria,El Respaldo,6.4061,-75.0534,1314,Non- forest,0,0,No_rain
2714,G08_20180513_164800,G08,2018/05/13,16:48:00,G08_20180513_164800.wav,Alejandria,El Respaldo,6.4061,-75.0534,1314,Non- forest,0,0,No_rain
2715,G08_20180513_200000,G08,2018/05/13,20:00:00,G08_20180513_200000.wav,Alejandria,El Respaldo,6.4061,-75.0534,1314,Non- forest,0,0,No_rain
2716,G08_20180513_201600,G08,2018/05/13,20:16:00,G08_20180513_201600.wav,Alejandria,El Respaldo,6.4061,-75.0534,1314,Non- forest,0,0,No_rain
2717,G08_20180513_203200,G08,2018/05/13,20:32:00,G08_20180513_203200.wav,Alejandria,El Respaldo,6.4061,-75.0534,1314,Non- forest,0,0,No_rain
2718,G08_20180513_204800,G08,2018/05/13,20:48:00,G08_20180513_204800.wav,Alejandria,El Respaldo,6.4061,-75.0534,1314,Non- forest,0,0,No_rain
2719,G08_20180513_210400,G08,2018/05/13,21:04:00,G08_20180513_210400.wav,Alejandria,El Respaldo,6.4061,-75.0534,1314,Non- forest,0,0,No_rain
2720,G08_20180513_212000,G08,2018/05/13,21:20:00,G08_20180513_212000.wav,Alejandria,El Respaldo,6.4061,-75.0534,1314,Non- forest,1,1,Light
2721,G08_20180513_213600,G08,2018/05/13,21:36:00,G08_20180513_213600.wav,Alejandria,El Respaldo,6.4061,-75.0534,1314,Non- forest,0,0,No_rain
2722,G08_20180513_215200,G08,2018/05/13,21:52:00,G08_20180513_215200.wav,Alejandria,El Respaldo,6.4061,-75.0534,1314,Non- forest,0,0,No_rain
2723,G08_20180513_220800,G08,2018/05/13,22:08:00,G08_20180513_220800.wav,Alejandria,El Respaldo,6.4061,-75.0534,1314,Non- forest,1,2,Moderate
2724,G08_20180513_222400,G08,2018/05/13,22:24:00,G08_20180513_222400.wav,Alejandria,El Respaldo,6.4061,-75.0534,1314,Non- forest,1,2,Moderate
2725,G08_20180513_224000,G08,2018/05/13,22:40:00,G08_20180513_224000.wav,Alejandria,El Respaldo,6.4061,-75.0534,1314,Non- forest,1,2,Moderate
2726,G08_20180513_225600,G08,2018/05/13,22:56:00,G08_20180513_225600.wav,Alejandria,El Respaldo,6.4061,-75.0534,1314,Non- forest,1,2,Moderate
2727,G08_20180513_231200,G08,2018/05/13,23:12:00,G08_20180513_231200.wav,Alejandria,El Respaldo,6.4061,-75.0534,1314,Non- forest,1,3,Heavy
2728,G08_20180513_232800,G08,2018/05/13,23:28:00,G08_20180513_232800.wav,Alejandria,El Respaldo,6.4061,-75.0534,1314,Non- forest,1,2,Moderate
2729,G08_20180513_234400,G08,2018/05/13,23:44:00,G08_20180513_234400.wav,Alejandria,El Respaldo,6.4061,-75.0534,1314,Non- forest,1,2,Moderate
2730,G08_20180514_000000,G08,2018/05/14,00:00:00,G08_20180514_000000.wav,Alejandria,El Respaldo,6.4061,-75.0534,1314,Non- forest,1,2,Moderate
2731,G08_20180514_001600,G08,2018/05/14,00:16:00,G08_20180514_001600.wav,Alejandria,El Respaldo,6.4061,-75.0534,1314,Non- forest,1,2,Moderate
2732,G08_20180514_003200,G08,2018/05/14,00:32:00,G08_20180514_003200.wav,Alejandria,El Respaldo,6.4061,-75.0534,1314,Non- forest,1,2,Moderate
2733,G08_20180514_004800,G08,2018/05/14,00:48:00,G08_20180514_004800.wav,Alejandria,El Respaldo,6.4061,-75.0534,1314,Non- forest,1,1,Light
2734,G08_20180514_010400,G08,2018/05/14,01:04:00,G08_20180514_010400.wav,Alejandria,El Respaldo,6.4061,-75.0534,1314,Non- forest,1,1,Light
2735,G08_20180514_012000,G08,2018/05/14,01:20:00,G08_20180514_012000.wav,Alejandria,El Respaldo,6.4061,-75.0534,1314,Non- forest,1,1,Light
2736,G08_20180514_013600,G08,2018/05/14,01:36:00,G08_20180514_013600.wav,Alejandria,El Respaldo,6.4061,-75.0534,1314,Non- forest,1,1,Light
2737,G08_20180514_015200,G08,2018/05/14,01:52:00,G08_20180514_015200.wav,Alejandria,El Respaldo,6.4061,-75.0534,1314,Non- forest,1,2,Moderate
2738,G08_20180514_020800,G08,2018/05/14,02:08:00,G08_20180514_020800.wav,Alejandria,El Respaldo,6.4061,-75.0534,1314,Non- forest,1,2,Moderate
2739,G08_20180514_022400,G08,2018/05/14,02:24:00,G08_20180514_022400.wav,Alejandria,El Respaldo,6.4061,-75.0534,1314,Non- forest,1,1,Light
2740,G08_20180514_024000,G08,2018/05/14,02:40:00,G08_20180514_024000.wav,Alejandria,El Respaldo,6.4061,-75.0534,1314,Non- forest,1,2,Moderate
2741,G08_20180514_025600,G08,2018/05/14,02:56:00,G08_20180514_025600.wav,Alejandria,El Respaldo,6.4061,-75.0534,1314,Non- forest,1,2,Moderate
2742,G08_20180514_031200,G08,2018/05/14,03:12:00,G08_20180514_031200.wav,Alejandria,El Respaldo,6.4061,-75.0534,1314,Non- forest,1,1,Light
2743,G08_20180514_032800,G08,2018/05/14,03:28:00,G08_20180514_032800.wav,Alejandria,El Respaldo,6.4061,-75.0534,1314,Non- forest,1,1,Light
2744,G08_20180514_034400,G08,2018/05/14,03:44:00,G08_20180514_034400.wav,Alejandria,El Respaldo,6.4061,-75.0534,1314,Non- forest,1,1,Light
2745,G08_20180514_040000,G08,2018/05/14,04:00:00,G08_20180514_040000.wav,Alejandria,El Respaldo,6.4061,-75.0534,1314,Non- forest,1,1,Light
2746,G08_20180514_041600,G08,2018/05/14,04:16:00,G08_20180514_041600.wav,Alejandria,El Respaldo,6.4061,-75.0534,1314,Non- forest,1,1,Light
2747,G08_20180514_043200,G08,2018/05/14,04:32:00,G08_20180514_043200.wav,Alejandria,El Respaldo,6.4061,-75.0534,1314,Non- forest,1,1,Light
2748,G08_20180514_044800,G08,2018/05/14,04:48:00,G08_20180514_044800.wav,Alejandria,El Respaldo,6.4061,-75.0534,1314,Non- forest,1,1,Light
2749,G08_20180514_080000,G08,2018/05/14,08:00:00,G08_20180514_080000.wav,Alejandria,El Respaldo,6.4061,-75.0534,1314,Non- forest,0,0,No_rain
2750,G08_20180514_081600,G08,2018/05/14,08:16:00,G08_20180514_081600.wav,Alejandria,El Respaldo,6.4061,-75.0534,1314,Non- forest,0,0,No_rain
2751,G08_20180514_083200,G08,2018/05/14,08:32:00,G08_20180514_083200.wav,Alejandria,El Respaldo,6.4061,-75.0534,1314,Non- forest,0,0,No_rain
2752,G08_20180514_084800,G08,2018/05/14,08:48:00,G08_20180514_084800.wav,Alejandria,El Respaldo,6.4061,-75.0534,1314,Non- forest,0,0,No_rain
2753,G08_20180514_090400,G08,2018/05/14,09:04:00,G08_20180514_090400.wav,Alejandria,El Respaldo,6.4061,-75.0534,1314,Non- forest,0,0,No_rain
2754,G08_20180514_092000,G08,2018/05/14,09:20:00,G08_20180514_092000.wav,Alejandria,El Respaldo,6.4061,-75.0534,1314,Non- forest,0,0,No_rain
2755,G08_20180514_093600,G08,2018/05/14,09:36:00,G08_20180514_093600.wav,Alejandria,El Respaldo,6.4061,-75.0534,1314,Non- forest,0,0,No_rain
2756,G08_20180514_095200,G08,2018/05/14,09:52:00,G08_20180514_095200.wav,Alejandria,El Respaldo,6.4061,-75.0534,1314,Non- forest,0,0,No_rain
2757,G08_20180514_100800,G08,2018/05/14,10:08:00,G08_20180514_100800.wav,Alejandria,El Respaldo,6.4061,-75.0534,1314,Non- forest,0,0,No_rain
2758,G08_20180514_102400,G08,2018/05/14,10:24:00,G08_20180514_102400.wav,Alejandria,El Respaldo,6.4061,-75.0534,1314,Non- forest,0,0,No_rain
2759,G08_20180514_104000,G08,2018/05/14,10:40:00,G08_20180514_104000.wav,Alejandria,El Respaldo,6.4061,-75.0534,1314,Non- forest,0,0,No_rain
2760,G08_20180514_105600,G08,2018/05/14,10:56:00,G08_20180514_105600.wav,Alejandria,El Respaldo,6.4061,-75.0534,1314,Non- forest,0,0,No_rain
2761,G08_20180514_111200,G08,2018/05/14,11:12:00,G08_20180514_111200.wav,Alejandria,El Respaldo,6.4061,-75.0534,1314,Non- forest,0,0,No_rain
2762,G08_20180514_112800,G08,2018/05/14,11:28:00,G08_20180514_112800.wav,Alejandria,El Respaldo,6.4061,-75.0534,1314,Non- forest,0,0,No_rain
2763,G08_20180514_114400,G08,2018/05/14,11:44:00,G08_20180514_114400.wav,Alejandria,El Respaldo,6.4061,-75.0534,1314,Non- forest,0,0,No_rain
2764,G08_20180514_120000,G08,2018/05/14,12:00:00,G08_20180514_120000.wav,Alejandria,El Respaldo,6.4061,-75.0534,1314,Non- forest,0,0,No_rain
2765,G08_20180514_121600,G08,2018/05/14,12:16:00,G08_20180514_121600.wav,Alejandria,El Respaldo,6.4061,-75.0534,1314,Non- forest,0,0,No_rain
2766,G08_20180514_123200,G08,2018/05/14,12:32:00,G08_20180514_123200.wav,Alejandria,El Respaldo,6.4061,-75.0534,1314,Non- forest,0,0,No_rain
2767,G08_20180514_124800,G08,2018/05/14,12:48:00,G08_20180514_124800.wav,Alejandria,El Respaldo,6.4061,-75.0534,1314,Non- forest,0,0,No_rain
2768,G08_20180514_130400,G08,2018/05/14,13:04:00,G08_20180514_130400.wav,Alejandria,El Respaldo,6.4061,-75.0534,1314,Non- forest,0,0,No_rain
2769,G08_20180514_132000,G08,2018/05/14,13:20:00,G08_20180514_132000.wav,Alejandria,El Respaldo,6.4061,-75.0534,1314,Non- forest,0,0,No_rain
2770,G08_20180514_133600,G08,2018/05/14,13:36:00,G08_20180514_133600.wav,Alejandria,El Respaldo,6.4061,-75.0534,1314,Non- forest,0,0,No_rain
2771,G08_20180514_135200,G08,2018/05/14,13:52:00,G08_20180514_135200.wav,Alejandria,El Respaldo,6.4061,-75.0534,1314,Non- forest,0,0,No_rain
2772,G08_20180514_140800,G08,2018/05/14,14:08:00,G08_20180514_140800.wav,Alejandria,El Respaldo,6.4061,-75.0534,1314,Non- forest,0,0,No_rain
2773,G08_20180514_142400,G08,2018/05/14,14:24:00,G08_20180514_142400.wav,Alejandria,El Respaldo,6.4061,-75.0534,1314,Non- forest,0,0,No_rain
2774,G08_20180514_144000,G08,2018/05/14,14:40:00,G08_20180514_144000.wav,Alejandria,El Respaldo,6.4061,-75.0534,1314,Non- forest,0,0,No_rain
2775,G08_20180514_145600,G08,2018/05/14,14:56:00,G08_20180514_145600.wav,Alejandria,El Respaldo,6.4061,-75.0534,1314,Non- forest,0,0,No_rain
2776,G08_20180514_151200,G08,2018/05/14,15:12:00,G08_20180514_151200.wav,Alejandria,El Respaldo,6.4061,-75.0534,1314,Non- forest,0,0,No_rain
2777,G08_20180514_152800,G08,2018/05/14,15:28:00,G08_20180514_152800.wav,Alejandria,El Respaldo,6.4061,-75.0534,1314,Non- forest,0,0,No_rain
2778,G08_20180514_154400,G08,2018/05/14,15:44:00,G08_20180514_154400.wav,Alejandria,El Respaldo,6.4061,-75.0534,1314,Non- forest,0,0,No_rain
2779,G08_20180514_160000,G08,2018/05/14,16:00:00,G08_20180514_160000.wav,Alejandria,El Respaldo,6.4061,-75.0534,1314,Non- forest,0,0,No_rain
2780,G08_20180514_161600,G08,2018/05/14,16:16:00,G08_20180514_161600.wav,Alejandria,El Respaldo,6.4061,-75.0534,1314,Non- forest,0,0,No_rain
2781,G08_20180514_163200,G08,2018/05/14,16:32:00,G08_20180514_163200.wav,Alejandria,El Respaldo,6.4061,-75.0534,1314,Non- forest,0,0,No_rain
2782,G08_20180514_164800,G08,2018/05/14,16:48:00,G08_20180514_164800.wav,Alejandria,El Respaldo,6.4061,-75.0534,1314,Non- forest,0,0,No_rain
2783,G08_20180514_200000,G08,2018/05/14,20:00:00,G08_20180514_200000.wav,Alejandria,El Respaldo,6.4061,-75.0534,1314,Non- forest,1,3,Heavy
2784,G08_20180514_201600,G08,2018/05/14,20:16:00,G08_20180514_201600.wav,Alejandria,El Respaldo,6.4061,-75.0534,1314,Non- forest,1,3,Heavy
2785,G08_20180514_203200,G08,2018/05/14,20:32:00,G08_20180514_203200.wav,Alejandria,El Respaldo,6.4061,-75.0534,1314,Non- forest,1,3,Heavy
2786,G08_20180514_204800,G08,2018/05/14,20:48:00,G08_20180514_204800.wav,Alejandria,El Respaldo,6.4061,-75.0534,1314,Non- forest,1,2,Moderate
2787,G08_20180514_210400,G08,2018/05/14,21:04:00,G08_20180514_210400.wav,Alejandria,El Respaldo,6.4061,-75.0534,1314,Non- forest,1,2,Moderate
2788,G08_20180514_212000,G08,2018/05/14,21:20:00,G08_20180514_212000.wav,Alejandria,El Respaldo,6.4061,-75.0534,1314,Non- forest,1,1,Light
2789,G08_20180514_213600,G08,2018/05/14,21:36:00,G08_20180514_213600.wav,Alejandria,El Respaldo,6.4061,-75.0534,1314,Non- forest,1,2,Moderate
2790,G08_20180514_215200,G08,2018/05/14,21:52:00,G08_20180514_215200.wav,Alejandria,El Respaldo,6.4061,-75.0534,1314,Non- forest,1,2,Moderate
2791,G08_20180514_220800,G08,2018/05/14,22:08:00,G08_20180514_220800.wav,Alejandria,El Respaldo,6.4061,-75.0534,1314,Non- forest,1,2,Moderate
2792,G08_20180514_222400,G08,2018/05/14,22:24:00,G08_20180514_222400.wav,Alejandria,El Respaldo,6.4061,-75.0534,1314,Non- forest,1,2,Moderate
2793,G08_20180514_224000,G08,2018/05/14,22:40:00,G08_20180514_224000.wav,Alejandria,El Respaldo,6.4061,-75.0534,1314,Non- forest,1,2,Moderate
2794,G08_20180514_225600,G08,2018/05/14,22:56:00,G08_20180514_225600.wav,Alejandria,El Respaldo,6.4061,-75.0534,1314,Non- forest,1,2,Moderate
2795,G08_20180514_231200,G08,2018/05/14,23:12:00,G08_20180514_231200.wav,Alejandria,El Respaldo,6.4061,-75.0534,1314,Non- forest,1,2,Moderate
2796,G08_20180514_232800,G08,2018/05/14,23:28:00,G08_20180514_232800.wav,Alejandria,El Respaldo,6.4061,-75.0534,1314,Non- forest,1,2,Moderate
2797,G08_20180514_234400,G08,2018/05/14,23:44:00,G08_20180514_234400.wav,Alejandria,El Respaldo,6.4061,-75.0534,1314,Non- forest,1,1,Light
2798,G08_20180515_000000,G08,2018/05/15,00:00:00,G08_20180515_000000.wav,Alejandria,El Respaldo,6.4061,-75.0534,1314,Non- forest,1,1,Light
2799,G08_20180515_001600,G08,2018/05/15,00:16:00,G08_20180515_001600.wav,Alejandria,El Respaldo,6.4061,-75.0534,1314,Non- forest,1,1,Light
2800,G08_20180515_003200,G08,2018/05/15,00:32:00,G08_20180515_003200.wav,Alejandria,El Respaldo,6.4061,-75.0534,1314,Non- forest,1,1,Light
2801,G08_20180515_004800,G08,2018/05/15,00:48:00,G08_20180515_004800.wav,Alejandria,El Respaldo,6.4061,-75.0534,1314,Non- forest,1,1,Light
2802,G08_20180515_010400,G08,2018/05/15,01:04:00,G08_20180515_010400.wav,Alejandria,El Respaldo,6.4061,-75.0534,1314,Non- forest,1,1,Light
2803,G08_20180515_012000,G08,2018/05/15,01:20:00,G08_20180515_012000.wav,Alejandria,El Respaldo,6.4061,-75.0534,1314,Non- forest,1,1,Light
2804,G08_20180515_013600,G08,2018/05/15,01:36:00,G08_20180515_013600.wav,Alejandria,El Respaldo,6.4061,-75.0534,1314,Non- forest,1,1,Light
2805,G08_20180515_015200,G08,2018/05/15,01:52:00,G08_20180515_015200.wav,Alejandria,El Respaldo,6.4061,-75.0534,1314,Non- forest,1,1,Light
2806,G08_20180515_020800,G08,2018/05/15,02:08:00,G08_20180515_020800.wav,Alejandria,El Respaldo,6.4061,-75.0534,1314,Non- forest,1,1,Light
2807,G08_20180515_022400,G08,2018/05/15,02:24:00,G08_20180515_022400.wav,Alejandria,El Respaldo,6.4061,-75.0534,1314,Non- forest,1,1,Light
2808,G08_20180515_024000,G08,2018/05/15,02:40:00,G08_20180515_024000.wav,Alejandria,El Respaldo,6.4061,-75.0534,1314,Non- forest,1,1,Light
2809,G08_20180515_025600,G08,2018/05/15,02:56:00,G08_20180515_025600.wav,Alejandria,El Respaldo,6.4061,-75.0534,1314,Non- forest,1,1,Light
2810,G08_20180515_031200,G08,2018/05/15,03:12:00,G08_20180515_031200.wav,Alejandria,El Respaldo,6.4061,-75.0534,1314,Non- forest,1,1,Light
2811,G08_20180515_032800,G08,2018/05/15,03:28:00,G08_20180515_032800.wav,Alejandria,El Respaldo,6.4061,-75.0534,1314,Non- forest,0,0,No_rain
2812,G08_20180515_034400,G08,2018/05/15,03:44:00,G08_20180515_034400.wav,Alejandria,El Respaldo,6.4061,-75.0534,1314,Non- forest,1,1,Light
2813,G08_20180515_040000,G08,2018/05/15,04:00:00,G08_20180515_040000.wav,Alejandria,El Respaldo,6.4061,-75.0534,1314,Non- forest,1,1,Light
2814,G08_20180515_041600,G08,2018/05/15,04:16:00,G08_20180515_041600.wav,Alejandria,El Respaldo,6.4061,-75.0534,1314,Non- forest,1,1,Light
2815,G08_20180515_043200,G08,2018/05/15,04:32:00,G08_20180515_043200.wav,Alejandria,El Respaldo,6.4061,-75.0534,1314,Non- forest,1,1,Light
2816,G08_20180515_044800,G08,2018/05/15,04:48:00,G08_20180515_044800.wav,Alejandria,El Respaldo,6.4061,-75.0534,1314,Non- forest,1,1,Light
2817,G08_20180515_080000,G08,2018/05/15,08:00:00,G08_20180515_080000.wav,Alejandria,El Respaldo,6.4061,-75.0534,1314,Non- forest,1,1,Light
2818,G08_20180515_081600,G08,2018/05/15,08:16:00,G08_20180515_081600.wav,Alejandria,El Respaldo,6.4061,-75.0534,1314,Non- forest,1,1,Light
2819,G08_20180515_083200,G08,2018/05/15,08:32:00,G08_20180515_083200.wav,Alejandria,El Respaldo,6.4061,-75.0534,1314,Non- forest,1,1,Light
2820,G08_20180515_084800,G08,2018/05/15,08:48:00,G08_20180515_084800.wav,Alejandria,El Respaldo,6.4061,-75.0534,1314,Non- forest,1,1,Light
2821,G08_20180515_090400,G08,2018/05/15,09:04:00,G08_20180515_090400.wav,Alejandria,El Respaldo,6.4061,-75.0534,1314,Non- forest,0,0,No_rain
2822,G08_20180515_092000,G08,2018/05/15,09:20:00,G08_20180515_092000.wav,Alejandria,El Respaldo,6.4061,-75.0534,1314,Non- forest,0,0,No_rain
2823,G08_20180515_093600,G08,2018/05/15,09:36:00,G08_20180515_093600.wav,Alejandria,El Respaldo,6.4061,-75.0534,1314,Non- forest,0,0,No_rain
2824,G08_20180515_095200,G08,2018/05/15,09:52:00,G08_20180515_095200.wav,Alejandria,El Respaldo,6.4061,-75.0534,1314,Non- forest,0,0,No_rain
2825,G08_20180515_100800,G08,2018/05/15,10:08:00,G08_20180515_100800.wav,Alejandria,El Respaldo,6.4061,-75.0534,1314,Non- forest,0,0,No_rain
2826,G08_20180515_102400,G08,2018/05/15,10:24:00,G08_20180515_102400.wav,Alejandria,El Respaldo,6.4061,-75.0534,1314,Non- forest,0,0,No_rain
2827,G08_20180515_104000,G08,2018/05/15,10:40:00,G08_20180515_104000.wav,Alejandria,El Respaldo,6.4061,-75.0534,1314,Non- forest,0,0,No_rain
2828,G08_20180515_105600,G08,2018/05/15,10:56:00,G08_20180515_105600.wav,Alejandria,El Respaldo,6.4061,-75.0534,1314,Non- forest,0,0,No_rain
2829,G08_20180515_111200,G08,2018/05/15,11:12:00,G08_20180515_111200.wav,Alejandria,El Respaldo,6.4061,-75.0534,1314,Non- forest,0,0,No_rain
2830,G08_20180515_112800,G08,2018/05/15,11:28:00,G08_20180515_112800.wav,Alejandria,El Respaldo,6.4061,-75.0534,1314,Non- forest,0,0,No_rain
2831,G08_20180515_114400,G08,2018/05/15,11:44:00,G08_20180515_114400.wav,Alejandria,El Respaldo,6.4061,-75.0534,1314,Non- forest,0,0,No_rain
2832,G08_20180515_120000,G08,2018/05/15,12:00:00,G08_20180515_120000.wav,Alejandria,El Respaldo,6.4061,-75.0534,1314,Non- forest,0,0,No_rain
2833,G08_20180515_121600,G08,2018/05/15,12:16:00,G08_20180515_121600.wav,Alejandria,El Respaldo,6.4061,-75.0534,1314,Non- forest,0,0,No_rain
2834,G08_20180515_123200,G08,2018/05/15,12:32:00,G08_20180515_123200.wav,Alejandria,El Respaldo,6.4061,-75.0534,1314,Non- forest,0,0,No_rain
2835,G08_20180515_124800,G08,2018/05/15,12:48:00,G08_20180515_124800.wav,Alejandria,El Respaldo,6.4061,-75.0534,1314,Non- forest,0,0,No_rain
2836,G08_20180515_130400,G08,2018/05/15,13:04:00,G08_20180515_130400.wav,Alejandria,El Respaldo,6.4061,-75.0534,1314,Non- forest,0,0,No_rain
2837,G08_20180515_132000,G08,2018/05/15,13:20:00,G08_20180515_132000.wav,Alejandria,El Respaldo,6.4061,-75.0534,1314,Non- forest,0,0,No_rain
2838,G08_20180515_133600,G08,2018/05/15,13:36:00,G08_20180515_133600.wav,Alejandria,El Respaldo,6.4061,-75.0534,1314,Non- forest,0,0,No_rain
2839,G08_20180515_135200,G08,2018/05/15,13:52:00,G08_20180515_135200.wav,Alejandria,El Respaldo,6.4061,-75.0534,1314,Non- forest,0,0,No_rain
2840,G08_20180515_140800,G08,2018/05/15,14:08:00,G08_20180515_140800.wav,Alejandria,El Respaldo,6.4061,-75.0534,1314,Non- forest,0,0,No_rain
2841,G08_20180515_142400,G08,2018/05/15,14:24:00,G08_20180515_142400.wav,Alejandria,El Respaldo,6.4061,-75.0534,1314,Non- forest,0,0,No_rain
2842,G08_20180515_144000,G08,2018/05/15,14:40:00,G08_20180515_144000.wav,Alejandria,El Respaldo,6.4061,-75.0534,1314,Non- forest,0,0,No_rain
2843,G08_20180515_145600,G08,2018/05/15,14:56:00,G08_20180515_145600.wav,Alejandria,El Respaldo,6.4061,-75.0534,1314,Non- forest,0,0,No_rain
2844,G08_20180515_151200,G08,2018/05/15,15:12:00,G08_20180515_151200.wav,Alejandria,El Respaldo,6.4061,-75.0534,1314,Non- forest,0,0,No_rain
2845,G08_20180515_152800,G08,2018/05/15,15:28:00,G08_20180515_152800.wav,Alejandria,El Respaldo,6.4061,-75.0534,1314,Non- forest,0,0,No_rain
2846,G08_20180515_154400,G08,2018/05/15,15:44:00,G08_20180515_154400.wav,Alejandria,El Respaldo,6.4061,-75.0534,1314,Non- forest,0,0,No_rain
2847,G08_20180515_160000,G08,2018/05/15,16:00:00,G08_20180515_160000.wav,Alejandria,El Respaldo,6.4061,-75.0534,1314,Non- forest,0,0,No_rain
2848,G08_20180515_161600,G08,2018/05/15,16:16:00,G08_20180515_161600.wav,Alejandria,El Respaldo,6.4061,-75.0534,1314,Non- forest,0,0,No_rain
2849,G08_20180515_163200,G08,2018/05/15,16:32:00,G08_20180515_163200.wav,Alejandria,El Respaldo,6.4061,-75.0534,1314,Non- forest,0,0,No_rain
2850,G08_20180515_164800,G08,2018/05/15,16:48:00,G08_20180515_164800.wav,Alejandria,El Respaldo,6.4061,-75.0534,1314,Non- forest,0,0,No_rain
2851,G08_20180515_200000,G08,2018/05/15,20:00:00,G08_20180515_200000.wav,Alejandria,El Respaldo,6.4061,-75.0534,1314,Non- forest,1,1,Light
2852,G08_20180515_201600,G08,2018/05/15,20:16:00,G08_20180515_201600.wav,Alejandria,El Respaldo,6.4061,-75.0534,1314,Non- forest,1,1,Light
2853,G08_20180515_203200,G08,2018/05/15,20:32:00,G08_20180515_203200.wav,Alejandria,El Respaldo,6.4061,-75.0534,1314,Non- forest,1,1,Light
2854,G08_20180515_204800,G08,2018/05/15,20:48:00,G08_20180515_204800.wav,Alejandria,El Respaldo,6.4061,-75.0534,1314,Non- forest,1,1,Light
2855,G08_20180515_210400,G08,2018/05/15,21:04:00,G08_20180515_210400.wav,Alejandria,El Respaldo,6.4061,-75.0534,1314,Non- forest,1,1,Light
2856,G08_20180515_212000,G08,2018/05/15,21:20:00,G08_20180515_212000.wav,Alejandria,El Respaldo,6.4061,-75.0534,1314,Non- forest,1,1,Light
2857,G08_20180515_213600,G08,2018/05/15,21:36:00,G08_20180515_213600.wav,Alejandria,El Respaldo,6.4061,-75.0534,1314,Non- forest,1,1,Light
2858,G08_20180515_215200,G08,2018/05/15,21:52:00,G08_20180515_215200.wav,Alejandria,El Respaldo,6.4061,-75.0534,1314,Non- forest,1,1,Light
2859,G08_20180515_220800,G08,2018/05/15,22:08:00,G08_20180515_220800.wav,Alejandria,El Respaldo,6.4061,-75.0534,1314,Non- forest,1,1,Light
2860,G08_20180515_222400,G08,2018/05/15,22:24:00,G08_20180515_222400.wav,Alejandria,El Respaldo,6.4061,-75.0534,1314,Non- forest,1,1,Light
2861,G08_20180515_224000,G08,2018/05/15,22:40:00,G08_20180515_224000.wav,Alejandria,El Respaldo,6.4061,-75.0534,1314,Non- forest,1,1,Light
2862,G08_20180515_225600,G08,2018/05/15,22:56:00,G08_20180515_225600.wav,Alejandria,El Respaldo,6.4061,-75.0534,1314,Non- forest,1,1,Light
2863,G08_20180515_231200,G08,2018/05/15,23:12:00,G08_20180515_231200.wav,Alejandria,El Respaldo,6.4061,-75.0534,1314,Non- forest,1,1,Light
2864,G08_20180515_232800,G08,2018/05/15,23:28:00,G08_20180515_232800.wav,Alejandria,El Respaldo,6.4061,-75.0534,1314,Non- forest,1,1,Light
2865,G08_20180515_234400,G08,2018/05/15,23:44:00,G08_20180515_234400.wav,Alejandria,El Respaldo,6.4061,-75.0534,1314,Non- forest,1,1,Light
2866,G08_20180516_000000,G08,2018/05/16,00:00:00,G08_20180516_000000.wav,Alejandria,El Respaldo,6.4061,-75.0534,1314,Non- forest,1,1,Light
2867,G08_20180516_001600,G08,2018/05/16,00:16:00,G08_20180516_001600.wav,Alejandria,El Respaldo,6.4061,-75.0534,1314,Non- forest,1,1,Light
2868,G08_20180516_003200,G08,2018/05/16,00:32:00,G08_20180516_003200.wav,Alejandria,El Respaldo,6.4061,-75.0534,1314,Non- forest,1,1,Light
2869,G08_20180516_004800,G08,2018/05/16,00:48:00,G08_20180516_004800.wav,Alejandria,El Respaldo,6.4061,-75.0534,1314,Non- forest,1,1,Light
2870,G08_20180516_010400,G08,2018/05/16,01:04:00,G08_20180516_010400.wav,Alejandria,El Respaldo,6.4061,-75.0534,1314,Non- forest,1,1,Light
2871,G08_20180516_012000,G08,2018/05/16,01:20:00,G08_20180516_012000.wav,Alejandria,El Respaldo,6.4061,-75.0534,1314,Non- forest,1,1,Light
2872,G08_20180516_013600,G08,2018/05/16,01:36:00,G08_20180516_013600.wav,Alejandria,El Respaldo,6.4061,-75.0534,1314,Non- forest,0,0,No_rain
2873,G08_20180516_015200,G08,2018/05/16,01:52:00,G08_20180516_015200.wav,Alejandria,El Respaldo,6.4061,-75.0534,1314,Non- forest,1,1,Light
2874,G08_20180516_020800,G08,2018/05/16,02:08:00,G08_20180516_020800.wav,Alejandria,El Respaldo,6.4061,-75.0534,1314,Non- forest,1,1,Light
2875,G08_20180516_022400,G08,2018/05/16,02:24:00,G08_20180516_022400.wav,Alejandria,El Respaldo,6.4061,-75.0534,1314,Non- forest,0,0,No_rain
2876,G08_20180516_024000,G08,2018/05/16,02:40:00,G08_20180516_024000.wav,Alejandria,El Respaldo,6.4061,-75.0534,1314,Non- forest,0,0,No_rain
2877,G08_20180516_025600,G08,2018/05/16,02:56:00,G08_20180516_025600.wav,Alejandria,El Respaldo,6.4061,-75.0534,1314,Non- forest,0,0,No_rain
2878,G08_20180516_031200,G08,2018/05/16,03:12:00,G08_20180516_031200.wav,Alejandria,El Respaldo,6.4061,-75.0534,1314,Non- forest,0,0,No_rain
2879,G08_20180516_032800,G08,2018/05/16,03:28:00,G08_20180516_032800.wav,Alejandria,El Respaldo,6.4061,-75.0534,1314,Non- forest,0,0,No_rain
2880,G08_20180516_034400,G08,2018/05/16,03:44:00,G08_20180516_034400.wav,Alejandria,El Respaldo,6.4061,-75.0534,1314,Non- forest,0,0,No_rain
2881,G08_20180516_040000,G08,2018/05/16,04:00:00,G08_20180516_040000.wav,Alejandria,El Respaldo,6.4061,-75.0534,1314,Non- forest,0,0,No_rain
2882,G08_20180516_041600,G08,2018/05/16,04:16:00,G08_20180516_041600.wav,Alejandria,El Respaldo,6.4061,-75.0534,1314,Non- forest,0,0,No_rain
2883,G08_20180516_043200,G08,2018/05/16,04:32:00,G08_20180516_043200.wav,Alejandria,El Respaldo,6.4061,-75.0534,1314,Non- forest,0,0,No_rain
2884,G08_20180516_044800,G08,2018/05/16,04:48:00,G08_20180516_044800.wav,Alejandria,El Respaldo,6.4061,-75.0534,1314,Non- forest,0,0,No_rain
2885,G08_20180516_080000,G08,2018/05/16,08:00:00,G08_20180516_080000.wav,Alejandria,El Respaldo,6.4061,-75.0534,1314,Non- forest,0,0,No_rain
2886,G08_20180516_081600,G08,2018/05/16,08:16:00,G08_20180516_081600.wav,Alejandria,El Respaldo,6.4061,-75.0534,1314,Non- forest,0,0,No_rain
2887,G08_20180516_083200,G08,2018/05/16,08:32:00,G08_20180516_083200.wav,Alejandria,El Respaldo,6.4061,-75.0534,1314,Non- forest,0,0,No_rain
2888,G08_20180516_084800,G08,2018/05/16,08:48:00,G08_20180516_084800.wav,Alejandria,El Respaldo,6.4061,-75.0534,1314,Non- forest,0,0,No_rain
2889,G08_20180516_090400,G08,2018/05/16,09:04:00,G08_20180516_090400.wav,Alejandria,El Respaldo,6.4061,-75.0534,1314,Non- forest,0,0,No_rain
2890,G08_20180516_092000,G08,2018/05/16,09:20:00,G08_20180516_092000.wav,Alejandria,El Respaldo,6.4061,-75.0534,1314,Non- forest,0,0,No_rain
2891,G08_20180516_093600,G08,2018/05/16,09:36:00,G08_20180516_093600.wav,Alejandria,El Respaldo,6.4061,-75.0534,1314,Non- forest,0,0,No_rain
2892,G08_20180516_095200,G08,2018/05/16,09:52:00,G08_20180516_095200.wav,Alejandria,El Respaldo,6.4061,-75.0534,1314,Non- forest,0,0,No_rain
2893,G08_20180516_100800,G08,2018/05/16,10:08:00,G08_20180516_100800.wav,Alejandria,El Respaldo,6.4061,-75.0534,1314,Non- forest,0,0,No_rain
2894,G08_20180516_102400,G08,2018/05/16,10:24:00,G08_20180516_102400.wav,Alejandria,El Respaldo,6.4061,-75.0534,1314,Non- forest,0,0,No_rain
2895,G08_20180516_104000,G08,2018/05/16,10:40:00,G08_20180516_104000.wav,Alejandria,El Respaldo,6.4061,-75.0534,1314,Non- forest,0,0,No_rain
2896,G08_20180516_105600,G08,2018/05/16,10:56:00,G08_20180516_105600.wav,Alejandria,El Respaldo,6.4061,-75.0534,1314,Non- forest,0,0,No_rain
2897,G08_20180516_111200,G08,2018/05/16,11:12:00,G08_20180516_111200.wav,Alejandria,El Respaldo,6.4061,-75.0534,1314,Non- forest,0,0,No_rain
2898,G08_20180516_112800,G08,2018/05/16,11:28:00,G08_20180516_112800.wav,Alejandria,El Respaldo,6.4061,-75.0534,1314,Non- forest,0,0,No_rain
2899,G08_20180516_114400,G08,2018/05/16,11:44:00,G08_20180516_114400.wav,Alejandria,El Respaldo,6.4061,-75.0534,1314,Non- forest,0,0,No_rain
2900,G08_20180516_120000,G08,2018/05/16,12:00:00,G08_20180516_120000.wav,Alejandria,El Respaldo,6.4061,-75.0534,1314,Non- forest,0,0,No_rain
2901,G08_20180516_121600,G08,2018/05/16,12:16:00,G08_20180516_121600.wav,Alejandria,El Respaldo,6.4061,-75.0534,1314,Non- forest,0,0,No_rain
2902,G08_20180516_123200,G08,2018/05/16,12:32:00,G08_20180516_123200.wav,Alejandria,El Respaldo,6.4061,-75.0534,1314,Non- forest,0,0,No_rain
2903,G08_20180516_124800,G08,2018/05/16,12:48:00,G08_20180516_124800.wav,Alejandria,El Respaldo,6.4061,-75.0534,1314,Non- forest,0,0,No_rain
2904,G08_20180516_130400,G08,2018/05/16,13:04:00,G08_20180516_130400.wav,Alejandria,El Respaldo,6.4061,-75.0534,1314,Non- forest,0,0,No_rain
2905,G08_20180516_132000,G08,2018/05/16,13:20:00,G08_20180516_132000.wav,Alejandria,El Respaldo,6.4061,-75.0534,1314,Non- forest,0,0,No_rain
2906,G08_20180516_133600,G08,2018/05/16,13:36:00,G08_20180516_133600.wav,Alejandria,El Respaldo,6.4061,-75.0534,1314,Non- forest,0,0,No_rain
2907,G08_20180516_135200,G08,2018/05/16,13:52:00,G08_20180516_135200.wav,Alejandria,El Respaldo,6.4061,-75.0534,1314,Non- forest,0,0,No_rain
2908,G08_20180516_140800,G08,2018/05/16,14:08:00,G08_20180516_140800.wav,Alejandria,El Respaldo,6.4061,-75.0534,1314,Non- forest,0,0,No_rain
2909,G08_20180516_142400,G08,2018/05/16,14:24:00,G08_20180516_142400.wav,Alejandria,El Respaldo,6.4061,-75.0534,1314,Non- forest,0,0,No_rain
2910,G08_20180516_144000,G08,2018/05/16,14:40:00,G08_20180516_144000.wav,Alejandria,El Respaldo,6.4061,-75.0534,1314,Non- forest,0,0,No_rain
2911,G08_20180516_145600,G08,2018/05/16,14:56:00,G08_20180516_145600.wav,Alejandria,El Respaldo,6.4061,-75.0534,1314,Non- forest,0,0,No_rain
2912,G08_20180516_151200,G08,2018/05/16,15:12:00,G08_20180516_151200.wav,Alejandria,El Respaldo,6.4061,-75.0534,1314,Non- forest,0,0,No_rain
2913,G08_20180516_152800,G08,2018/05/16,15:28:00,G08_20180516_152800.wav,Alejandria,El Respaldo,6.4061,-75.0534,1314,Non- forest,0,0,No_rain
2914,G08_20180516_154400,G08,2018/05/16,15:44:00,G08_20180516_154400.wav,Alejandria,El Respaldo,6.4061,-75.0534,1314,Non- forest,0,0,No_rain
2915,G08_20180516_160000,G08,2018/05/16,16:00:00,G08_20180516_160000.wav,Alejandria,El Respaldo,6.4061,-75.0534,1314,Non- forest,0,0,No_rain
2916,G08_20180516_161600,G08,2018/05/16,16:16:00,G08_20180516_161600.wav,Alejandria,El Respaldo,6.4061,-75.0534,1314,Non- forest,0,0,No_rain
2917,G08_20180516_163200,G08,2018/05/16,16:32:00,G08_20180516_163200.wav,Alejandria,El Respaldo,6.4061,-75.0534,1314,Non- forest,0,0,No_rain
2918,G08_20180516_164800,G08,2018/05/16,16:48:00,G08_20180516_164800.wav,Alejandria,El Respaldo,6.4061,-75.0534,1314,Non- forest,0,0,No_rain
2919,G08_20180516_200000,G08,2018/05/16,20:00:00,G08_20180516_200000.wav,Alejandria,El Respaldo,6.4061,-75.0534,1314,Non- forest,0,0,No_rain
2920,G08_20180516_201600,G08,2018/05/16,20:16:00,G08_20180516_201600.wav,Alejandria,El Respaldo,6.4061,-75.0534,1314,Non- forest,0,0,No_rain
2921,G08_20180516_203200,G08,2018/05/16,20:32:00,G08_20180516_203200.wav,Alejandria,El Respaldo,6.4061,-75.0534,1314,Non- forest,0,0,No_rain
2922,G08_20180516_204800,G08,2018/05/16,20:48:00,G08_20180516_204800.wav,Alejandria,El Respaldo,6.4061,-75.0534,1314,Non- forest,0,0,No_rain
2923,G08_20180516_210400,G08,2018/05/16,21:04:00,G08_20180516_210400.wav,Alejandria,El Respaldo,6.4061,-75.0534,1314,Non- forest,0,0,No_rain
2924,G08_20180516_212000,G08,2018/05/16,21:20:00,G08_20180516_212000.wav,Alejandria,El Respaldo,6.4061,-75.0534,1314,Non- forest,0,0,No_rain
2925,G08_20180516_213600,G08,2018/05/16,21:36:00,G08_20180516_213600.wav,Alejandria,El Respaldo,6.4061,-75.0534,1314,Non- forest,1,1,Light
2926,G08_20180516_215200,G08,2018/05/16,21:52:00,G08_20180516_215200.wav,Alejandria,El Respaldo,6.4061,-75.0534,1314,Non- forest,0,0,No_rain
2927,G08_20180516_220800,G08,2018/05/16,22:08:00,G08_20180516_220800.wav,Alejandria,El Respaldo,6.4061,-75.0534,1314,Non- forest,0,0,No_rain
2928,G08_20180516_222400,G08,2018/05/16,22:24:00,G08_20180516_222400.wav,Alejandria,El Respaldo,6.4061,-75.0534,1314,Non- forest,0,0,No_rain
2929,G08_20180516_224000,G08,2018/05/16,22:40:00,G08_20180516_224000.wav,Alejandria,El Respaldo,6.4061,-75.0534,1314,Non- forest,0,0,No_rain
2930,G08_20180516_225600,G08,2018/05/16,22:56:00,G08_20180516_225600.wav,Alejandria,El Respaldo,6.4061,-75.0534,1314,Non- forest,0,0,No_rain
2931,G08_20180516_231200,G08,2018/05/16,23:12:00,G08_20180516_231200.wav,Alejandria,El Respaldo,6.4061,-75.0534,1314,Non- forest,0,0,No_rain
2932,G08_20180516_232800,G08,2018/05/16,23:28:00,G08_20180516_232800.wav,Alejandria,El Respaldo,6.4061,-75.0534,1314,Non- forest,1,1,Light
2933,G08_20180516_234400,G08,2018/05/16,23:44:00,G08_20180516_234400.wav,Alejandria,El Respaldo,6.4061,-75.0534,1314,Non- forest,1,1,Light
2934,G08_20180517_000000,G08,2018/05/17,00:00:00,G08_20180517_000000.wav,Alejandria,El Respaldo,6.4061,-75.0534,1314,Non- forest,1,2,Moderate
2935,G08_20180517_001600,G08,2018/05/17,00:16:00,G08_20180517_001600.wav,Alejandria,El Respaldo,6.4061,-75.0534,1314,Non- forest,1,2,Moderate
2936,G08_20180517_003200,G08,2018/05/17,00:32:00,G08_20180517_003200.wav,Alejandria,El Respaldo,6.4061,-75.0534,1314,Non- forest,1,2,Moderate
2937,G08_20180517_004800,G08,2018/05/17,00:48:00,G08_20180517_004800.wav,Alejandria,El Respaldo,6.4061,-75.0534,1314,Non- forest,1,2,Moderate
2938,G08_20180517_010400,G08,2018/05/17,01:04:00,G08_20180517_010400.wav,Alejandria,El Respaldo,6.4061,-75.0534,1314,Non- forest,1,2,Moderate
2939,G08_20180517_012000,G08,2018/05/17,01:20:00,G08_20180517_012000.wav,Alejandria,El Respaldo,6.4061,-75.0534,1314,Non- forest,1,1,Light
2940,G08_20180517_013600,G08,2018/05/17,01:36:00,G08_20180517_013600.wav,Alejandria,El Respaldo,6.4061,-75.0534,1314,Non- forest,1,2,Moderate
2941,G08_20180517_015200,G08,2018/05/17,01:52:00,G08_20180517_015200.wav,Alejandria,El Respaldo,6.4061,-75.0534,1314,Non- forest,1,1,Light
2942,G08_20180517_020800,G08,2018/05/17,02:08:00,G08_20180517_020800.wav,Alejandria,El Respaldo,6.4061,-75.0534,1314,Non- forest,1,1,Light
2943,G08_20180517_022400,G08,2018/05/17,02:24:00,G08_20180517_022400.wav,Alejandria,El Respaldo,6.4061,-75.0534,1314,Non- forest,1,1,Light
2944,G08_20180517_024000,G08,2018/05/17,02:40:00,G08_20180517_024000.wav,Alejandria,El Respaldo,6.4061,-75.0534,1314,Non- forest,1,1,Light
2945,G08_20180517_025600,G08,2018/05/17,02:56:00,G08_20180517_025600.wav,Alejandria,El Respaldo,6.4061,-75.0534,1314,Non- forest,1,2,Moderate
2946,G08_20180517_031200,G08,2018/05/17,03:12:00,G08_20180517_031200.wav,Alejandria,El Respaldo,6.4061,-75.0534,1314,Non- forest,1,1,Light
2947,G08_20180517_032800,G08,2018/05/17,03:28:00,G08_20180517_032800.wav,Alejandria,El Respaldo,6.4061,-75.0534,1314,Non- forest,1,1,Light
2948,G08_20180517_034400,G08,2018/05/17,03:44:00,G08_20180517_034400.wav,Alejandria,El Respaldo,6.4061,-75.0534,1314,Non- forest,1,1,Light
2949,G08_20180517_040000,G08,2018/05/17,04:00:00,G08_20180517_040000.wav,Alejandria,El Respaldo,6.4061,-75.0534,1314,Non- forest,1,1,Light
2950,G08_20180517_041600,G08,2018/05/17,04:16:00,G08_20180517_041600.wav,Alejandria,El Respaldo,6.4061,-75.0534,1314,Non- forest,1,1,Light
2951,G08_20180517_043200,G08,2018/05/17,04:32:00,G08_20180517_043200.wav,Alejandria,El Respaldo,6.4061,-75.0534,1314,Non- forest,0,0,No_rain
2952,G08_20180517_044800,G08,2018/05/17,04:48:00,G08_20180517_044800.wav,Alejandria,El Respaldo,6.4061,-75.0534,1314,Non- forest,0,0,No_rain
2953,G08_20180517_080000,G08,2018/05/17,08:00:00,G08_20180517_080000.wav,Alejandria,El Respaldo,6.4061,-75.0534,1314,Non- forest,0,0,No_rain
2954,G08_20180517_081600,G08,2018/05/17,08:16:00,G08_20180517_081600.wav,Alejandria,El Respaldo,6.4061,-75.0534,1314,Non- forest,0,0,No_rain
2955,G08_20180517_083200,G08,2018/05/17,08:32:00,G08_20180517_083200.wav,Alejandria,El Respaldo,6.4061,-75.0534,1314,Non- forest,0,0,No_rain
2956,G08_20180517_084800,G08,2018/05/17,08:48:00,G08_20180517_084800.wav,Alejandria,El Respaldo,6.4061,-75.0534,1314,Non- forest,0,0,No_rain
2957,G08_20180517_090400,G08,2018/05/17,09:04:00,G08_20180517_090400.wav,Alejandria,El Respaldo,6.4061,-75.0534,1314,Non- forest,0,0,No_rain
2958,G08_20180517_092000,G08,2018/05/17,09:20:00,G08_20180517_092000.wav,Alejandria,El Respaldo,6.4061,-75.0534,1314,Non- forest,0,0,No_rain
2959,G08_20180517_093600,G08,2018/05/17,09:36:00,G08_20180517_093600.wav,Alejandria,El Respaldo,6.4061,-75.0534,1314,Non- forest,0,0,No_rain
2960,G08_20180517_095200,G08,2018/05/17,09:52:00,G08_20180517_095200.wav,Alejandria,El Respaldo,6.4061,-75.0534,1314,Non- forest,0,0,No_rain
2961,G08_20180517_100800,G08,2018/05/17,10:08:00,G08_20180517_100800.wav,Alejandria,El Respaldo,6.4061,-75.0534,1314,Non- forest,0,0,No_rain
2962,G08_20180517_102400,G08,2018/05/17,10:24:00,G08_20180517_102400.wav,Alejandria,El Respaldo,6.4061,-75.0534,1314,Non- forest,0,0,No_rain
2963,G08_20180517_104000,G08,2018/05/17,10:40:00,G08_20180517_104000.wav,Alejandria,El Respaldo,6.4061,-75.0534,1314,Non- forest,0,0,No_rain
2964,G08_20180517_105600,G08,2018/05/17,10:56:00,G08_20180517_105600.wav,Alejandria,El Respaldo,6.4061,-75.0534,1314,Non- forest,0,0,No_rain
2965,G08_20180517_111200,G08,2018/05/17,11:12:00,G08_20180517_111200.wav,Alejandria,El Respaldo,6.4061,-75.0534,1314,Non- forest,0,0,No_rain
2966,G08_20180517_112800,G08,2018/05/17,11:28:00,G08_20180517_112800.wav,Alejandria,El Respaldo,6.4061,-75.0534,1314,Non- forest,0,0,No_rain
2967,G08_20180517_114400,G08,2018/05/17,11:44:00,G08_20180517_114400.wav,Alejandria,El Respaldo,6.4061,-75.0534,1314,Non- forest,0,0,No_rain
2968,G08_20180517_120000,G08,2018/05/17,12:00:00,G08_20180517_120000.wav,Alejandria,El Respaldo,6.4061,-75.0534,1314,Non- forest,0,0,No_rain
2969,G08_20180517_121600,G08,2018/05/17,12:16:00,G08_20180517_121600.wav,Alejandria,El Respaldo,6.4061,-75.0534,1314,Non- forest,0,0,No_rain
2970,G08_20180517_123200,G08,2018/05/17,12:32:00,G08_20180517_123200.wav,Alejandria,El Respaldo,6.4061,-75.0534,1314,Non- forest,0,0,No_rain
2971,G08_20180510_170000,G08,2018/05/10,17:00:00,G08_20180510_170000.wav,Alejandria,El Respaldo,6.4061,-75.0534,1314,Non- forest,0,0,No_rain
2972,G08_20180510_171500,G08,2018/05/10,17:15:00,G08_20180510_171500.wav,Alejandria,El Respaldo,6.4061,-75.0534,1314,Non- forest,0,0,No_rain
2973,G08_20180510_174500,G08,2018/05/10,17:45:00,G08_20180510_174500.wav,Alejandria,El Respaldo,6.4061,-75.0534,1314,Non- forest,0,0,No_rain
2974,G08_20180510_173000,G08,2018/05/10,17:30:00,G08_20180510_173000.wav,Alejandria,El Respaldo,6.4061,-75.0534,1314,Non- forest,0,0,No_rain
2975,G08_20180510_180000,G08,2018/05/10,18:00:00,G08_20180510_180000.wav,Alejandria,El Respaldo,6.4061,-75.0534,1314,Non- forest,0,0,No_rain
2976,G08_20180510_181500,G08,2018/05/10,18:15:00,G08_20180510_181500.wav,Alejandria,El Respaldo,6.4061,-75.0534,1314,Non- forest,0,0,No_rain
2977,G08_20180510_183000,G08,2018/05/10,18:30:00,G08_20180510_183000.wav,Alejandria,El Respaldo,6.4061,-75.0534,1314,Non- forest,0,0,No_rain
2978,G08_20180510_184500,G08,2018/05/10,18:45:00,G08_20180510_184500.wav,Alejandria,El Respaldo,6.4061,-75.0534,1314,Non- forest,0,0,No_rain
2979,G08_20180510_190000,G08,2018/05/10,19:00:00,G08_20180510_190000.wav,Alejandria,El Respaldo,6.4061,-75.0534,1314,Non- forest,0,0,No_rain
2980,G08_20180510_191500,G08,2018/05/10,19:15:00,G08_20180510_191500.wav,Alejandria,El Respaldo,6.4061,-75.0534,1314,Non- forest,0,0,No_rain
2981,G08_20180510_193000,G08,2018/05/10,19:30:00,G08_20180510_193000.wav,Alejandria,El Respaldo,6.4061,-75.0534,1314,Non- forest,0,0,No_rain
2982,G08_20180511_050000,G08,2018/05/11,05:00:00,G08_20180511_050000.wav,Alejandria,El Respaldo,6.4061,-75.0534,1314,Non- forest,0,0,No_rain
2983,G08_20180510_194500,G08,2018/05/10,19:45:00,G08_20180510_194500.wav,Alejandria,El Respaldo,6.4061,-75.0534,1314,Non- forest,0,0,No_rain
2984,G08_20180511_053000,G08,2018/05/11,05:30:00,G08_20180511_053000.wav,Alejandria,El Respaldo,6.4061,-75.0534,1314,Non- forest,1,1,Light
2985,G08_20180511_051500,G08,2018/05/11,05:15:00,G08_20180511_051500.wav,Alejandria,El Respaldo,6.4061,-75.0534,1314,Non- forest,0,0,No_rain
2986,G08_20180511_054500,G08,2018/05/11,05:45:00,G08_20180511_054500.wav,Alejandria,El Respaldo,6.4061,-75.0534,1314,Non- forest,1,1,Light
2987,G08_20180511_060000,G08,2018/05/11,06:00:00,G08_20180511_060000.wav,Alejandria,El Respaldo,6.4061,-75.0534,1314,Non- forest,1,1,Light
2988,G08_20180511_061500,G08,2018/05/11,06:15:00,G08_20180511_061500.wav,Alejandria,El Respaldo,6.4061,-75.0534,1314,Non- forest,1,1,Light
2989,G08_20180511_064500,G08,2018/05/11,06:45:00,G08_20180511_064500.wav,Alejandria,El Respaldo,6.4061,-75.0534,1314,Non- forest,0,0,No_rain
2990,G08_20180511_063000,G08,2018/05/11,06:30:00,G08_20180511_063000.wav,Alejandria,El Respaldo,6.4061,-75.0534,1314,Non- forest,0,0,No_rain
2991,G08_20180511_070000,G08,2018/05/11,07:00:00,G08_20180511_070000.wav,Alejandria,El Respaldo,6.4061,-75.0534,1314,Non- forest,0,0,No_rain
2992,G08_20180511_071500,G08,2018/05/11,07:15:00,G08_20180511_071500.wav,Alejandria,El Respaldo,6.4061,-75.0534,1314,Non- forest,0,0,No_rain
2993,G08_20180511_073000,G08,2018/05/11,07:30:00,G08_20180511_073000.wav,Alejandria,El Respaldo,6.4061,-75.0534,1314,Non- forest,0,0,No_rain
2994,G08_20180511_074500,G08,2018/05/11,07:45:00,G08_20180511_074500.wav,Alejandria,El Respaldo,6.4061,-75.0534,1314,Non- forest,0,0,No_rain
2995,G08_20180511_170000,G08,2018/05/11,17:00:00,G08_20180511_170000.wav,Alejandria,El Respaldo,6.4061,-75.0534,1314,Non- forest,0,0,No_rain
2996,G08_20180511_171500,G08,2018/05/11,17:15:00,G08_20180511_171500.wav,Alejandria,El Respaldo,6.4061,-75.0534,1314,Non- forest,0,0,No_rain
2997,G08_20180511_173000,G08,2018/05/11,17:30:00,G08_20180511_173000.wav,Alejandria,El Respaldo,6.4061,-75.0534,1314,Non- forest,0,0,No_rain
2998,G08_20180511_174500,G08,2018/05/11,17:45:00,G08_20180511_174500.wav,Alejandria,El Respaldo,6.4061,-75.0534,1314,Non- forest,0,0,No_rain
2999,G08_20180511_181500,G08,2018/05/11,18:15:00,G08_20180511_181500.wav,Alejandria,El Respaldo,6.4061,-75.0534,1314,Non- forest,0,0,No_rain
3000,G08_20180511_180000,G08,2018/05/11,18:00:00,G08_20180511_180000.wav,Alejandria,El Respaldo,6.4061,-75.0534,1314,Non- forest,0,0,No_rain
3001,G08_20180511_184500,G08,2018/05/11,18:45:00,G08_20180511_184500.wav,Alejandria,El Respaldo,6.4061,-75.0534,1314,Non- forest,0,0,No_rain
3002,G08_20180511_183000,G08,2018/05/11,18:30:00,G08_20180511_183000.wav,Alejandria,El Respaldo,6.4061,-75.0534,1314,Non- forest,0,0,No_rain
3003,G08_20180511_190000,G08,2018/05/11,19:00:00,G08_20180511_190000.wav,Alejandria,El Respaldo,6.4061,-75.0534,1314,Non- forest,0,0,No_rain
3004,G08_20180511_193000,G08,2018/05/11,19:30:00,G08_20180511_193000.wav,Alejandria,El Respaldo,6.4061,-75.0534,1314,Non- forest,0,0,No_rain
3005,G08_20180511_191500,G08,2018/05/11,19:15:00,G08_20180511_191500.wav,Alejandria,El Respaldo,6.4061,-75.0534,1314,Non- forest,0,0,No_rain
3006,G08_20180511_194500,G08,2018/05/11,19:45:00,G08_20180511_194500.wav,Alejandria,El Respaldo,6.4061,-75.0534,1314,Non- forest,0,0,No_rain
3007,G08_20180512_050000,G08,2018/05/12,05:00:00,G08_20180512_050000.wav,Alejandria,El Respaldo,6.4061,-75.0534,1314,Non- forest,0,0,No_rain
3008,G08_20180512_053000,G08,2018/05/12,05:30:00,G08_20180512_053000.wav,Alejandria,El Respaldo,6.4061,-75.0534,1314,Non- forest,0,0,No_rain
3009,G08_20180512_051500,G08,2018/05/12,05:15:00,G08_20180512_051500.wav,Alejandria,El Respaldo,6.4061,-75.0534,1314,Non- forest,0,0,No_rain
3010,G08_20180512_060000,G08,2018/05/12,06:00:00,G08_20180512_060000.wav,Alejandria,El Respaldo,6.4061,-75.0534,1314,Non- forest,0,0,No_rain
3011,G08_20180512_054500,G08,2018/05/12,05:45:00,G08_20180512_054500.wav,Alejandria,El Respaldo,6.4061,-75.0534,1314,Non- forest,0,0,No_rain
3012,G08_20180512_063000,G08,2018/05/12,06:30:00,G08_20180512_063000.wav,Alejandria,El Respaldo,6.4061,-75.0534,1314,Non- forest,0,0,No_rain
3013,G08_20180512_061500,G08,2018/05/12,06:15:00,G08_20180512_061500.wav,Alejandria,El Respaldo,6.4061,-75.0534,1314,Non- forest,0,0,No_rain
3014,G08_20180512_064500,G08,2018/05/12,06:45:00,G08_20180512_064500.wav,Alejandria,El Respaldo,6.4061,-75.0534,1314,Non- forest,0,0,No_rain
3015,G08_20180512_070000,G08,2018/05/12,07:00:00,G08_20180512_070000.wav,Alejandria,El Respaldo,6.4061,-75.0534,1314,Non- forest,0,0,No_rain
3016,G08_20180512_071500,G08,2018/05/12,07:15:00,G08_20180512_071500.wav,Alejandria,El Respaldo,6.4061,-75.0534,1314,Non- forest,0,0,No_rain
3017,G08_20180512_073000,G08,2018/05/12,07:30:00,G08_20180512_073000.wav,Alejandria,El Respaldo,6.4061,-75.0534,1314,Non- forest,0,0,No_rain
3018,G08_20180512_074500,G08,2018/05/12,07:45:00,G08_20180512_074500.wav,Alejandria,El Respaldo,6.4061,-75.0534,1314,Non- forest,0,0,No_rain
3019,G08_20180512_170000,G08,2018/05/12,17:00:00,G08_20180512_170000.wav,Alejandria,El Respaldo,6.4061,-75.0534,1314,Non- forest,0,0,No_rain
3020,G08_20180512_171500,G08,2018/05/12,17:15:00,G08_20180512_171500.wav,Alejandria,El Respaldo,6.4061,-75.0534,1314,Non- forest,0,0,No_rain
3021,G08_20180512_173000,G08,2018/05/12,17:30:00,G08_20180512_173000.wav,Alejandria,El Respaldo,6.4061,-75.0534,1314,Non- forest,0,0,No_rain
3022,G08_20180512_174500,G08,2018/05/12,17:45:00,G08_20180512_174500.wav,Alejandria,El Respaldo,6.4061,-75.0534,1314,Non- forest,0,0,No_rain
3023,G08_20180512_181500,G08,2018/05/12,18:15:00,G08_20180512_181500.wav,Alejandria,El Respaldo,6.4061,-75.0534,1314,Non- forest,0,0,No_rain
3024,G08_20180512_180000,G08,2018/05/12,18:00:00,G08_20180512_180000.wav,Alejandria,El Respaldo,6.4061,-75.0534,1314,Non- forest,0,0,No_rain
3025,G08_20180512_183000,G08,2018/05/12,18:30:00,G08_20180512_183000.wav,Alejandria,El Respaldo,6.4061,-75.0534,1314,Non- forest,0,0,No_rain
3026,G08_20180512_184500,G08,2018/05/12,18:45:00,G08_20180512_184500.wav,Alejandria,El Respaldo,6.4061,-75.0534,1314,Non- forest,0,0,No_rain
3027,G08_20180512_191500,G08,2018/05/12,19:15:00,G08_20180512_191500.wav,Alejandria,El Respaldo,6.4061,-75.0534,1314,Non- forest,0,0,No_rain
3028,G08_20180512_190000,G08,2018/05/12,19:00:00,G08_20180512_190000.wav,Alejandria,El Respaldo,6.4061,-75.0534,1314,Non- forest,0,0,No_rain
3029,G08_20180512_194500,G08,2018/05/12,19:45:00,G08_20180512_194500.wav,Alejandria,El Respaldo,6.4061,-75.0534,1314,Non- forest,0,0,No_rain
3030,G08_20180512_193000,G08,2018/05/12,19:30:00,G08_20180512_193000.wav,Alejandria,El Respaldo,6.4061,-75.0534,1314,Non- forest,0,0,No_rain
3031,G08_20180513_050000,G08,2018/05/13,05:00:00,G08_20180513_050000.wav,Alejandria,El Respaldo,6.4061,-75.0534,1314,Non- forest,0,0,No_rain
3032,G08_20180513_051500,G08,2018/05/13,05:15:00,G08_20180513_051500.wav,Alejandria,El Respaldo,6.4061,-75.0534,1314,Non- forest,0,0,No_rain
3033,G08_20180513_053000,G08,2018/05/13,05:30:00,G08_20180513_053000.wav,Alejandria,El Respaldo,6.4061,-75.0534,1314,Non- forest,0,0,No_rain
3034,G08_20180513_054500,G08,2018/05/13,05:45:00,G08_20180513_054500.wav,Alejandria,El Respaldo,6.4061,-75.0534,1314,Non- forest,0,0,No_rain
3035,G08_20180513_060000,G08,2018/05/13,06:00:00,G08_20180513_060000.wav,Alejandria,El Respaldo,6.4061,-75.0534,1314,Non- forest,0,0,No_rain
3036,G08_20180513_063000,G08,2018/05/13,06:30:00,G08_20180513_063000.wav,Alejandria,El Respaldo,6.4061,-75.0534,1314,Non- forest,0,0,No_rain
3037,G08_20180513_061500,G08,2018/05/13,06:15:00,G08_20180513_061500.wav,Alejandria,El Respaldo,6.4061,-75.0534,1314,Non- forest,0,0,No_rain
3038,G08_20180513_064500,G08,2018/05/13,06:45:00,G08_20180513_064500.wav,Alejandria,El Respaldo,6.4061,-75.0534,1314,Non- forest,0,0,No_rain
3039,G08_20180513_070000,G08,2018/05/13,07:00:00,G08_20180513_070000.wav,Alejandria,El Respaldo,6.4061,-75.0534,1314,Non- forest,0,0,No_rain
3040,G08_20180513_073000,G08,2018/05/13,07:30:00,G08_20180513_073000.wav,Alejandria,El Respaldo,6.4061,-75.0534,1314,Non- forest,0,0,No_rain
3041,G08_20180513_071500,G08,2018/05/13,07:15:00,G08_20180513_071500.wav,Alejandria,El Respaldo,6.4061,-75.0534,1314,Non- forest,0,0,No_rain
3042,G08_20180513_170000,G08,2018/05/13,17:00:00,G08_20180513_170000.wav,Alejandria,El Respaldo,6.4061,-75.0534,1314,Non- forest,0,0,No_rain
3043,G08_20180513_074500,G08,2018/05/13,07:45:00,G08_20180513_074500.wav,Alejandria,El Respaldo,6.4061,-75.0534,1314,Non- forest,0,0,No_rain
3044,G08_20180513_171500,G08,2018/05/13,17:15:00,G08_20180513_171500.wav,Alejandria,El Respaldo,6.4061,-75.0534,1314,Non- forest,0,0,No_rain
3045,G08_20180513_173000,G08,2018/05/13,17:30:00,G08_20180513_173000.wav,Alejandria,El Respaldo,6.4061,-75.0534,1314,Non- forest,0,0,No_rain
3046,G08_20180513_180000,G08,2018/05/13,18:00:00,G08_20180513_180000.wav,Alejandria,El Respaldo,6.4061,-75.0534,1314,Non- forest,0,0,No_rain
3047,G08_20180513_174500,G08,2018/05/13,17:45:00,G08_20180513_174500.wav,Alejandria,El Respaldo,6.4061,-75.0534,1314,Non- forest,0,0,No_rain
3048,G08_20180513_183000,G08,2018/05/13,18:30:00,G08_20180513_183000.wav,Alejandria,El Respaldo,6.4061,-75.0534,1314,Non- forest,0,0,No_rain
3049,G08_20180513_181500,G08,2018/05/13,18:15:00,G08_20180513_181500.wav,Alejandria,El Respaldo,6.4061,-75.0534,1314,Non- forest,0,0,No_rain
3050,G08_20180513_184500,G08,2018/05/13,18:45:00,G08_20180513_184500.wav,Alejandria,El Respaldo,6.4061,-75.0534,1314,Non- forest,0,0,No_rain
3051,G08_20180513_190000,G08,2018/05/13,19:00:00,G08_20180513_190000.wav,Alejandria,El Respaldo,6.4061,-75.0534,1314,Non- forest,0,0,No_rain
3052,G08_20180513_191500,G08,2018/05/13,19:15:00,G08_20180513_191500.wav,Alejandria,El Respaldo,6.4061,-75.0534,1314,Non- forest,0,0,No_rain
3053,G08_20180513_194500,G08,2018/05/13,19:45:00,G08_20180513_194500.wav,Alejandria,El Respaldo,6.4061,-75.0534,1314,Non- forest,0,0,No_rain
3054,G08_20180513_193000,G08,2018/05/13,19:30:00,G08_20180513_193000.wav,Alejandria,El Respaldo,6.4061,-75.0534,1314,Non- forest,0,0,No_rain
3055,G08_20180514_051500,G08,2018/05/14,05:15:00,G08_20180514_051500.wav,Alejandria,El Respaldo,6.4061,-75.0534,1314,Non- forest,1,1,Light
3056,G08_20180514_050000,G08,2018/05/14,05:00:00,G08_20180514_050000.wav,Alejandria,El Respaldo,6.4061,-75.0534,1314,Non- forest,1,1,Light
3057,G08_20180514_053000,G08,2018/05/14,05:30:00,G08_20180514_053000.wav,Alejandria,El Respaldo,6.4061,-75.0534,1314,Non- forest,1,1,Light
3058,G08_20180514_054500,G08,2018/05/14,05:45:00,G08_20180514_054500.wav,Alejandria,El Respaldo,6.4061,-75.0534,1314,Non- forest,1,1,Light
3059,G08_20180514_060000,G08,2018/05/14,06:00:00,G08_20180514_060000.wav,Alejandria,El Respaldo,6.4061,-75.0534,1314,Non- forest,0,0,No_rain
3060,G08_20180514_061500,G08,2018/05/14,06:15:00,G08_20180514_061500.wav,Alejandria,El Respaldo,6.4061,-75.0534,1314,Non- forest,1,1,Light
3061,G08_20180514_063000,G08,2018/05/14,06:30:00,G08_20180514_063000.wav,Alejandria,El Respaldo,6.4061,-75.0534,1314,Non- forest,0,0,No_rain
3062,G08_20180514_064500,G08,2018/05/14,06:45:00,G08_20180514_064500.wav,Alejandria,El Respaldo,6.4061,-75.0534,1314,Non- forest,0,0,No_rain
3063,G08_20180514_070000,G08,2018/05/14,07:00:00,G08_20180514_070000.wav,Alejandria,El Respaldo,6.4061,-75.0534,1314,Non- forest,0,0,No_rain
3064,G08_20180514_073000,G08,2018/05/14,07:30:00,G08_20180514_073000.wav,Alejandria,El Respaldo,6.4061,-75.0534,1314,Non- forest,0,0,No_rain
3065,G08_20180514_071500,G08,2018/05/14,07:15:00,G08_20180514_071500.wav,Alejandria,El Respaldo,6.4061,-75.0534,1314,Non- forest,0,0,No_rain
3066,G08_20180514_074500,G08,2018/05/14,07:45:00,G08_20180514_074500.wav,Alejandria,El Respaldo,6.4061,-75.0534,1314,Non- forest,0,0,No_rain
3067,G08_20180514_170000,G08,2018/05/14,17:00:00,G08_20180514_170000.wav,Alejandria,El Respaldo,6.4061,-75.0534,1314,Non- forest,0,0,No_rain
3068,G08_20180514_173000,G08,2018/05/14,17:30:00,G08_20180514_173000.wav,Alejandria,El Respaldo,6.4061,-75.0534,1314,Non- forest,0,0,No_rain
3069,G08_20180514_171500,G08,2018/05/14,17:15:00,G08_20180514_171500.wav,Alejandria,El Respaldo,6.4061,-75.0534,1314,Non- forest,0,0,No_rain
3070,G08_20180514_174500,G08,2018/05/14,17:45:00,G08_20180514_174500.wav,Alejandria,El Respaldo,6.4061,-75.0534,1314,Non- forest,0,0,No_rain
3071,G08_20180514_180000,G08,2018/05/14,18:00:00,G08_20180514_180000.wav,Alejandria,El Respaldo,6.4061,-75.0534,1314,Non- forest,0,0,No_rain
3072,G08_20180514_183000,G08,2018/05/14,18:30:00,G08_20180514_183000.wav,Alejandria,El Respaldo,6.4061,-75.0534,1314,Non- forest,0,0,No_rain
3073,G08_20180514_181500,G08,2018/05/14,18:15:00,G08_20180514_181500.wav,Alejandria,El Respaldo,6.4061,-75.0534,1314,Non- forest,0,0,No_rain
3074,G08_20180514_184500,G08,2018/05/14,18:45:00,G08_20180514_184500.wav,Alejandria,El Respaldo,6.4061,-75.0534,1314,Non- forest,0,0,No_rain
3075,G08_20180514_190000,G08,2018/05/14,19:00:00,G08_20180514_190000.wav,Alejandria,El Respaldo,6.4061,-75.0534,1314,Non- forest,0,0,No_rain
3076,G08_20180514_191500,G08,2018/05/14,19:15:00,G08_20180514_191500.wav,Alejandria,El Respaldo,6.4061,-75.0534,1314,Non- forest,0,0,No_rain
3077,G08_20180514_193000,G08,2018/05/14,19:30:00,G08_20180514_193000.wav,Alejandria,El Respaldo,6.4061,-75.0534,1314,Non- forest,0,0,No_rain
3078,G08_20180514_194500,G08,2018/05/14,19:45:00,G08_20180514_194500.wav,Alejandria,El Respaldo,6.4061,-75.0534,1314,Non- forest,1,1,Light
3079,G08_20180515_051500,G08,2018/05/15,05:15:00,G08_20180515_051500.wav,Alejandria,El Respaldo,6.4061,-75.0534,1314,Non- forest,1,1,Light
3080,G08_20180515_050000,G08,2018/05/15,05:00:00,G08_20180515_050000.wav,Alejandria,El Respaldo,6.4061,-75.0534,1314,Non- forest,1,1,Light
3081,G08_20180515_054500,G08,2018/05/15,05:45:00,G08_20180515_054500.wav,Alejandria,El Respaldo,6.4061,-75.0534,1314,Non- forest,1,1,Light
3082,G08_20180515_053000,G08,2018/05/15,05:30:00,G08_20180515_053000.wav,Alejandria,El Respaldo,6.4061,-75.0534,1314,Non- forest,1,1,Light
3083,G08_20180515_060000,G08,2018/05/15,06:00:00,G08_20180515_060000.wav,Alejandria,El Respaldo,6.4061,-75.0534,1314,Non- forest,1,1,Light
3084,G08_20180515_061500,G08,2018/05/15,06:15:00,G08_20180515_061500.wav,Alejandria,El Respaldo,6.4061,-75.0534,1314,Non- forest,1,1,Light
3085,G08_20180515_064500,G08,2018/05/15,06:45:00,G08_20180515_064500.wav,Alejandria,El Respaldo,6.4061,-75.0534,1314,Non- forest,1,1,Light
3086,G08_20180515_063000,G08,2018/05/15,06:30:00,G08_20180515_063000.wav,Alejandria,El Respaldo,6.4061,-75.0534,1314,Non- forest,1,1,Light
3087,G08_20180515_070000,G08,2018/05/15,07:00:00,G08_20180515_070000.wav,Alejandria,El Respaldo,6.4061,-75.0534,1314,Non- forest,1,1,Light
3088,G08_20180515_071500,G08,2018/05/15,07:15:00,G08_20180515_071500.wav,Alejandria,El Respaldo,6.4061,-75.0534,1314,Non- forest,1,1,Light
3089,G08_20180515_073000,G08,2018/05/15,07:30:00,G08_20180515_073000.wav,Alejandria,El Respaldo,6.4061,-75.0534,1314,Non- forest,1,1,Light
3090,G08_20180515_170000,G08,2018/05/15,17:00:00,G08_20180515_170000.wav,Alejandria,El Respaldo,6.4061,-75.0534,1314,Non- forest,0,0,No_rain
3091,G08_20180515_074500,G08,2018/05/15,07:45:00,G08_20180515_074500.wav,Alejandria,El Respaldo,6.4061,-75.0534,1314,Non- forest,1,1,Light
3092,G08_20180515_171500,G08,2018/05/15,17:15:00,G08_20180515_171500.wav,Alejandria,El Respaldo,6.4061,-75.0534,1314,Non- forest,0,0,No_rain
3093,G08_20180515_173000,G08,2018/05/15,17:30:00,G08_20180515_173000.wav,Alejandria,El Respaldo,6.4061,-75.0534,1314,Non- forest,0,0,No_rain
3094,G08_20180515_180000,G08,2018/05/15,18:00:00,G08_20180515_180000.wav,Alejandria,El Respaldo,6.4061,-75.0534,1314,Non- forest,0,0,No_rain
3095,G08_20180515_174500,G08,2018/05/15,17:45:00,G08_20180515_174500.wav,Alejandria,El Respaldo,6.4061,-75.0534,1314,Non- forest,0,0,No_rain
3096,G08_20180515_181500,G08,2018/05/15,18:15:00,G08_20180515_181500.wav,Alejandria,El Respaldo,6.4061,-75.0534,1314,Non- forest,0,0,No_rain
3097,G08_20180515_183000,G08,2018/05/15,18:30:00,G08_20180515_183000.wav,Alejandria,El Respaldo,6.4061,-75.0534,1314,Non- forest,1,3,Heavy
3098,G08_20180515_190000,G08,2018/05/15,19:00:00,G08_20180515_190000.wav,Alejandria,El Respaldo,6.4061,-75.0534,1314,Non- forest,1,2,Moderate
3099,G08_20180515_184500,G08,2018/05/15,18:45:00,G08_20180515_184500.wav,Alejandria,El Respaldo,6.4061,-75.0534,1314,Non- forest,1,3,Heavy
3100,G08_20180515_193000,G08,2018/05/15,19:30:00,G08_20180515_193000.wav,Alejandria,El Respaldo,6.4061,-75.0534,1314,Non- forest,1,1,Light
3101,G08_20180515_191500,G08,2018/05/15,19:15:00,G08_20180515_191500.wav,Alejandria,El Respaldo,6.4061,-75.0534,1314,Non- forest,1,2,Moderate
3102,G08_20180515_194500,G08,2018/05/15,19:45:00,G08_20180515_194500.wav,Alejandria,El Respaldo,6.4061,-75.0534,1314,Non- forest,1,1,Light
3103,G08_20180516_050000,G08,2018/05/16,05:00:00,G08_20180516_050000.wav,Alejandria,El Respaldo,6.4061,-75.0534,1314,Non- forest,1,1,Light
3104,G08_20180516_053000,G08,2018/05/16,05:30:00,G08_20180516_053000.wav,Alejandria,El Respaldo,6.4061,-75.0534,1314,Non- forest,1,1,Light
3105,G08_20180516_051500,G08,2018/05/16,05:15:00,G08_20180516_051500.wav,Alejandria,El Respaldo,6.4061,-75.0534,1314,Non- forest,0,0,No_rain
3106,G08_20180516_060000,G08,2018/05/16,06:00:00,G08_20180516_060000.wav,Alejandria,El Respaldo,6.4061,-75.0534,1314,Non- forest,1,1,Light
3107,G08_20180516_054500,G08,2018/05/16,05:45:00,G08_20180516_054500.wav,Alejandria,El Respaldo,6.4061,-75.0534,1314,Non- forest,1,1,Light
3108,G08_20180516_061500,G08,2018/05/16,06:15:00,G08_20180516_061500.wav,Alejandria,El Respaldo,6.4061,-75.0534,1314,Non- forest,0,0,No_rain
3109,G08_20180516_063000,G08,2018/05/16,06:30:00,G08_20180516_063000.wav,Alejandria,El Respaldo,6.4061,-75.0534,1314,Non- forest,0,0,No_rain
3110,G08_20180516_064500,G08,2018/05/16,06:45:00,G08_20180516_064500.wav,Alejandria,El Respaldo,6.4061,-75.0534,1314,Non- forest,0,0,No_rain
3111,G08_20180516_070000,G08,2018/05/16,07:00:00,G08_20180516_070000.wav,Alejandria,El Respaldo,6.4061,-75.0534,1314,Non- forest,0,0,No_rain
3112,G08_20180516_071500,G08,2018/05/16,07:15:00,G08_20180516_071500.wav,Alejandria,El Respaldo,6.4061,-75.0534,1314,Non- forest,0,0,No_rain
3113,G08_20180516_073000,G08,2018/05/16,07:30:00,G08_20180516_073000.wav,Alejandria,El Respaldo,6.4061,-75.0534,1314,Non- forest,0,0,No_rain
3114,G08_20180516_074500,G08,2018/05/16,07:45:00,G08_20180516_074500.wav,Alejandria,El Respaldo,6.4061,-75.0534,1314,Non- forest,0,0,No_rain
3115,G08_20180516_171500,G08,2018/05/16,17:15:00,G08_20180516_171500.wav,Alejandria,El Respaldo,6.4061,-75.0534,1314,Non- forest,0,0,No_rain
3116,G08_20180516_170000,G08,2018/05/16,17:00:00,G08_20180516_170000.wav,Alejandria,El Respaldo,6.4061,-75.0534,1314,Non- forest,0,0,No_rain
3117,G08_20180516_173000,G08,2018/05/16,17:30:00,G08_20180516_173000.wav,Alejandria,El Respaldo,6.4061,-75.0534,1314,Non- forest,0,0,No_rain
3118,G08_20180516_174500,G08,2018/05/16,17:45:00,G08_20180516_174500.wav,Alejandria,El Respaldo,6.4061,-75.0534,1314,Non- forest,0,0,No_rain
3119,G08_20180516_181500,G08,2018/05/16,18:15:00,G08_20180516_181500.wav,Alejandria,El Respaldo,6.4061,-75.0534,1314,Non- forest,0,0,No_rain
3120,G08_20180516_180000,G08,2018/05/16,18:00:00,G08_20180516_180000.wav,Alejandria,El Respaldo,6.4061,-75.0534,1314,Non- forest,0,0,No_rain
3121,G08_20180516_184500,G08,2018/05/16,18:45:00,G08_20180516_184500.wav,Alejandria,El Respaldo,6.4061,-75.0534,1314,Non- forest,0,0,No_rain
3122,G08_20180516_183000,G08,2018/05/16,18:30:00,G08_20180516_183000.wav,Alejandria,El Respaldo,6.4061,-75.0534,1314,Non- forest,0,0,No_rain
3123,G08_20180516_190000,G08,2018/05/16,19:00:00,G08_20180516_190000.wav,Alejandria,El Respaldo,6.4061,-75.0534,1314,Non- forest,0,0,No_rain
3124,G08_20180516_191500,G08,2018/05/16,19:15:00,G08_20180516_191500.wav,Alejandria,El Respaldo,6.4061,-75.0534,1314,Non- forest,0,0,No_rain
3125,G08_20180516_193000,G08,2018/05/16,19:30:00,G08_20180516_193000.wav,Alejandria,El Respaldo,6.4061,-75.0534,1314,Non- forest,0,0,No_rain
3126,G08_20180516_194500,G08,2018/05/16,19:45:00,G08_20180516_194500.wav,Alejandria,El Respaldo,6.4061,-75.0534,1314,Non- forest,0,0,No_rain
3127,G08_20180517_050000,G08,2018/05/17,05:00:00,G08_20180517_050000.wav,Alejandria,El Respaldo,6.4061,-75.0534,1314,Non- forest,0,0,No_rain
3128,G08_20180517_051500,G08,2018/05/17,05:15:00,G08_20180517_051500.wav,Alejandria,El Respaldo,6.4061,-75.0534,1314,Non- forest,1,1,Light
3129,G08_20180517_053000,G08,2018/05/17,05:30:00,G08_20180517_053000.wav,Alejandria,El Respaldo,6.4061,-75.0534,1314,Non- forest,1,1,Light
3130,G08_20180517_054500,G08,2018/05/17,05:45:00,G08_20180517_054500.wav,Alejandria,El Respaldo,6.4061,-75.0534,1314,Non- forest,0,0,No_rain
3131,G08_20180517_060000,G08,2018/05/17,06:00:00,G08_20180517_060000.wav,Alejandria,El Respaldo,6.4061,-75.0534,1314,Non- forest,0,0,No_rain
3132,G08_20180517_063000,G08,2018/05/17,06:30:00,G08_20180517_063000.wav,Alejandria,El Respaldo,6.4061,-75.0534,1314,Non- forest,1,1,Light
3133,G08_20180517_061500,G08,2018/05/17,06:15:00,G08_20180517_061500.wav,Alejandria,El Respaldo,6.4061,-75.0534,1314,Non- forest,1,1,Light
3134,G08_20180517_070000,G08,2018/05/17,07:00:00,G08_20180517_070000.wav,Alejandria,El Respaldo,6.4061,-75.0534,1314,Non- forest,0,0,No_rain
3135,G08_20180517_064500,G08,2018/05/17,06:45:00,G08_20180517_064500.wav,Alejandria,El Respaldo,6.4061,-75.0534,1314,Non- forest,0,0,No_rain
3136,G08_20180517_071500,G08,2018/05/17,07:15:00,G08_20180517_071500.wav,Alejandria,El Respaldo,6.4061,-75.0534,1314,Non- forest,0,0,No_rain
3137,G08_20180517_073000,G08,2018/05/17,07:30:00,G08_20180517_073000.wav,Alejandria,El Respaldo,6.4061,-75.0534,1314,Non- forest,0,0,No_rain
3138,G08_20180517_074500,G08,2018/05/17,07:45:00,G08_20180517_074500.wav,Alejandria,El Respaldo,6.4061,-75.0534,1314,Non- forest,0,0,No_rain
