,Recording,Recorder,Date,Time,Filename,Municipio,Vereda,Latitud,Longitud,Elevacion,Habitat,Rain_occurrence,Rain_Intesity,Intensity_Category
9068,G27_20180528_151200,G27,2018/05/28,15:12:00,G27_20180528_151200.wav,Alejandria,El Respaldo,6.3887,-75.0136,1289,Non- forest,0,0,No_rain
9069,G27_20180528_152800,G27,2018/05/28,15:28:00,G27_20180528_152800.wav,Alejandria,El Respaldo,6.3887,-75.0136,1289,Non- forest,0,0,No_rain
9070,G27_20180528_154400,G27,2018/05/28,15:44:00,G27_20180528_154400.wav,Alejandria,El Respaldo,6.3887,-75.0136,1289,Non- forest,0,0,No_rain
9071,G27_20180528_160000,G27,2018/05/28,16:00:00,G27_20180528_160000.wav,Alejandria,El Respaldo,6.3887,-75.0136,1289,Non- forest,0,0,No_rain
9072,G27_20180528_161600,G27,2018/05/28,16:16:00,G27_20180528_161600.wav,Alejandria,El Respaldo,6.3887,-75.0136,1289,Non- forest,0,0,No_rain
9073,G27_20180528_163200,G27,2018/05/28,16:32:00,G27_20180528_163200.wav,Alejandria,El Respaldo,6.3887,-75.0136,1289,Non- forest,0,0,No_rain
9074,G27_20180528_164800,G27,2018/05/28,16:48:00,G27_20180528_164800.wav,Alejandria,El Respaldo,6.3887,-75.0136,1289,Non- forest,0,0,No_rain
9075,G27_20180528_200000,G27,2018/05/28,20:00:00,G27_20180528_200000.wav,Alejandria,El Respaldo,6.3887,-75.0136,1289,Non- forest,0,0,No_rain
9076,G27_20180528_201600,G27,2018/05/28,20:16:00,G27_20180528_201600.wav,Alejandria,El Respaldo,6.3887,-75.0136,1289,Non- forest,0,0,No_rain
9077,G27_20180528_203200,G27,2018/05/28,20:32:00,G27_20180528_203200.wav,Alejandria,El Respaldo,6.3887,-75.0136,1289,Non- forest,0,0,No_rain
9078,G27_20180528_204800,G27,2018/05/28,20:48:00,G27_20180528_204800.wav,Alejandria,El Respaldo,6.3887,-75.0136,1289,Non- forest,0,0,No_rain
9079,G27_20180528_210400,G27,2018/05/28,21:04:00,G27_20180528_210400.wav,Alejandria,El Respaldo,6.3887,-75.0136,1289,Non- forest,0,0,No_rain
9080,G27_20180528_212000,G27,2018/05/28,21:20:00,G27_20180528_212000.wav,Alejandria,El Respaldo,6.3887,-75.0136,1289,Non- forest,0,0,No_rain
9081,G27_20180528_213600,G27,2018/05/28,21:36:00,G27_20180528_213600.wav,Alejandria,El Respaldo,6.3887,-75.0136,1289,Non- forest,0,0,No_rain
9082,G27_20180528_215200,G27,2018/05/28,21:52:00,G27_20180528_215200.wav,Alejandria,El Respaldo,6.3887,-75.0136,1289,Non- forest,0,0,No_rain
9083,G27_20180528_220800,G27,2018/05/28,22:08:00,G27_20180528_220800.wav,Alejandria,El Respaldo,6.3887,-75.0136,1289,Non- forest,0,0,No_rain
9084,G27_20180528_222400,G27,2018/05/28,22:24:00,G27_20180528_222400.wav,Alejandria,El Respaldo,6.3887,-75.0136,1289,Non- forest,0,0,No_rain
9085,G27_20180528_224000,G27,2018/05/28,22:40:00,G27_20180528_224000.wav,Alejandria,El Respaldo,6.3887,-75.0136,1289,Non- forest,0,0,No_rain
9086,G27_20180528_225600,G27,2018/05/28,22:56:00,G27_20180528_225600.wav,Alejandria,El Respaldo,6.3887,-75.0136,1289,Non- forest,0,0,No_rain
9087,G27_20180528_231200,G27,2018/05/28,23:12:00,G27_20180528_231200.wav,Alejandria,El Respaldo,6.3887,-75.0136,1289,Non- forest,1,1,Light
9088,G27_20180528_232800,G27,2018/05/28,23:28:00,G27_20180528_232800.wav,Alejandria,El Respaldo,6.3887,-75.0136,1289,Non- forest,1,1,Light
9089,G27_20180528_234400,G27,2018/05/28,23:44:00,G27_20180528_234400.wav,Alejandria,El Respaldo,6.3887,-75.0136,1289,Non- forest,1,1,Light
9090,G27_20180529_000000,G27,2018/05/29,00:00:00,G27_20180529_000000.wav,Alejandria,El Respaldo,6.3887,-75.0136,1289,Non- forest,1,1,Light
9091,G27_20180529_001600,G27,2018/05/29,00:16:00,G27_20180529_001600.wav,Alejandria,El Respaldo,6.3887,-75.0136,1289,Non- forest,1,1,Light
9092,G27_20180529_003200,G27,2018/05/29,00:32:00,G27_20180529_003200.wav,Alejandria,El Respaldo,6.3887,-75.0136,1289,Non- forest,1,1,Light
9093,G27_20180529_004800,G27,2018/05/29,00:48:00,G27_20180529_004800.wav,Alejandria,El Respaldo,6.3887,-75.0136,1289,Non- forest,1,1,Light
9094,G27_20180529_010400,G27,2018/05/29,01:04:00,G27_20180529_010400.wav,Alejandria,El Respaldo,6.3887,-75.0136,1289,Non- forest,1,1,Light
9095,G27_20180529_012000,G27,2018/05/29,01:20:00,G27_20180529_012000.wav,Alejandria,El Respaldo,6.3887,-75.0136,1289,Non- forest,1,1,Light
9096,G27_20180529_013600,G27,2018/05/29,01:36:00,G27_20180529_013600.wav,Alejandria,El Respaldo,6.3887,-75.0136,1289,Non- forest,0,0,No_rain
9097,G27_20180529_015200,G27,2018/05/29,01:52:00,G27_20180529_015200.wav,Alejandria,El Respaldo,6.3887,-75.0136,1289,Non- forest,0,0,No_rain
9098,G27_20180529_020800,G27,2018/05/29,02:08:00,G27_20180529_020800.wav,Alejandria,El Respaldo,6.3887,-75.0136,1289,Non- forest,0,0,No_rain
9099,G27_20180529_022400,G27,2018/05/29,02:24:00,G27_20180529_022400.wav,Alejandria,El Respaldo,6.3887,-75.0136,1289,Non- forest,0,0,No_rain
9100,G27_20180529_024000,G27,2018/05/29,02:40:00,G27_20180529_024000.wav,Alejandria,El Respaldo,6.3887,-75.0136,1289,Non- forest,0,0,No_rain
9101,G27_20180529_025600,G27,2018/05/29,02:56:00,G27_20180529_025600.wav,Alejandria,El Respaldo,6.3887,-75.0136,1289,Non- forest,0,0,No_rain
9102,G27_20180529_031200,G27,2018/05/29,03:12:00,G27_20180529_031200.wav,Alejandria,El Respaldo,6.3887,-75.0136,1289,Non- forest,0,0,No_rain
9103,G27_20180529_032800,G27,2018/05/29,03:28:00,G27_20180529_032800.wav,Alejandria,El Respaldo,6.3887,-75.0136,1289,Non- forest,0,0,No_rain
9104,G27_20180529_034400,G27,2018/05/29,03:44:00,G27_20180529_034400.wav,Alejandria,El Respaldo,6.3887,-75.0136,1289,Non- forest,0,0,No_rain
9105,G27_20180529_040000,G27,2018/05/29,04:00:00,G27_20180529_040000.wav,Alejandria,El Respaldo,6.3887,-75.0136,1289,Non- forest,0,0,No_rain
9106,G27_20180529_041600,G27,2018/05/29,04:16:00,G27_20180529_041600.wav,Alejandria,El Respaldo,6.3887,-75.0136,1289,Non- forest,0,0,No_rain
9107,G27_20180529_043200,G27,2018/05/29,04:32:00,G27_20180529_043200.wav,Alejandria,El Respaldo,6.3887,-75.0136,1289,Non- forest,0,0,No_rain
9108,G27_20180529_044800,G27,2018/05/29,04:48:00,G27_20180529_044800.wav,Alejandria,El Respaldo,6.3887,-75.0136,1289,Non- forest,0,0,No_rain
9109,G27_20180529_080000,G27,2018/05/29,08:00:00,G27_20180529_080000.wav,Alejandria,El Respaldo,6.3887,-75.0136,1289,Non- forest,0,0,No_rain
9110,G27_20180529_081600,G27,2018/05/29,08:16:00,G27_20180529_081600.wav,Alejandria,El Respaldo,6.3887,-75.0136,1289,Non- forest,0,0,No_rain
9111,G27_20180529_083200,G27,2018/05/29,08:32:00,G27_20180529_083200.wav,Alejandria,El Respaldo,6.3887,-75.0136,1289,Non- forest,0,0,No_rain
9112,G27_20180529_084800,G27,2018/05/29,08:48:00,G27_20180529_084800.wav,Alejandria,El Respaldo,6.3887,-75.0136,1289,Non- forest,0,0,No_rain
9113,G27_20180529_090400,G27,2018/05/29,09:04:00,G27_20180529_090400.wav,Alejandria,El Respaldo,6.3887,-75.0136,1289,Non- forest,0,0,No_rain
9114,G27_20180529_092000,G27,2018/05/29,09:20:00,G27_20180529_092000.wav,Alejandria,El Respaldo,6.3887,-75.0136,1289,Non- forest,0,0,No_rain
9115,G27_20180529_093600,G27,2018/05/29,09:36:00,G27_20180529_093600.wav,Alejandria,El Respaldo,6.3887,-75.0136,1289,Non- forest,0,0,No_rain
9116,G27_20180529_095200,G27,2018/05/29,09:52:00,G27_20180529_095200.wav,Alejandria,El Respaldo,6.3887,-75.0136,1289,Non- forest,0,0,No_rain
9117,G27_20180529_100800,G27,2018/05/29,10:08:00,G27_20180529_100800.wav,Alejandria,El Respaldo,6.3887,-75.0136,1289,Non- forest,0,0,No_rain
9118,G27_20180529_102400,G27,2018/05/29,10:24:00,G27_20180529_102400.wav,Alejandria,El Respaldo,6.3887,-75.0136,1289,Non- forest,0,0,No_rain
9119,G27_20180529_104000,G27,2018/05/29,10:40:00,G27_20180529_104000.wav,Alejandria,El Respaldo,6.3887,-75.0136,1289,Non- forest,0,0,No_rain
9120,G27_20180529_105600,G27,2018/05/29,10:56:00,G27_20180529_105600.wav,Alejandria,El Respaldo,6.3887,-75.0136,1289,Non- forest,0,0,No_rain
9121,G27_20180529_111200,G27,2018/05/29,11:12:00,G27_20180529_111200.wav,Alejandria,El Respaldo,6.3887,-75.0136,1289,Non- forest,0,0,No_rain
9122,G27_20180529_112800,G27,2018/05/29,11:28:00,G27_20180529_112800.wav,Alejandria,El Respaldo,6.3887,-75.0136,1289,Non- forest,0,0,No_rain
9123,G27_20180529_114400,G27,2018/05/29,11:44:00,G27_20180529_114400.wav,Alejandria,El Respaldo,6.3887,-75.0136,1289,Non- forest,0,0,No_rain
9124,G27_20180529_120000,G27,2018/05/29,12:00:00,G27_20180529_120000.wav,Alejandria,El Respaldo,6.3887,-75.0136,1289,Non- forest,0,0,No_rain
9125,G27_20180529_124800,G27,2018/05/29,12:48:00,G27_20180529_124800.wav,Alejandria,El Respaldo,6.3887,-75.0136,1289,Non- forest,0,0,No_rain
9126,G27_20180529_130400,G27,2018/05/29,13:04:00,G27_20180529_130400.wav,Alejandria,El Respaldo,6.3887,-75.0136,1289,Non- forest,0,0,No_rain
9127,G27_20180529_132000,G27,2018/05/29,13:20:00,G27_20180529_132000.wav,Alejandria,El Respaldo,6.3887,-75.0136,1289,Non- forest,0,0,No_rain
9128,G27_20180529_133600,G27,2018/05/29,13:36:00,G27_20180529_133600.wav,Alejandria,El Respaldo,6.3887,-75.0136,1289,Non- forest,0,0,No_rain
9129,G27_20180529_135200,G27,2018/05/29,13:52:00,G27_20180529_135200.wav,Alejandria,El Respaldo,6.3887,-75.0136,1289,Non- forest,0,0,No_rain
9130,G27_20180529_140800,G27,2018/05/29,14:08:00,G27_20180529_140800.wav,Alejandria,El Respaldo,6.3887,-75.0136,1289,Non- forest,0,0,No_rain
9131,G27_20180529_142400,G27,2018/05/29,14:24:00,G27_20180529_142400.wav,Alejandria,El Respaldo,6.3887,-75.0136,1289,Non- forest,0,0,No_rain
9132,G27_20180529_144000,G27,2018/05/29,14:40:00,G27_20180529_144000.wav,Alejandria,El Respaldo,6.3887,-75.0136,1289,Non- forest,0,0,No_rain
9133,G27_20180529_145600,G27,2018/05/29,14:56:00,G27_20180529_145600.wav,Alejandria,El Respaldo,6.3887,-75.0136,1289,Non- forest,0,0,No_rain
9134,G27_20180529_151200,G27,2018/05/29,15:12:00,G27_20180529_151200.wav,Alejandria,El Respaldo,6.3887,-75.0136,1289,Non- forest,0,0,No_rain
9135,G27_20180529_152800,G27,2018/05/29,15:28:00,G27_20180529_152800.wav,Alejandria,El Respaldo,6.3887,-75.0136,1289,Non- forest,0,0,No_rain
9136,G27_20180529_154400,G27,2018/05/29,15:44:00,G27_20180529_154400.wav,Alejandria,El Respaldo,6.3887,-75.0136,1289,Non- forest,0,0,No_rain
9137,G27_20180529_160000,G27,2018/05/29,16:00:00,G27_20180529_160000.wav,Alejandria,El Respaldo,6.3887,-75.0136,1289,Non- forest,0,0,No_rain
9138,G27_20180529_161600,G27,2018/05/29,16:16:00,G27_20180529_161600.wav,Alejandria,El Respaldo,6.3887,-75.0136,1289,Non- forest,0,0,No_rain
9139,G27_20180529_163200,G27,2018/05/29,16:32:00,G27_20180529_163200.wav,Alejandria,El Respaldo,6.3887,-75.0136,1289,Non- forest,0,0,No_rain
9140,G27_20180529_164800,G27,2018/05/29,16:48:00,G27_20180529_164800.wav,Alejandria,El Respaldo,6.3887,-75.0136,1289,Non- forest,0,0,No_rain
9141,G27_20180529_200000,G27,2018/05/29,20:00:00,G27_20180529_200000.wav,Alejandria,El Respaldo,6.3887,-75.0136,1289,Non- forest,0,0,No_rain
9142,G27_20180529_201600,G27,2018/05/29,20:16:00,G27_20180529_201600.wav,Alejandria,El Respaldo,6.3887,-75.0136,1289,Non- forest,0,0,No_rain
9143,G27_20180529_203200,G27,2018/05/29,20:32:00,G27_20180529_203200.wav,Alejandria,El Respaldo,6.3887,-75.0136,1289,Non- forest,0,0,No_rain
9144,G27_20180529_204800,G27,2018/05/29,20:48:00,G27_20180529_204800.wav,Alejandria,El Respaldo,6.3887,-75.0136,1289,Non- forest,0,0,No_rain
9145,G27_20180529_210400,G27,2018/05/29,21:04:00,G27_20180529_210400.wav,Alejandria,El Respaldo,6.3887,-75.0136,1289,Non- forest,0,0,No_rain
9146,G27_20180529_212000,G27,2018/05/29,21:20:00,G27_20180529_212000.wav,Alejandria,El Respaldo,6.3887,-75.0136,1289,Non- forest,0,0,No_rain
9147,G27_20180529_213600,G27,2018/05/29,21:36:00,G27_20180529_213600.wav,Alejandria,El Respaldo,6.3887,-75.0136,1289,Non- forest,0,0,No_rain
9148,G27_20180529_215200,G27,2018/05/29,21:52:00,G27_20180529_215200.wav,Alejandria,El Respaldo,6.3887,-75.0136,1289,Non- forest,0,0,No_rain
9149,G27_20180529_220800,G27,2018/05/29,22:08:00,G27_20180529_220800.wav,Alejandria,El Respaldo,6.3887,-75.0136,1289,Non- forest,0,0,No_rain
9150,G27_20180529_222400,G27,2018/05/29,22:24:00,G27_20180529_222400.wav,Alejandria,El Respaldo,6.3887,-75.0136,1289,Non- forest,0,0,No_rain
9151,G27_20180529_224000,G27,2018/05/29,22:40:00,G27_20180529_224000.wav,Alejandria,El Respaldo,6.3887,-75.0136,1289,Non- forest,0,0,No_rain
9152,G27_20180529_225600,G27,2018/05/29,22:56:00,G27_20180529_225600.wav,Alejandria,El Respaldo,6.3887,-75.0136,1289,Non- forest,0,0,No_rain
9153,G27_20180529_231200,G27,2018/05/29,23:12:00,G27_20180529_231200.wav,Alejandria,El Respaldo,6.3887,-75.0136,1289,Non- forest,0,0,No_rain
9154,G27_20180529_232800,G27,2018/05/29,23:28:00,G27_20180529_232800.wav,Alejandria,El Respaldo,6.3887,-75.0136,1289,Non- forest,0,0,No_rain
9155,G27_20180529_234400,G27,2018/05/29,23:44:00,G27_20180529_234400.wav,Alejandria,El Respaldo,6.3887,-75.0136,1289,Non- forest,0,0,No_rain
9156,G27_20180530_000000,G27,2018/05/30,00:00:00,G27_20180530_000000.wav,Alejandria,El Respaldo,6.3887,-75.0136,1289,Non- forest,0,0,No_rain
9157,G27_20180530_001600,G27,2018/05/30,00:16:00,G27_20180530_001600.wav,Alejandria,El Respaldo,6.3887,-75.0136,1289,Non- forest,1,3,Heavy
9158,G27_20180530_003200,G27,2018/05/30,00:32:00,G27_20180530_003200.wav,Alejandria,El Respaldo,6.3887,-75.0136,1289,Non- forest,1,3,Heavy
9159,G27_20180530_004800,G27,2018/05/30,00:48:00,G27_20180530_004800.wav,Alejandria,El Respaldo,6.3887,-75.0136,1289,Non- forest,1,2,Moderate
9160,G27_20180530_010400,G27,2018/05/30,01:04:00,G27_20180530_010400.wav,Alejandria,El Respaldo,6.3887,-75.0136,1289,Non- forest,1,1,Light
9161,G27_20180530_012000,G27,2018/05/30,01:20:00,G27_20180530_012000.wav,Alejandria,El Respaldo,6.3887,-75.0136,1289,Non- forest,1,1,Light
9162,G27_20180530_013600,G27,2018/05/30,01:36:00,G27_20180530_013600.wav,Alejandria,El Respaldo,6.3887,-75.0136,1289,Non- forest,1,1,Light
9163,G27_20180530_015200,G27,2018/05/30,01:52:00,G27_20180530_015200.wav,Alejandria,El Respaldo,6.3887,-75.0136,1289,Non- forest,1,1,Light
9164,G27_20180530_020800,G27,2018/05/30,02:08:00,G27_20180530_020800.wav,Alejandria,El Respaldo,6.3887,-75.0136,1289,Non- forest,1,1,Light
9165,G27_20180530_022400,G27,2018/05/30,02:24:00,G27_20180530_022400.wav,Alejandria,El Respaldo,6.3887,-75.0136,1289,Non- forest,0,0,No_rain
9166,G27_20180530_024000,G27,2018/05/30,02:40:00,G27_20180530_024000.wav,Alejandria,El Respaldo,6.3887,-75.0136,1289,Non- forest,0,0,No_rain
9167,G27_20180530_025600,G27,2018/05/30,02:56:00,G27_20180530_025600.wav,Alejandria,El Respaldo,6.3887,-75.0136,1289,Non- forest,0,0,No_rain
9168,G27_20180530_031200,G27,2018/05/30,03:12:00,G27_20180530_031200.wav,Alejandria,El Respaldo,6.3887,-75.0136,1289,Non- forest,0,0,No_rain
9169,G27_20180530_032800,G27,2018/05/30,03:28:00,G27_20180530_032800.wav,Alejandria,El Respaldo,6.3887,-75.0136,1289,Non- forest,0,0,No_rain
9170,G27_20180530_034400,G27,2018/05/30,03:44:00,G27_20180530_034400.wav,Alejandria,El Respaldo,6.3887,-75.0136,1289,Non- forest,0,0,No_rain
9171,G27_20180530_040000,G27,2018/05/30,04:00:00,G27_20180530_040000.wav,Alejandria,El Respaldo,6.3887,-75.0136,1289,Non- forest,0,0,No_rain
9172,G27_20180530_041600,G27,2018/05/30,04:16:00,G27_20180530_041600.wav,Alejandria,El Respaldo,6.3887,-75.0136,1289,Non- forest,0,0,No_rain
9173,G27_20180530_043200,G27,2018/05/30,04:32:00,G27_20180530_043200.wav,Alejandria,El Respaldo,6.3887,-75.0136,1289,Non- forest,0,0,No_rain
9174,G27_20180530_044800,G27,2018/05/30,04:48:00,G27_20180530_044800.wav,Alejandria,El Respaldo,6.3887,-75.0136,1289,Non- forest,0,0,No_rain
9175,G27_20180530_080000,G27,2018/05/30,08:00:00,G27_20180530_080000.wav,Alejandria,El Respaldo,6.3887,-75.0136,1289,Non- forest,0,0,No_rain
9176,G27_20180530_081600,G27,2018/05/30,08:16:00,G27_20180530_081600.wav,Alejandria,El Respaldo,6.3887,-75.0136,1289,Non- forest,0,0,No_rain
9177,G27_20180530_083200,G27,2018/05/30,08:32:00,G27_20180530_083200.wav,Alejandria,El Respaldo,6.3887,-75.0136,1289,Non- forest,0,0,No_rain
9178,G27_20180530_084800,G27,2018/05/30,08:48:00,G27_20180530_084800.wav,Alejandria,El Respaldo,6.3887,-75.0136,1289,Non- forest,0,0,No_rain
9179,G27_20180530_090400,G27,2018/05/30,09:04:00,G27_20180530_090400.wav,Alejandria,El Respaldo,6.3887,-75.0136,1289,Non- forest,0,0,No_rain
9180,G27_20180530_092000,G27,2018/05/30,09:20:00,G27_20180530_092000.wav,Alejandria,El Respaldo,6.3887,-75.0136,1289,Non- forest,0,0,No_rain
9181,G27_20180530_093600,G27,2018/05/30,09:36:00,G27_20180530_093600.wav,Alejandria,El Respaldo,6.3887,-75.0136,1289,Non- forest,0,0,No_rain
9182,G27_20180530_095200,G27,2018/05/30,09:52:00,G27_20180530_095200.wav,Alejandria,El Respaldo,6.3887,-75.0136,1289,Non- forest,0,0,No_rain
9183,G27_20180530_100800,G27,2018/05/30,10:08:00,G27_20180530_100800.wav,Alejandria,El Respaldo,6.3887,-75.0136,1289,Non- forest,1,1,Light
9184,G27_20180530_102400,G27,2018/05/30,10:24:00,G27_20180530_102400.wav,Alejandria,El Respaldo,6.3887,-75.0136,1289,Non- forest,0,0,No_rain
9185,G27_20180530_104000,G27,2018/05/30,10:40:00,G27_20180530_104000.wav,Alejandria,El Respaldo,6.3887,-75.0136,1289,Non- forest,0,0,No_rain
9186,G27_20180530_105600,G27,2018/05/30,10:56:00,G27_20180530_105600.wav,Alejandria,El Respaldo,6.3887,-75.0136,1289,Non- forest,0,0,No_rain
9187,G27_20180530_111200,G27,2018/05/30,11:12:00,G27_20180530_111200.wav,Alejandria,El Respaldo,6.3887,-75.0136,1289,Non- forest,1,1,Light
9188,G27_20180530_112800,G27,2018/05/30,11:28:00,G27_20180530_112800.wav,Alejandria,El Respaldo,6.3887,-75.0136,1289,Non- forest,0,0,No_rain
9189,G27_20180530_114400,G27,2018/05/30,11:44:00,G27_20180530_114400.wav,Alejandria,El Respaldo,6.3887,-75.0136,1289,Non- forest,0,0,No_rain
9190,G27_20180530_120000,G27,2018/05/30,12:00:00,G27_20180530_120000.wav,Alejandria,El Respaldo,6.3887,-75.0136,1289,Non- forest,0,0,No_rain
9191,G27_20180530_121600,G27,2018/05/30,12:16:00,G27_20180530_121600.wav,Alejandria,El Respaldo,6.3887,-75.0136,1289,Non- forest,0,0,No_rain
9192,G27_20180530_123200,G27,2018/05/30,12:32:00,G27_20180530_123200.wav,Alejandria,El Respaldo,6.3887,-75.0136,1289,Non- forest,0,0,No_rain
9193,G27_20180530_124800,G27,2018/05/30,12:48:00,G27_20180530_124800.wav,Alejandria,El Respaldo,6.3887,-75.0136,1289,Non- forest,0,0,No_rain
9194,G27_20180530_130400,G27,2018/05/30,13:04:00,G27_20180530_130400.wav,Alejandria,El Respaldo,6.3887,-75.0136,1289,Non- forest,0,0,No_rain
9195,G27_20180530_132000,G27,2018/05/30,13:20:00,G27_20180530_132000.wav,Alejandria,El Respaldo,6.3887,-75.0136,1289,Non- forest,0,0,No_rain
9196,G27_20180530_133600,G27,2018/05/30,13:36:00,G27_20180530_133600.wav,Alejandria,El Respaldo,6.3887,-75.0136,1289,Non- forest,0,0,No_rain
9197,G27_20180530_135200,G27,2018/05/30,13:52:00,G27_20180530_135200.wav,Alejandria,El Respaldo,6.3887,-75.0136,1289,Non- forest,0,0,No_rain
9198,G27_20180530_140800,G27,2018/05/30,14:08:00,G27_20180530_140800.wav,Alejandria,El Respaldo,6.3887,-75.0136,1289,Non- forest,0,0,No_rain
9199,G27_20180530_142400,G27,2018/05/30,14:24:00,G27_20180530_142400.wav,Alejandria,El Respaldo,6.3887,-75.0136,1289,Non- forest,0,0,No_rain
9200,G27_20180530_144000,G27,2018/05/30,14:40:00,G27_20180530_144000.wav,Alejandria,El Respaldo,6.3887,-75.0136,1289,Non- forest,0,0,No_rain
9201,G27_20180530_145600,G27,2018/05/30,14:56:00,G27_20180530_145600.wav,Alejandria,El Respaldo,6.3887,-75.0136,1289,Non- forest,0,0,No_rain
9202,G27_20180530_151200,G27,2018/05/30,15:12:00,G27_20180530_151200.wav,Alejandria,El Respaldo,6.3887,-75.0136,1289,Non- forest,0,0,No_rain
9203,G27_20180530_152800,G27,2018/05/30,15:28:00,G27_20180530_152800.wav,Alejandria,El Respaldo,6.3887,-75.0136,1289,Non- forest,0,0,No_rain
9204,G27_20180530_154400,G27,2018/05/30,15:44:00,G27_20180530_154400.wav,Alejandria,El Respaldo,6.3887,-75.0136,1289,Non- forest,0,0,No_rain
9205,G27_20180530_160000,G27,2018/05/30,16:00:00,G27_20180530_160000.wav,Alejandria,El Respaldo,6.3887,-75.0136,1289,Non- forest,0,0,No_rain
9206,G27_20180530_161600,G27,2018/05/30,16:16:00,G27_20180530_161600.wav,Alejandria,El Respaldo,6.3887,-75.0136,1289,Non- forest,0,0,No_rain
9207,G27_20180530_163200,G27,2018/05/30,16:32:00,G27_20180530_163200.wav,Alejandria,El Respaldo,6.3887,-75.0136,1289,Non- forest,0,0,No_rain
9208,G27_20180530_164800,G27,2018/05/30,16:48:00,G27_20180530_164800.wav,Alejandria,El Respaldo,6.3887,-75.0136,1289,Non- forest,0,0,No_rain
9209,G27_20180530_200000,G27,2018/05/30,20:00:00,G27_20180530_200000.wav,Alejandria,El Respaldo,6.3887,-75.0136,1289,Non- forest,0,0,No_rain
9210,G27_20180530_201600,G27,2018/05/30,20:16:00,G27_20180530_201600.wav,Alejandria,El Respaldo,6.3887,-75.0136,1289,Non- forest,0,0,No_rain
9211,G27_20180530_203200,G27,2018/05/30,20:32:00,G27_20180530_203200.wav,Alejandria,El Respaldo,6.3887,-75.0136,1289,Non- forest,0,0,No_rain
9212,G27_20180530_204800,G27,2018/05/30,20:48:00,G27_20180530_204800.wav,Alejandria,El Respaldo,6.3887,-75.0136,1289,Non- forest,0,0,No_rain
9213,G27_20180530_210400,G27,2018/05/30,21:04:00,G27_20180530_210400.wav,Alejandria,El Respaldo,6.3887,-75.0136,1289,Non- forest,0,0,No_rain
9214,G27_20180530_212000,G27,2018/05/30,21:20:00,G27_20180530_212000.wav,Alejandria,El Respaldo,6.3887,-75.0136,1289,Non- forest,0,0,No_rain
9215,G27_20180530_213600,G27,2018/05/30,21:36:00,G27_20180530_213600.wav,Alejandria,El Respaldo,6.3887,-75.0136,1289,Non- forest,0,0,No_rain
9216,G27_20180530_215200,G27,2018/05/30,21:52:00,G27_20180530_215200.wav,Alejandria,El Respaldo,6.3887,-75.0136,1289,Non- forest,0,0,No_rain
9217,G27_20180530_220800,G27,2018/05/30,22:08:00,G27_20180530_220800.wav,Alejandria,El Respaldo,6.3887,-75.0136,1289,Non- forest,0,0,No_rain
9218,G27_20180530_222400,G27,2018/05/30,22:24:00,G27_20180530_222400.wav,Alejandria,El Respaldo,6.3887,-75.0136,1289,Non- forest,0,0,No_rain
9219,G27_20180530_224000,G27,2018/05/30,22:40:00,G27_20180530_224000.wav,Alejandria,El Respaldo,6.3887,-75.0136,1289,Non- forest,0,0,No_rain
9220,G27_20180530_225600,G27,2018/05/30,22:56:00,G27_20180530_225600.wav,Alejandria,El Respaldo,6.3887,-75.0136,1289,Non- forest,0,0,No_rain
9221,G27_20180530_231200,G27,2018/05/30,23:12:00,G27_20180530_231200.wav,Alejandria,El Respaldo,6.3887,-75.0136,1289,Non- forest,0,0,No_rain
9222,G27_20180530_232800,G27,2018/05/30,23:28:00,G27_20180530_232800.wav,Alejandria,El Respaldo,6.3887,-75.0136,1289,Non- forest,0,0,No_rain
9223,G27_20180530_234400,G27,2018/05/30,23:44:00,G27_20180530_234400.wav,Alejandria,El Respaldo,6.3887,-75.0136,1289,Non- forest,0,0,No_rain
9224,G27_20180531_000000,G27,2018/05/31,00:00:00,G27_20180531_000000.wav,Alejandria,El Respaldo,6.3887,-75.0136,1289,Non- forest,0,0,No_rain
9225,G27_20180531_001600,G27,2018/05/31,00:16:00,G27_20180531_001600.wav,Alejandria,El Respaldo,6.3887,-75.0136,1289,Non- forest,0,0,No_rain
9226,G27_20180531_003200,G27,2018/05/31,00:32:00,G27_20180531_003200.wav,Alejandria,El Respaldo,6.3887,-75.0136,1289,Non- forest,0,0,No_rain
9227,G27_20180531_004800,G27,2018/05/31,00:48:00,G27_20180531_004800.wav,Alejandria,El Respaldo,6.3887,-75.0136,1289,Non- forest,0,0,No_rain
9228,G27_20180531_010400,G27,2018/05/31,01:04:00,G27_20180531_010400.wav,Alejandria,El Respaldo,6.3887,-75.0136,1289,Non- forest,0,0,No_rain
9229,G27_20180531_012000,G27,2018/05/31,01:20:00,G27_20180531_012000.wav,Alejandria,El Respaldo,6.3887,-75.0136,1289,Non- forest,0,0,No_rain
9230,G27_20180531_013600,G27,2018/05/31,01:36:00,G27_20180531_013600.wav,Alejandria,El Respaldo,6.3887,-75.0136,1289,Non- forest,0,0,No_rain
9231,G27_20180531_015200,G27,2018/05/31,01:52:00,G27_20180531_015200.wav,Alejandria,El Respaldo,6.3887,-75.0136,1289,Non- forest,0,0,No_rain
9232,G27_20180531_020800,G27,2018/05/31,02:08:00,G27_20180531_020800.wav,Alejandria,El Respaldo,6.3887,-75.0136,1289,Non- forest,0,0,No_rain
9233,G27_20180531_022400,G27,2018/05/31,02:24:00,G27_20180531_022400.wav,Alejandria,El Respaldo,6.3887,-75.0136,1289,Non- forest,0,0,No_rain
9234,G27_20180531_024000,G27,2018/05/31,02:40:00,G27_20180531_024000.wav,Alejandria,El Respaldo,6.3887,-75.0136,1289,Non- forest,0,0,No_rain
9235,G27_20180531_025600,G27,2018/05/31,02:56:00,G27_20180531_025600.wav,Alejandria,El Respaldo,6.3887,-75.0136,1289,Non- forest,0,0,No_rain
9236,G27_20180531_031200,G27,2018/05/31,03:12:00,G27_20180531_031200.wav,Alejandria,El Respaldo,6.3887,-75.0136,1289,Non- forest,0,0,No_rain
9237,G27_20180531_032800,G27,2018/05/31,03:28:00,G27_20180531_032800.wav,Alejandria,El Respaldo,6.3887,-75.0136,1289,Non- forest,0,0,No_rain
9238,G27_20180531_034400,G27,2018/05/31,03:44:00,G27_20180531_034400.wav,Alejandria,El Respaldo,6.3887,-75.0136,1289,Non- forest,0,0,No_rain
9239,G27_20180531_040000,G27,2018/05/31,04:00:00,G27_20180531_040000.wav,Alejandria,El Respaldo,6.3887,-75.0136,1289,Non- forest,0,0,No_rain
9240,G27_20180531_041600,G27,2018/05/31,04:16:00,G27_20180531_041600.wav,Alejandria,El Respaldo,6.3887,-75.0136,1289,Non- forest,0,0,No_rain
9241,G27_20180531_043200,G27,2018/05/31,04:32:00,G27_20180531_043200.wav,Alejandria,El Respaldo,6.3887,-75.0136,1289,Non- forest,0,0,No_rain
9242,G27_20180531_044800,G27,2018/05/31,04:48:00,G27_20180531_044800.wav,Alejandria,El Respaldo,6.3887,-75.0136,1289,Non- forest,0,0,No_rain
9243,G27_20180531_080000,G27,2018/05/31,08:00:00,G27_20180531_080000.wav,Alejandria,El Respaldo,6.3887,-75.0136,1289,Non- forest,0,0,No_rain
9244,G27_20180531_081600,G27,2018/05/31,08:16:00,G27_20180531_081600.wav,Alejandria,El Respaldo,6.3887,-75.0136,1289,Non- forest,0,0,No_rain
9245,G27_20180531_083200,G27,2018/05/31,08:32:00,G27_20180531_083200.wav,Alejandria,El Respaldo,6.3887,-75.0136,1289,Non- forest,0,0,No_rain
9246,G27_20180531_084800,G27,2018/05/31,08:48:00,G27_20180531_084800.wav,Alejandria,El Respaldo,6.3887,-75.0136,1289,Non- forest,0,0,No_rain
9247,G27_20180531_090400,G27,2018/05/31,09:04:00,G27_20180531_090400.wav,Alejandria,El Respaldo,6.3887,-75.0136,1289,Non- forest,0,0,No_rain
9248,G27_20180531_092000,G27,2018/05/31,09:20:00,G27_20180531_092000.wav,Alejandria,El Respaldo,6.3887,-75.0136,1289,Non- forest,0,0,No_rain
9249,G27_20180531_093600,G27,2018/05/31,09:36:00,G27_20180531_093600.wav,Alejandria,El Respaldo,6.3887,-75.0136,1289,Non- forest,0,0,No_rain
9250,G27_20180531_095200,G27,2018/05/31,09:52:00,G27_20180531_095200.wav,Alejandria,El Respaldo,6.3887,-75.0136,1289,Non- forest,0,0,No_rain
9251,G27_20180531_100800,G27,2018/05/31,10:08:00,G27_20180531_100800.wav,Alejandria,El Respaldo,6.3887,-75.0136,1289,Non- forest,0,0,No_rain
9252,G27_20180531_102400,G27,2018/05/31,10:24:00,G27_20180531_102400.wav,Alejandria,El Respaldo,6.3887,-75.0136,1289,Non- forest,0,0,No_rain
9253,G27_20180531_104000,G27,2018/05/31,10:40:00,G27_20180531_104000.wav,Alejandria,El Respaldo,6.3887,-75.0136,1289,Non- forest,0,0,No_rain
9254,G27_20180531_105600,G27,2018/05/31,10:56:00,G27_20180531_105600.wav,Alejandria,El Respaldo,6.3887,-75.0136,1289,Non- forest,0,0,No_rain
9255,G27_20180531_111200,G27,2018/05/31,11:12:00,G27_20180531_111200.wav,Alejandria,El Respaldo,6.3887,-75.0136,1289,Non- forest,0,0,No_rain
9256,G27_20180531_112800,G27,2018/05/31,11:28:00,G27_20180531_112800.wav,Alejandria,El Respaldo,6.3887,-75.0136,1289,Non- forest,0,0,No_rain
9257,G27_20180531_114400,G27,2018/05/31,11:44:00,G27_20180531_114400.wav,Alejandria,El Respaldo,6.3887,-75.0136,1289,Non- forest,0,0,No_rain
9258,G27_20180531_120000,G27,2018/05/31,12:00:00,G27_20180531_120000.wav,Alejandria,El Respaldo,6.3887,-75.0136,1289,Non- forest,0,0,No_rain
9259,G27_20180531_121600,G27,2018/05/31,12:16:00,G27_20180531_121600.wav,Alejandria,El Respaldo,6.3887,-75.0136,1289,Non- forest,0,0,No_rain
9260,G27_20180531_123200,G27,2018/05/31,12:32:00,G27_20180531_123200.wav,Alejandria,El Respaldo,6.3887,-75.0136,1289,Non- forest,0,0,No_rain
9261,G27_20180531_124800,G27,2018/05/31,12:48:00,G27_20180531_124800.wav,Alejandria,El Respaldo,6.3887,-75.0136,1289,Non- forest,0,0,No_rain
9262,G27_20180531_130400,G27,2018/05/31,13:04:00,G27_20180531_130400.wav,Alejandria,El Respaldo,6.3887,-75.0136,1289,Non- forest,0,0,No_rain
9263,G27_20180531_132000,G27,2018/05/31,13:20:00,G27_20180531_132000.wav,Alejandria,El Respaldo,6.3887,-75.0136,1289,Non- forest,0,0,No_rain
9264,G27_20180531_133600,G27,2018/05/31,13:36:00,G27_20180531_133600.wav,Alejandria,El Respaldo,6.3887,-75.0136,1289,Non- forest,0,0,No_rain
9265,G27_20180531_135200,G27,2018/05/31,13:52:00,G27_20180531_135200.wav,Alejandria,El Respaldo,6.3887,-75.0136,1289,Non- forest,0,0,No_rain
9266,G27_20180531_140800,G27,2018/05/31,14:08:00,G27_20180531_140800.wav,Alejandria,El Respaldo,6.3887,-75.0136,1289,Non- forest,0,0,No_rain
9267,G27_20180531_142400,G27,2018/05/31,14:24:00,G27_20180531_142400.wav,Alejandria,El Respaldo,6.3887,-75.0136,1289,Non- forest,0,0,No_rain
9268,G27_20180531_144000,G27,2018/05/31,14:40:00,G27_20180531_144000.wav,Alejandria,El Respaldo,6.3887,-75.0136,1289,Non- forest,0,0,No_rain
9269,G27_20180531_145600,G27,2018/05/31,14:56:00,G27_20180531_145600.wav,Alejandria,El Respaldo,6.3887,-75.0136,1289,Non- forest,0,0,No_rain
9270,G27_20180531_151200,G27,2018/05/31,15:12:00,G27_20180531_151200.wav,Alejandria,El Respaldo,6.3887,-75.0136,1289,Non- forest,0,0,No_rain
9271,G27_20180531_152800,G27,2018/05/31,15:28:00,G27_20180531_152800.wav,Alejandria,El Respaldo,6.3887,-75.0136,1289,Non- forest,0,0,No_rain
9272,G27_20180531_154400,G27,2018/05/31,15:44:00,G27_20180531_154400.wav,Alejandria,El Respaldo,6.3887,-75.0136,1289,Non- forest,0,0,No_rain
9273,G27_20180531_160000,G27,2018/05/31,16:00:00,G27_20180531_160000.wav,Alejandria,El Respaldo,6.3887,-75.0136,1289,Non- forest,0,0,No_rain
9274,G27_20180531_161600,G27,2018/05/31,16:16:00,G27_20180531_161600.wav,Alejandria,El Respaldo,6.3887,-75.0136,1289,Non- forest,0,0,No_rain
9275,G27_20180531_163200,G27,2018/05/31,16:32:00,G27_20180531_163200.wav,Alejandria,El Respaldo,6.3887,-75.0136,1289,Non- forest,0,0,No_rain
9276,G27_20180531_164800,G27,2018/05/31,16:48:00,G27_20180531_164800.wav,Alejandria,El Respaldo,6.3887,-75.0136,1289,Non- forest,0,0,No_rain
9277,G27_20180531_200000,G27,2018/05/31,20:00:00,G27_20180531_200000.wav,Alejandria,El Respaldo,6.3887,-75.0136,1289,Non- forest,0,0,No_rain
9278,G27_20180531_201600,G27,2018/05/31,20:16:00,G27_20180531_201600.wav,Alejandria,El Respaldo,6.3887,-75.0136,1289,Non- forest,0,0,No_rain
9279,G27_20180531_203200,G27,2018/05/31,20:32:00,G27_20180531_203200.wav,Alejandria,El Respaldo,6.3887,-75.0136,1289,Non- forest,0,0,No_rain
9280,G27_20180531_204800,G27,2018/05/31,20:48:00,G27_20180531_204800.wav,Alejandria,El Respaldo,6.3887,-75.0136,1289,Non- forest,0,0,No_rain
9281,G27_20180531_210400,G27,2018/05/31,21:04:00,G27_20180531_210400.wav,Alejandria,El Respaldo,6.3887,-75.0136,1289,Non- forest,0,0,No_rain
9282,G27_20180531_212000,G27,2018/05/31,21:20:00,G27_20180531_212000.wav,Alejandria,El Respaldo,6.3887,-75.0136,1289,Non- forest,0,0,No_rain
9283,G27_20180531_213600,G27,2018/05/31,21:36:00,G27_20180531_213600.wav,Alejandria,El Respaldo,6.3887,-75.0136,1289,Non- forest,0,0,No_rain
9284,G27_20180531_215200,G27,2018/05/31,21:52:00,G27_20180531_215200.wav,Alejandria,El Respaldo,6.3887,-75.0136,1289,Non- forest,1,1,Light
9285,G27_20180531_220800,G27,2018/05/31,22:08:00,G27_20180531_220800.wav,Alejandria,El Respaldo,6.3887,-75.0136,1289,Non- forest,0,0,No_rain
9286,G27_20180531_222400,G27,2018/05/31,22:24:00,G27_20180531_222400.wav,Alejandria,El Respaldo,6.3887,-75.0136,1289,Non- forest,0,0,No_rain
9287,G27_20180531_224000,G27,2018/05/31,22:40:00,G27_20180531_224000.wav,Alejandria,El Respaldo,6.3887,-75.0136,1289,Non- forest,1,1,Light
9288,G27_20180531_225600,G27,2018/05/31,22:56:00,G27_20180531_225600.wav,Alejandria,El Respaldo,6.3887,-75.0136,1289,Non- forest,1,3,Heavy
9289,G27_20180531_231200,G27,2018/05/31,23:12:00,G27_20180531_231200.wav,Alejandria,El Respaldo,6.3887,-75.0136,1289,Non- forest,1,1,Light
9290,G27_20180531_232800,G27,2018/05/31,23:28:00,G27_20180531_232800.wav,Alejandria,El Respaldo,6.3887,-75.0136,1289,Non- forest,1,1,Light
9291,G27_20180531_234400,G27,2018/05/31,23:44:00,G27_20180531_234400.wav,Alejandria,El Respaldo,6.3887,-75.0136,1289,Non- forest,1,1,Light
9292,G27_20180601_000000,G27,2018/06/01,00:00:00,G27_20180601_000000.wav,Alejandria,El Respaldo,6.3887,-75.0136,1289,Non- forest,1,1,Light
9293,G27_20180601_001600,G27,2018/06/01,00:16:00,G27_20180601_001600.wav,Alejandria,El Respaldo,6.3887,-75.0136,1289,Non- forest,1,1,Light
9294,G27_20180601_003200,G27,2018/06/01,00:32:00,G27_20180601_003200.wav,Alejandria,El Respaldo,6.3887,-75.0136,1289,Non- forest,1,1,Light
9295,G27_20180601_004800,G27,2018/06/01,00:48:00,G27_20180601_004800.wav,Alejandria,El Respaldo,6.3887,-75.0136,1289,Non- forest,1,1,Light
9296,G27_20180601_010400,G27,2018/06/01,01:04:00,G27_20180601_010400.wav,Alejandria,El Respaldo,6.3887,-75.0136,1289,Non- forest,1,1,Light
9297,G27_20180601_012000,G27,2018/06/01,01:20:00,G27_20180601_012000.wav,Alejandria,El Respaldo,6.3887,-75.0136,1289,Non- forest,1,1,Light
9298,G27_20180601_013600,G27,2018/06/01,01:36:00,G27_20180601_013600.wav,Alejandria,El Respaldo,6.3887,-75.0136,1289,Non- forest,1,1,Light
9299,G27_20180601_015200,G27,2018/06/01,01:52:00,G27_20180601_015200.wav,Alejandria,El Respaldo,6.3887,-75.0136,1289,Non- forest,1,1,Light
9300,G27_20180601_020800,G27,2018/06/01,02:08:00,G27_20180601_020800.wav,Alejandria,El Respaldo,6.3887,-75.0136,1289,Non- forest,0,0,No_rain
9301,G27_20180601_022400,G27,2018/06/01,02:24:00,G27_20180601_022400.wav,Alejandria,El Respaldo,6.3887,-75.0136,1289,Non- forest,0,0,No_rain
9302,G27_20180601_024000,G27,2018/06/01,02:40:00,G27_20180601_024000.wav,Alejandria,El Respaldo,6.3887,-75.0136,1289,Non- forest,0,0,No_rain
9303,G27_20180601_025600,G27,2018/06/01,02:56:00,G27_20180601_025600.wav,Alejandria,El Respaldo,6.3887,-75.0136,1289,Non- forest,0,0,No_rain
9304,G27_20180601_031200,G27,2018/06/01,03:12:00,G27_20180601_031200.wav,Alejandria,El Respaldo,6.3887,-75.0136,1289,Non- forest,0,0,No_rain
9305,G27_20180601_032800,G27,2018/06/01,03:28:00,G27_20180601_032800.wav,Alejandria,El Respaldo,6.3887,-75.0136,1289,Non- forest,0,0,No_rain
9306,G27_20180601_034400,G27,2018/06/01,03:44:00,G27_20180601_034400.wav,Alejandria,El Respaldo,6.3887,-75.0136,1289,Non- forest,0,0,No_rain
9307,G27_20180601_040000,G27,2018/06/01,04:00:00,G27_20180601_040000.wav,Alejandria,El Respaldo,6.3887,-75.0136,1289,Non- forest,0,0,No_rain
9308,G27_20180601_041600,G27,2018/06/01,04:16:00,G27_20180601_041600.wav,Alejandria,El Respaldo,6.3887,-75.0136,1289,Non- forest,0,0,No_rain
9309,G27_20180601_043200,G27,2018/06/01,04:32:00,G27_20180601_043200.wav,Alejandria,El Respaldo,6.3887,-75.0136,1289,Non- forest,0,0,No_rain
9310,G27_20180601_044800,G27,2018/06/01,04:48:00,G27_20180601_044800.wav,Alejandria,El Respaldo,6.3887,-75.0136,1289,Non- forest,0,0,No_rain
9311,G27_20180601_080000,G27,2018/06/01,08:00:00,G27_20180601_080000.wav,Alejandria,El Respaldo,6.3887,-75.0136,1289,Non- forest,0,0,No_rain
9312,G27_20180601_081600,G27,2018/06/01,08:16:00,G27_20180601_081600.wav,Alejandria,El Respaldo,6.3887,-75.0136,1289,Non- forest,0,0,No_rain
9313,G27_20180601_083200,G27,2018/06/01,08:32:00,G27_20180601_083200.wav,Alejandria,El Respaldo,6.3887,-75.0136,1289,Non- forest,0,0,No_rain
9314,G27_20180601_084800,G27,2018/06/01,08:48:00,G27_20180601_084800.wav,Alejandria,El Respaldo,6.3887,-75.0136,1289,Non- forest,0,0,No_rain
9315,G27_20180601_090400,G27,2018/06/01,09:04:00,G27_20180601_090400.wav,Alejandria,El Respaldo,6.3887,-75.0136,1289,Non- forest,0,0,No_rain
9316,G27_20180601_092000,G27,2018/06/01,09:20:00,G27_20180601_092000.wav,Alejandria,El Respaldo,6.3887,-75.0136,1289,Non- forest,0,0,No_rain
9317,G27_20180601_093600,G27,2018/06/01,09:36:00,G27_20180601_093600.wav,Alejandria,El Respaldo,6.3887,-75.0136,1289,Non- forest,0,0,No_rain
9318,G27_20180601_095200,G27,2018/06/01,09:52:00,G27_20180601_095200.wav,Alejandria,El Respaldo,6.3887,-75.0136,1289,Non- forest,0,0,No_rain
9319,G27_20180601_100800,G27,2018/06/01,10:08:00,G27_20180601_100800.wav,Alejandria,El Respaldo,6.3887,-75.0136,1289,Non- forest,0,0,No_rain
9320,G27_20180601_102400,G27,2018/06/01,10:24:00,G27_20180601_102400.wav,Alejandria,El Respaldo,6.3887,-75.0136,1289,Non- forest,0,0,No_rain
9321,G27_20180601_104000,G27,2018/06/01,10:40:00,G27_20180601_104000.wav,Alejandria,El Respaldo,6.3887,-75.0136,1289,Non- forest,0,0,No_rain
9322,G27_20180601_105600,G27,2018/06/01,10:56:00,G27_20180601_105600.wav,Alejandria,El Respaldo,6.3887,-75.0136,1289,Non- forest,0,0,No_rain
9323,G27_20180601_111200,G27,2018/06/01,11:12:00,G27_20180601_111200.wav,Alejandria,El Respaldo,6.3887,-75.0136,1289,Non- forest,0,0,No_rain
9324,G27_20180601_112800,G27,2018/06/01,11:28:00,G27_20180601_112800.wav,Alejandria,El Respaldo,6.3887,-75.0136,1289,Non- forest,0,0,No_rain
9325,G27_20180601_114400,G27,2018/06/01,11:44:00,G27_20180601_114400.wav,Alejandria,El Respaldo,6.3887,-75.0136,1289,Non- forest,0,0,No_rain
9326,G27_20180601_120000,G27,2018/06/01,12:00:00,G27_20180601_120000.wav,Alejandria,El Respaldo,6.3887,-75.0136,1289,Non- forest,0,0,No_rain
9327,G27_20180601_121600,G27,2018/06/01,12:16:00,G27_20180601_121600.wav,Alejandria,El Respaldo,6.3887,-75.0136,1289,Non- forest,0,0,No_rain
9328,G27_20180601_123200,G27,2018/06/01,12:32:00,G27_20180601_123200.wav,Alejandria,El Respaldo,6.3887,-75.0136,1289,Non- forest,0,0,No_rain
9329,G27_20180601_124800,G27,2018/06/01,12:48:00,G27_20180601_124800.wav,Alejandria,El Respaldo,6.3887,-75.0136,1289,Non- forest,0,0,No_rain
9330,G27_20180601_130400,G27,2018/06/01,13:04:00,G27_20180601_130400.wav,Alejandria,El Respaldo,6.3887,-75.0136,1289,Non- forest,0,0,No_rain
9331,G27_20180601_132000,G27,2018/06/01,13:20:00,G27_20180601_132000.wav,Alejandria,El Respaldo,6.3887,-75.0136,1289,Non- forest,0,0,No_rain
9332,G27_20180601_133600,G27,2018/06/01,13:36:00,G27_20180601_133600.wav,Alejandria,El Respaldo,6.3887,-75.0136,1289,Non- forest,0,0,No_rain
9333,G27_20180601_135200,G27,2018/06/01,13:52:00,G27_20180601_135200.wav,Alejandria,El Respaldo,6.3887,-75.0136,1289,Non- forest,0,0,No_rain
9334,G27_20180601_140800,G27,2018/06/01,14:08:00,G27_20180601_140800.wav,Alejandria,El Respaldo,6.3887,-75.0136,1289,Non- forest,0,0,No_rain
9335,G27_20180601_142400,G27,2018/06/01,14:24:00,G27_20180601_142400.wav,Alejandria,El Respaldo,6.3887,-75.0136,1289,Non- forest,0,0,No_rain
9336,G27_20180601_144000,G27,2018/06/01,14:40:00,G27_20180601_144000.wav,Alejandria,El Respaldo,6.3887,-75.0136,1289,Non- forest,0,0,No_rain
9337,G27_20180601_145600,G27,2018/06/01,14:56:00,G27_20180601_145600.wav,Alejandria,El Respaldo,6.3887,-75.0136,1289,Non- forest,0,0,No_rain
9338,G27_20180601_151200,G27,2018/06/01,15:12:00,G27_20180601_151200.wav,Alejandria,El Respaldo,6.3887,-75.0136,1289,Non- forest,0,0,No_rain
9339,G27_20180601_152800,G27,2018/06/01,15:28:00,G27_20180601_152800.wav,Alejandria,El Respaldo,6.3887,-75.0136,1289,Non- forest,0,0,No_rain
9340,G27_20180601_154400,G27,2018/06/01,15:44:00,G27_20180601_154400.wav,Alejandria,El Respaldo,6.3887,-75.0136,1289,Non- forest,0,0,No_rain
9341,G27_20180601_160000,G27,2018/06/01,16:00:00,G27_20180601_160000.wav,Alejandria,El Respaldo,6.3887,-75.0136,1289,Non- forest,0,0,No_rain
9342,G27_20180601_161600,G27,2018/06/01,16:16:00,G27_20180601_161600.wav,Alejandria,El Respaldo,6.3887,-75.0136,1289,Non- forest,0,0,No_rain
9343,G27_20180601_163200,G27,2018/06/01,16:32:00,G27_20180601_163200.wav,Alejandria,El Respaldo,6.3887,-75.0136,1289,Non- forest,0,0,No_rain
9344,G27_20180601_164800,G27,2018/06/01,16:48:00,G27_20180601_164800.wav,Alejandria,El Respaldo,6.3887,-75.0136,1289,Non- forest,0,0,No_rain
9345,G27_20180601_200000,G27,2018/06/01,20:00:00,G27_20180601_200000.wav,Alejandria,El Respaldo,6.3887,-75.0136,1289,Non- forest,1,3,Heavy
9346,G27_20180601_201600,G27,2018/06/01,20:16:00,G27_20180601_201600.wav,Alejandria,El Respaldo,6.3887,-75.0136,1289,Non- forest,1,3,Heavy
9347,G27_20180601_203200,G27,2018/06/01,20:32:00,G27_20180601_203200.wav,Alejandria,El Respaldo,6.3887,-75.0136,1289,Non- forest,1,2,Moderate
9348,G27_20180601_204800,G27,2018/06/01,20:48:00,G27_20180601_204800.wav,Alejandria,El Respaldo,6.3887,-75.0136,1289,Non- forest,1,2,Moderate
9349,G27_20180601_210400,G27,2018/06/01,21:04:00,G27_20180601_210400.wav,Alejandria,El Respaldo,6.3887,-75.0136,1289,Non- forest,1,2,Moderate
9350,G27_20180601_212000,G27,2018/06/01,21:20:00,G27_20180601_212000.wav,Alejandria,El Respaldo,6.3887,-75.0136,1289,Non- forest,1,2,Moderate
9351,G27_20180601_213600,G27,2018/06/01,21:36:00,G27_20180601_213600.wav,Alejandria,El Respaldo,6.3887,-75.0136,1289,Non- forest,1,2,Moderate
9352,G27_20180601_215200,G27,2018/06/01,21:52:00,G27_20180601_215200.wav,Alejandria,El Respaldo,6.3887,-75.0136,1289,Non- forest,1,1,Light
9353,G27_20180601_220800,G27,2018/06/01,22:08:00,G27_20180601_220800.wav,Alejandria,El Respaldo,6.3887,-75.0136,1289,Non- forest,1,1,Light
9354,G27_20180601_222400,G27,2018/06/01,22:24:00,G27_20180601_222400.wav,Alejandria,El Respaldo,6.3887,-75.0136,1289,Non- forest,1,1,Light
9355,G27_20180601_224000,G27,2018/06/01,22:40:00,G27_20180601_224000.wav,Alejandria,El Respaldo,6.3887,-75.0136,1289,Non- forest,1,1,Light
9356,G27_20180601_225600,G27,2018/06/01,22:56:00,G27_20180601_225600.wav,Alejandria,El Respaldo,6.3887,-75.0136,1289,Non- forest,1,1,Light
9357,G27_20180601_231200,G27,2018/06/01,23:12:00,G27_20180601_231200.wav,Alejandria,El Respaldo,6.3887,-75.0136,1289,Non- forest,1,1,Light
9358,G27_20180601_232800,G27,2018/06/01,23:28:00,G27_20180601_232800.wav,Alejandria,El Respaldo,6.3887,-75.0136,1289,Non- forest,1,1,Light
9359,G27_20180601_234400,G27,2018/06/01,23:44:00,G27_20180601_234400.wav,Alejandria,El Respaldo,6.3887,-75.0136,1289,Non- forest,1,1,Light
9360,G27_20180602_000000,G27,2018/06/02,00:00:00,G27_20180602_000000.wav,Alejandria,El Respaldo,6.3887,-75.0136,1289,Non- forest,1,1,Light
9361,G27_20180602_001600,G27,2018/06/02,00:16:00,G27_20180602_001600.wav,Alejandria,El Respaldo,6.3887,-75.0136,1289,Non- forest,1,1,Light
9362,G27_20180602_003200,G27,2018/06/02,00:32:00,G27_20180602_003200.wav,Alejandria,El Respaldo,6.3887,-75.0136,1289,Non- forest,1,1,Light
9363,G27_20180602_004800,G27,2018/06/02,00:48:00,G27_20180602_004800.wav,Alejandria,El Respaldo,6.3887,-75.0136,1289,Non- forest,1,1,Light
9364,G27_20180602_010400,G27,2018/06/02,01:04:00,G27_20180602_010400.wav,Alejandria,El Respaldo,6.3887,-75.0136,1289,Non- forest,1,1,Light
9365,G27_20180602_012000,G27,2018/06/02,01:20:00,G27_20180602_012000.wav,Alejandria,El Respaldo,6.3887,-75.0136,1289,Non- forest,1,1,Light
9366,G27_20180602_013600,G27,2018/06/02,01:36:00,G27_20180602_013600.wav,Alejandria,El Respaldo,6.3887,-75.0136,1289,Non- forest,0,0,No_rain
9367,G27_20180602_015200,G27,2018/06/02,01:52:00,G27_20180602_015200.wav,Alejandria,El Respaldo,6.3887,-75.0136,1289,Non- forest,0,0,No_rain
9368,G27_20180602_020800,G27,2018/06/02,02:08:00,G27_20180602_020800.wav,Alejandria,El Respaldo,6.3887,-75.0136,1289,Non- forest,0,0,No_rain
9369,G27_20180602_022400,G27,2018/06/02,02:24:00,G27_20180602_022400.wav,Alejandria,El Respaldo,6.3887,-75.0136,1289,Non- forest,0,0,No_rain
9370,G27_20180602_024000,G27,2018/06/02,02:40:00,G27_20180602_024000.wav,Alejandria,El Respaldo,6.3887,-75.0136,1289,Non- forest,0,0,No_rain
9371,G27_20180602_025600,G27,2018/06/02,02:56:00,G27_20180602_025600.wav,Alejandria,El Respaldo,6.3887,-75.0136,1289,Non- forest,0,0,No_rain
9372,G27_20180602_031200,G27,2018/06/02,03:12:00,G27_20180602_031200.wav,Alejandria,El Respaldo,6.3887,-75.0136,1289,Non- forest,0,0,No_rain
9373,G27_20180602_032800,G27,2018/06/02,03:28:00,G27_20180602_032800.wav,Alejandria,El Respaldo,6.3887,-75.0136,1289,Non- forest,0,0,No_rain
9374,G27_20180602_034400,G27,2018/06/02,03:44:00,G27_20180602_034400.wav,Alejandria,El Respaldo,6.3887,-75.0136,1289,Non- forest,0,0,No_rain
9375,G27_20180602_040000,G27,2018/06/02,04:00:00,G27_20180602_040000.wav,Alejandria,El Respaldo,6.3887,-75.0136,1289,Non- forest,0,0,No_rain
9376,G27_20180602_041600,G27,2018/06/02,04:16:00,G27_20180602_041600.wav,Alejandria,El Respaldo,6.3887,-75.0136,1289,Non- forest,0,0,No_rain
9377,G27_20180602_043200,G27,2018/06/02,04:32:00,G27_20180602_043200.wav,Alejandria,El Respaldo,6.3887,-75.0136,1289,Non- forest,0,0,No_rain
9378,G27_20180602_044800,G27,2018/06/02,04:48:00,G27_20180602_044800.wav,Alejandria,El Respaldo,6.3887,-75.0136,1289,Non- forest,0,0,No_rain
9379,G27_20180602_080000,G27,2018/06/02,08:00:00,G27_20180602_080000.wav,Alejandria,El Respaldo,6.3887,-75.0136,1289,Non- forest,0,0,No_rain
9380,G27_20180602_081600,G27,2018/06/02,08:16:00,G27_20180602_081600.wav,Alejandria,El Respaldo,6.3887,-75.0136,1289,Non- forest,0,0,No_rain
9381,G27_20180602_083200,G27,2018/06/02,08:32:00,G27_20180602_083200.wav,Alejandria,El Respaldo,6.3887,-75.0136,1289,Non- forest,0,0,No_rain
9382,G27_20180602_084800,G27,2018/06/02,08:48:00,G27_20180602_084800.wav,Alejandria,El Respaldo,6.3887,-75.0136,1289,Non- forest,0,0,No_rain
9383,G27_20180602_090400,G27,2018/06/02,09:04:00,G27_20180602_090400.wav,Alejandria,El Respaldo,6.3887,-75.0136,1289,Non- forest,0,0,No_rain
9384,G27_20180602_092000,G27,2018/06/02,09:20:00,G27_20180602_092000.wav,Alejandria,El Respaldo,6.3887,-75.0136,1289,Non- forest,0,0,No_rain
9385,G27_20180602_093600,G27,2018/06/02,09:36:00,G27_20180602_093600.wav,Alejandria,El Respaldo,6.3887,-75.0136,1289,Non- forest,0,0,No_rain
9386,G27_20180602_095200,G27,2018/06/02,09:52:00,G27_20180602_095200.wav,Alejandria,El Respaldo,6.3887,-75.0136,1289,Non- forest,0,0,No_rain
9387,G27_20180602_100800,G27,2018/06/02,10:08:00,G27_20180602_100800.wav,Alejandria,El Respaldo,6.3887,-75.0136,1289,Non- forest,0,0,No_rain
9388,G27_20180602_102400,G27,2018/06/02,10:24:00,G27_20180602_102400.wav,Alejandria,El Respaldo,6.3887,-75.0136,1289,Non- forest,0,0,No_rain
9389,G27_20180602_104000,G27,2018/06/02,10:40:00,G27_20180602_104000.wav,Alejandria,El Respaldo,6.3887,-75.0136,1289,Non- forest,0,0,No_rain
9390,G27_20180602_105600,G27,2018/06/02,10:56:00,G27_20180602_105600.wav,Alejandria,El Respaldo,6.3887,-75.0136,1289,Non- forest,0,0,No_rain
9391,G27_20180602_111200,G27,2018/06/02,11:12:00,G27_20180602_111200.wav,Alejandria,El Respaldo,6.3887,-75.0136,1289,Non- forest,0,0,No_rain
9392,G27_20180602_112800,G27,2018/06/02,11:28:00,G27_20180602_112800.wav,Alejandria,El Respaldo,6.3887,-75.0136,1289,Non- forest,0,0,No_rain
9393,G27_20180602_114400,G27,2018/06/02,11:44:00,G27_20180602_114400.wav,Alejandria,El Respaldo,6.3887,-75.0136,1289,Non- forest,0,0,No_rain
9394,G27_20180602_120000,G27,2018/06/02,12:00:00,G27_20180602_120000.wav,Alejandria,El Respaldo,6.3887,-75.0136,1289,Non- forest,0,0,No_rain
9395,G27_20180602_121600,G27,2018/06/02,12:16:00,G27_20180602_121600.wav,Alejandria,El Respaldo,6.3887,-75.0136,1289,Non- forest,0,0,No_rain
9396,G27_20180602_123200,G27,2018/06/02,12:32:00,G27_20180602_123200.wav,Alejandria,El Respaldo,6.3887,-75.0136,1289,Non- forest,0,0,No_rain
9397,G27_20180602_124800,G27,2018/06/02,12:48:00,G27_20180602_124800.wav,Alejandria,El Respaldo,6.3887,-75.0136,1289,Non- forest,0,0,No_rain
9398,G27_20180602_130400,G27,2018/06/02,13:04:00,G27_20180602_130400.wav,Alejandria,El Respaldo,6.3887,-75.0136,1289,Non- forest,0,0,No_rain
9399,G27_20180602_132000,G27,2018/06/02,13:20:00,G27_20180602_132000.wav,Alejandria,El Respaldo,6.3887,-75.0136,1289,Non- forest,0,0,No_rain
9400,G27_20180602_133600,G27,2018/06/02,13:36:00,G27_20180602_133600.wav,Alejandria,El Respaldo,6.3887,-75.0136,1289,Non- forest,0,0,No_rain
9401,G27_20180602_135200,G27,2018/06/02,13:52:00,G27_20180602_135200.wav,Alejandria,El Respaldo,6.3887,-75.0136,1289,Non- forest,0,0,No_rain
9402,G27_20180602_140800,G27,2018/06/02,14:08:00,G27_20180602_140800.wav,Alejandria,El Respaldo,6.3887,-75.0136,1289,Non- forest,0,0,No_rain
9403,G27_20180602_142400,G27,2018/06/02,14:24:00,G27_20180602_142400.wav,Alejandria,El Respaldo,6.3887,-75.0136,1289,Non- forest,0,0,No_rain
9404,G27_20180602_144000,G27,2018/06/02,14:40:00,G27_20180602_144000.wav,Alejandria,El Respaldo,6.3887,-75.0136,1289,Non- forest,0,0,No_rain
9405,G27_20180602_145600,G27,2018/06/02,14:56:00,G27_20180602_145600.wav,Alejandria,El Respaldo,6.3887,-75.0136,1289,Non- forest,0,0,No_rain
9406,G27_20180602_151200,G27,2018/06/02,15:12:00,G27_20180602_151200.wav,Alejandria,El Respaldo,6.3887,-75.0136,1289,Non- forest,0,0,No_rain
9407,G27_20180602_152800,G27,2018/06/02,15:28:00,G27_20180602_152800.wav,Alejandria,El Respaldo,6.3887,-75.0136,1289,Non- forest,0,0,No_rain
9408,G27_20180602_154400,G27,2018/06/02,15:44:00,G27_20180602_154400.wav,Alejandria,El Respaldo,6.3887,-75.0136,1289,Non- forest,0,0,No_rain
9409,G27_20180602_160000,G27,2018/06/02,16:00:00,G27_20180602_160000.wav,Alejandria,El Respaldo,6.3887,-75.0136,1289,Non- forest,0,0,No_rain
9410,G27_20180602_161600,G27,2018/06/02,16:16:00,G27_20180602_161600.wav,Alejandria,El Respaldo,6.3887,-75.0136,1289,Non- forest,0,0,No_rain
9411,G27_20180602_163200,G27,2018/06/02,16:32:00,G27_20180602_163200.wav,Alejandria,El Respaldo,6.3887,-75.0136,1289,Non- forest,0,0,No_rain
9412,G27_20180602_164800,G27,2018/06/02,16:48:00,G27_20180602_164800.wav,Alejandria,El Respaldo,6.3887,-75.0136,1289,Non- forest,0,0,No_rain
9413,G27_20180602_200000,G27,2018/06/02,20:00:00,G27_20180602_200000.wav,Alejandria,El Respaldo,6.3887,-75.0136,1289,Non- forest,1,1,Light
9414,G27_20180602_201600,G27,2018/06/02,20:16:00,G27_20180602_201600.wav,Alejandria,El Respaldo,6.3887,-75.0136,1289,Non- forest,1,2,Moderate
9415,G27_20180602_203200,G27,2018/06/02,20:32:00,G27_20180602_203200.wav,Alejandria,El Respaldo,6.3887,-75.0136,1289,Non- forest,1,1,Light
9416,G27_20180602_204800,G27,2018/06/02,20:48:00,G27_20180602_204800.wav,Alejandria,El Respaldo,6.3887,-75.0136,1289,Non- forest,1,1,Light
9417,G27_20180602_210400,G27,2018/06/02,21:04:00,G27_20180602_210400.wav,Alejandria,El Respaldo,6.3887,-75.0136,1289,Non- forest,1,1,Light
9418,G27_20180602_212000,G27,2018/06/02,21:20:00,G27_20180602_212000.wav,Alejandria,El Respaldo,6.3887,-75.0136,1289,Non- forest,1,1,Light
9419,G27_20180602_213600,G27,2018/06/02,21:36:00,G27_20180602_213600.wav,Alejandria,El Respaldo,6.3887,-75.0136,1289,Non- forest,1,2,Moderate
9420,G27_20180602_215200,G27,2018/06/02,21:52:00,G27_20180602_215200.wav,Alejandria,El Respaldo,6.3887,-75.0136,1289,Non- forest,1,3,Heavy
9421,G27_20180602_220800,G27,2018/06/02,22:08:00,G27_20180602_220800.wav,Alejandria,El Respaldo,6.3887,-75.0136,1289,Non- forest,1,3,Heavy
9422,G27_20180602_222400,G27,2018/06/02,22:24:00,G27_20180602_222400.wav,Alejandria,El Respaldo,6.3887,-75.0136,1289,Non- forest,1,2,Moderate
9423,G27_20180602_224000,G27,2018/06/02,22:40:00,G27_20180602_224000.wav,Alejandria,El Respaldo,6.3887,-75.0136,1289,Non- forest,1,1,Light
9424,G27_20180602_225600,G27,2018/06/02,22:56:00,G27_20180602_225600.wav,Alejandria,El Respaldo,6.3887,-75.0136,1289,Non- forest,1,1,Light
9425,G27_20180602_231200,G27,2018/06/02,23:12:00,G27_20180602_231200.wav,Alejandria,El Respaldo,6.3887,-75.0136,1289,Non- forest,1,2,Moderate
9426,G27_20180602_232800,G27,2018/06/02,23:28:00,G27_20180602_232800.wav,Alejandria,El Respaldo,6.3887,-75.0136,1289,Non- forest,1,1,Light
9427,G27_20180602_234400,G27,2018/06/02,23:44:00,G27_20180602_234400.wav,Alejandria,El Respaldo,6.3887,-75.0136,1289,Non- forest,1,2,Moderate
9428,G27_20180603_000000,G27,2018/06/03,00:00:00,G27_20180603_000000.wav,Alejandria,El Respaldo,6.3887,-75.0136,1289,Non- forest,1,2,Moderate
9429,G27_20180603_001600,G27,2018/06/03,00:16:00,G27_20180603_001600.wav,Alejandria,El Respaldo,6.3887,-75.0136,1289,Non- forest,1,2,Moderate
9430,G27_20180603_003200,G27,2018/06/03,00:32:00,G27_20180603_003200.wav,Alejandria,El Respaldo,6.3887,-75.0136,1289,Non- forest,1,2,Moderate
9431,G27_20180603_004800,G27,2018/06/03,00:48:00,G27_20180603_004800.wav,Alejandria,El Respaldo,6.3887,-75.0136,1289,Non- forest,1,2,Moderate
9432,G27_20180603_010400,G27,2018/06/03,01:04:00,G27_20180603_010400.wav,Alejandria,El Respaldo,6.3887,-75.0136,1289,Non- forest,1,1,Light
9433,G27_20180603_012000,G27,2018/06/03,01:20:00,G27_20180603_012000.wav,Alejandria,El Respaldo,6.3887,-75.0136,1289,Non- forest,1,1,Light
9434,G27_20180603_013600,G27,2018/06/03,01:36:00,G27_20180603_013600.wav,Alejandria,El Respaldo,6.3887,-75.0136,1289,Non- forest,1,1,Light
9435,G27_20180603_015200,G27,2018/06/03,01:52:00,G27_20180603_015200.wav,Alejandria,El Respaldo,6.3887,-75.0136,1289,Non- forest,1,1,Light
9436,G27_20180603_020800,G27,2018/06/03,02:08:00,G27_20180603_020800.wav,Alejandria,El Respaldo,6.3887,-75.0136,1289,Non- forest,1,1,Light
9437,G27_20180603_022400,G27,2018/06/03,02:24:00,G27_20180603_022400.wav,Alejandria,El Respaldo,6.3887,-75.0136,1289,Non- forest,1,1,Light
9438,G27_20180603_024000,G27,2018/06/03,02:40:00,G27_20180603_024000.wav,Alejandria,El Respaldo,6.3887,-75.0136,1289,Non- forest,1,1,Light
9439,G27_20180603_025600,G27,2018/06/03,02:56:00,G27_20180603_025600.wav,Alejandria,El Respaldo,6.3887,-75.0136,1289,Non- forest,1,1,Light
9440,G27_20180603_031200,G27,2018/06/03,03:12:00,G27_20180603_031200.wav,Alejandria,El Respaldo,6.3887,-75.0136,1289,Non- forest,1,1,Light
9441,G27_20180603_032800,G27,2018/06/03,03:28:00,G27_20180603_032800.wav,Alejandria,El Respaldo,6.3887,-75.0136,1289,Non- forest,1,1,Light
9442,G27_20180603_034400,G27,2018/06/03,03:44:00,G27_20180603_034400.wav,Alejandria,El Respaldo,6.3887,-75.0136,1289,Non- forest,0,0,No_rain
9443,G27_20180603_040000,G27,2018/06/03,04:00:00,G27_20180603_040000.wav,Alejandria,El Respaldo,6.3887,-75.0136,1289,Non- forest,0,0,No_rain
9444,G27_20180603_041600,G27,2018/06/03,04:16:00,G27_20180603_041600.wav,Alejandria,El Respaldo,6.3887,-75.0136,1289,Non- forest,0,0,No_rain
9445,G27_20180603_043200,G27,2018/06/03,04:32:00,G27_20180603_043200.wav,Alejandria,El Respaldo,6.3887,-75.0136,1289,Non- forest,0,0,No_rain
9446,G27_20180603_044800,G27,2018/06/03,04:48:00,G27_20180603_044800.wav,Alejandria,El Respaldo,6.3887,-75.0136,1289,Non- forest,0,0,No_rain
9447,G27_20180603_080000,G27,2018/06/03,08:00:00,G27_20180603_080000.wav,Alejandria,El Respaldo,6.3887,-75.0136,1289,Non- forest,0,0,No_rain
9448,G27_20180603_081600,G27,2018/06/03,08:16:00,G27_20180603_081600.wav,Alejandria,El Respaldo,6.3887,-75.0136,1289,Non- forest,0,0,No_rain
9449,G27_20180603_083200,G27,2018/06/03,08:32:00,G27_20180603_083200.wav,Alejandria,El Respaldo,6.3887,-75.0136,1289,Non- forest,0,0,No_rain
9450,G27_20180603_084800,G27,2018/06/03,08:48:00,G27_20180603_084800.wav,Alejandria,El Respaldo,6.3887,-75.0136,1289,Non- forest,0,0,No_rain
9451,G27_20180603_090400,G27,2018/06/03,09:04:00,G27_20180603_090400.wav,Alejandria,El Respaldo,6.3887,-75.0136,1289,Non- forest,0,0,No_rain
9452,G27_20180603_092000,G27,2018/06/03,09:20:00,G27_20180603_092000.wav,Alejandria,El Respaldo,6.3887,-75.0136,1289,Non- forest,0,0,No_rain
9453,G27_20180603_093600,G27,2018/06/03,09:36:00,G27_20180603_093600.wav,Alejandria,El Respaldo,6.3887,-75.0136,1289,Non- forest,0,0,No_rain
9454,G27_20180603_095200,G27,2018/06/03,09:52:00,G27_20180603_095200.wav,Alejandria,El Respaldo,6.3887,-75.0136,1289,Non- forest,0,0,No_rain
9455,G27_20180603_100800,G27,2018/06/03,10:08:00,G27_20180603_100800.wav,Alejandria,El Respaldo,6.3887,-75.0136,1289,Non- forest,0,0,No_rain
9456,G27_20180603_102400,G27,2018/06/03,10:24:00,G27_20180603_102400.wav,Alejandria,El Respaldo,6.3887,-75.0136,1289,Non- forest,0,0,No_rain
9457,G27_20180603_104000,G27,2018/06/03,10:40:00,G27_20180603_104000.wav,Alejandria,El Respaldo,6.3887,-75.0136,1289,Non- forest,0,0,No_rain
9458,G27_20180603_105600,G27,2018/06/03,10:56:00,G27_20180603_105600.wav,Alejandria,El Respaldo,6.3887,-75.0136,1289,Non- forest,0,0,No_rain
9459,G27_20180603_111200,G27,2018/06/03,11:12:00,G27_20180603_111200.wav,Alejandria,El Respaldo,6.3887,-75.0136,1289,Non- forest,0,0,No_rain
9460,G27_20180603_112800,G27,2018/06/03,11:28:00,G27_20180603_112800.wav,Alejandria,El Respaldo,6.3887,-75.0136,1289,Non- forest,0,0,No_rain
9461,G27_20180603_114400,G27,2018/06/03,11:44:00,G27_20180603_114400.wav,Alejandria,El Respaldo,6.3887,-75.0136,1289,Non- forest,0,0,No_rain
9462,G27_20180603_120000,G27,2018/06/03,12:00:00,G27_20180603_120000.wav,Alejandria,El Respaldo,6.3887,-75.0136,1289,Non- forest,0,0,No_rain
9463,G27_20180603_121600,G27,2018/06/03,12:16:00,G27_20180603_121600.wav,Alejandria,El Respaldo,6.3887,-75.0136,1289,Non- forest,0,0,No_rain
9464,G27_20180603_123200,G27,2018/06/03,12:32:00,G27_20180603_123200.wav,Alejandria,El Respaldo,6.3887,-75.0136,1289,Non- forest,0,0,No_rain
9465,G27_20180603_124800,G27,2018/06/03,12:48:00,G27_20180603_124800.wav,Alejandria,El Respaldo,6.3887,-75.0136,1289,Non- forest,0,0,No_rain
9466,G27_20180603_130400,G27,2018/06/03,13:04:00,G27_20180603_130400.wav,Alejandria,El Respaldo,6.3887,-75.0136,1289,Non- forest,0,0,No_rain
9467,G27_20180603_132000,G27,2018/06/03,13:20:00,G27_20180603_132000.wav,Alejandria,El Respaldo,6.3887,-75.0136,1289,Non- forest,0,0,No_rain
9468,G27_20180603_133600,G27,2018/06/03,13:36:00,G27_20180603_133600.wav,Alejandria,El Respaldo,6.3887,-75.0136,1289,Non- forest,0,0,No_rain
9469,G27_20180603_135200,G27,2018/06/03,13:52:00,G27_20180603_135200.wav,Alejandria,El Respaldo,6.3887,-75.0136,1289,Non- forest,0,0,No_rain
9470,G27_20180603_140800,G27,2018/06/03,14:08:00,G27_20180603_140800.wav,Alejandria,El Respaldo,6.3887,-75.0136,1289,Non- forest,0,0,No_rain
9471,G27_20180603_142400,G27,2018/06/03,14:24:00,G27_20180603_142400.wav,Alejandria,El Respaldo,6.3887,-75.0136,1289,Non- forest,0,0,No_rain
9472,G27_20180603_144000,G27,2018/06/03,14:40:00,G27_20180603_144000.wav,Alejandria,El Respaldo,6.3887,-75.0136,1289,Non- forest,0,0,No_rain
9473,G27_20180603_145600,G27,2018/06/03,14:56:00,G27_20180603_145600.wav,Alejandria,El Respaldo,6.3887,-75.0136,1289,Non- forest,0,0,No_rain
9474,G27_20180603_151200,G27,2018/06/03,15:12:00,G27_20180603_151200.wav,Alejandria,El Respaldo,6.3887,-75.0136,1289,Non- forest,0,0,No_rain
9475,G27_20180603_152800,G27,2018/06/03,15:28:00,G27_20180603_152800.wav,Alejandria,El Respaldo,6.3887,-75.0136,1289,Non- forest,0,0,No_rain
9476,G27_20180603_154400,G27,2018/06/03,15:44:00,G27_20180603_154400.wav,Alejandria,El Respaldo,6.3887,-75.0136,1289,Non- forest,0,0,No_rain
9477,G27_20180603_160000,G27,2018/06/03,16:00:00,G27_20180603_160000.wav,Alejandria,El Respaldo,6.3887,-75.0136,1289,Non- forest,0,0,No_rain
9478,G27_20180603_161600,G27,2018/06/03,16:16:00,G27_20180603_161600.wav,Alejandria,El Respaldo,6.3887,-75.0136,1289,Non- forest,0,0,No_rain
9479,G27_20180603_163200,G27,2018/06/03,16:32:00,G27_20180603_163200.wav,Alejandria,El Respaldo,6.3887,-75.0136,1289,Non- forest,0,0,No_rain
9480,G27_20180603_164800,G27,2018/06/03,16:48:00,G27_20180603_164800.wav,Alejandria,El Respaldo,6.3887,-75.0136,1289,Non- forest,0,0,No_rain
9481,G27_20180603_200000,G27,2018/06/03,20:00:00,G27_20180603_200000.wav,Alejandria,El Respaldo,6.3887,-75.0136,1289,Non- forest,0,0,No_rain
9482,G27_20180603_201600,G27,2018/06/03,20:16:00,G27_20180603_201600.wav,Alejandria,El Respaldo,6.3887,-75.0136,1289,Non- forest,0,0,No_rain
9483,G27_20180603_203200,G27,2018/06/03,20:32:00,G27_20180603_203200.wav,Alejandria,El Respaldo,6.3887,-75.0136,1289,Non- forest,0,0,No_rain
9484,G27_20180603_204800,G27,2018/06/03,20:48:00,G27_20180603_204800.wav,Alejandria,El Respaldo,6.3887,-75.0136,1289,Non- forest,0,0,No_rain
9485,G27_20180603_210400,G27,2018/06/03,21:04:00,G27_20180603_210400.wav,Alejandria,El Respaldo,6.3887,-75.0136,1289,Non- forest,0,0,No_rain
9486,G27_20180603_212000,G27,2018/06/03,21:20:00,G27_20180603_212000.wav,Alejandria,El Respaldo,6.3887,-75.0136,1289,Non- forest,0,0,No_rain
9487,G27_20180603_213600,G27,2018/06/03,21:36:00,G27_20180603_213600.wav,Alejandria,El Respaldo,6.3887,-75.0136,1289,Non- forest,0,0,No_rain
9488,G27_20180603_215200,G27,2018/06/03,21:52:00,G27_20180603_215200.wav,Alejandria,El Respaldo,6.3887,-75.0136,1289,Non- forest,0,0,No_rain
9489,G27_20180603_220800,G27,2018/06/03,22:08:00,G27_20180603_220800.wav,Alejandria,El Respaldo,6.3887,-75.0136,1289,Non- forest,0,0,No_rain
9490,G27_20180603_222400,G27,2018/06/03,22:24:00,G27_20180603_222400.wav,Alejandria,El Respaldo,6.3887,-75.0136,1289,Non- forest,0,0,No_rain
9491,G27_20180603_224000,G27,2018/06/03,22:40:00,G27_20180603_224000.wav,Alejandria,El Respaldo,6.3887,-75.0136,1289,Non- forest,0,0,No_rain
9492,G27_20180603_225600,G27,2018/06/03,22:56:00,G27_20180603_225600.wav,Alejandria,El Respaldo,6.3887,-75.0136,1289,Non- forest,0,0,No_rain
9493,G27_20180603_231200,G27,2018/06/03,23:12:00,G27_20180603_231200.wav,Alejandria,El Respaldo,6.3887,-75.0136,1289,Non- forest,0,0,No_rain
9494,G27_20180603_232800,G27,2018/06/03,23:28:00,G27_20180603_232800.wav,Alejandria,El Respaldo,6.3887,-75.0136,1289,Non- forest,1,1,Light
9495,G27_20180603_234400,G27,2018/06/03,23:44:00,G27_20180603_234400.wav,Alejandria,El Respaldo,6.3887,-75.0136,1289,Non- forest,1,2,Moderate
9496,G27_20180604_000000,G27,2018/06/04,00:00:00,G27_20180604_000000.wav,Alejandria,El Respaldo,6.3887,-75.0136,1289,Non- forest,1,1,Light
9497,G27_20180604_001600,G27,2018/06/04,00:16:00,G27_20180604_001600.wav,Alejandria,El Respaldo,6.3887,-75.0136,1289,Non- forest,1,1,Light
9498,G27_20180604_003200,G27,2018/06/04,00:32:00,G27_20180604_003200.wav,Alejandria,El Respaldo,6.3887,-75.0136,1289,Non- forest,1,1,Light
9499,G27_20180604_004800,G27,2018/06/04,00:48:00,G27_20180604_004800.wav,Alejandria,El Respaldo,6.3887,-75.0136,1289,Non- forest,1,1,Light
9500,G27_20180604_010400,G27,2018/06/04,01:04:00,G27_20180604_010400.wav,Alejandria,El Respaldo,6.3887,-75.0136,1289,Non- forest,1,1,Light
9501,G27_20180604_012000,G27,2018/06/04,01:20:00,G27_20180604_012000.wav,Alejandria,El Respaldo,6.3887,-75.0136,1289,Non- forest,1,1,Light
9502,G27_20180604_013600,G27,2018/06/04,01:36:00,G27_20180604_013600.wav,Alejandria,El Respaldo,6.3887,-75.0136,1289,Non- forest,1,1,Light
9503,G27_20180604_015200,G27,2018/06/04,01:52:00,G27_20180604_015200.wav,Alejandria,El Respaldo,6.3887,-75.0136,1289,Non- forest,1,1,Light
9504,G27_20180604_020800,G27,2018/06/04,02:08:00,G27_20180604_020800.wav,Alejandria,El Respaldo,6.3887,-75.0136,1289,Non- forest,0,0,No_rain
9505,G27_20180604_022400,G27,2018/06/04,02:24:00,G27_20180604_022400.wav,Alejandria,El Respaldo,6.3887,-75.0136,1289,Non- forest,0,0,No_rain
9506,G27_20180604_024000,G27,2018/06/04,02:40:00,G27_20180604_024000.wav,Alejandria,El Respaldo,6.3887,-75.0136,1289,Non- forest,0,0,No_rain
9507,G27_20180604_025600,G27,2018/06/04,02:56:00,G27_20180604_025600.wav,Alejandria,El Respaldo,6.3887,-75.0136,1289,Non- forest,0,0,No_rain
9508,G27_20180604_031200,G27,2018/06/04,03:12:00,G27_20180604_031200.wav,Alejandria,El Respaldo,6.3887,-75.0136,1289,Non- forest,0,0,No_rain
9509,G27_20180604_032800,G27,2018/06/04,03:28:00,G27_20180604_032800.wav,Alejandria,El Respaldo,6.3887,-75.0136,1289,Non- forest,0,0,No_rain
9510,G27_20180604_034400,G27,2018/06/04,03:44:00,G27_20180604_034400.wav,Alejandria,El Respaldo,6.3887,-75.0136,1289,Non- forest,0,0,No_rain
9511,G27_20180604_040000,G27,2018/06/04,04:00:00,G27_20180604_040000.wav,Alejandria,El Respaldo,6.3887,-75.0136,1289,Non- forest,0,0,No_rain
9512,G27_20180604_041600,G27,2018/06/04,04:16:00,G27_20180604_041600.wav,Alejandria,El Respaldo,6.3887,-75.0136,1289,Non- forest,0,0,No_rain
9513,G27_20180604_043200,G27,2018/06/04,04:32:00,G27_20180604_043200.wav,Alejandria,El Respaldo,6.3887,-75.0136,1289,Non- forest,0,0,No_rain
9514,G27_20180604_044800,G27,2018/06/04,04:48:00,G27_20180604_044800.wav,Alejandria,El Respaldo,6.3887,-75.0136,1289,Non- forest,0,0,No_rain
9515,G27_20180604_080000,G27,2018/06/04,08:00:00,G27_20180604_080000.wav,Alejandria,El Respaldo,6.3887,-75.0136,1289,Non- forest,0,0,No_rain
9516,G27_20180604_081600,G27,2018/06/04,08:16:00,G27_20180604_081600.wav,Alejandria,El Respaldo,6.3887,-75.0136,1289,Non- forest,1,1,Light
9517,G27_20180604_083200,G27,2018/06/04,08:32:00,G27_20180604_083200.wav,Alejandria,El Respaldo,6.3887,-75.0136,1289,Non- forest,1,2,Moderate
9518,G27_20180604_084800,G27,2018/06/04,08:48:00,G27_20180604_084800.wav,Alejandria,El Respaldo,6.3887,-75.0136,1289,Non- forest,1,2,Moderate
9519,G27_20180604_090400,G27,2018/06/04,09:04:00,G27_20180604_090400.wav,Alejandria,El Respaldo,6.3887,-75.0136,1289,Non- forest,1,1,Light
9520,G27_20180604_092000,G27,2018/06/04,09:20:00,G27_20180604_092000.wav,Alejandria,El Respaldo,6.3887,-75.0136,1289,Non- forest,1,1,Light
9521,G27_20180604_093600,G27,2018/06/04,09:36:00,G27_20180604_093600.wav,Alejandria,El Respaldo,6.3887,-75.0136,1289,Non- forest,1,1,Light
9522,G27_20180604_095200,G27,2018/06/04,09:52:00,G27_20180604_095200.wav,Alejandria,El Respaldo,6.3887,-75.0136,1289,Non- forest,0,0,No_rain
9523,G27_20180604_100800,G27,2018/06/04,10:08:00,G27_20180604_100800.wav,Alejandria,El Respaldo,6.3887,-75.0136,1289,Non- forest,0,0,No_rain
9524,G27_20180604_102400,G27,2018/06/04,10:24:00,G27_20180604_102400.wav,Alejandria,El Respaldo,6.3887,-75.0136,1289,Non- forest,0,0,No_rain
9525,G27_20180604_104000,G27,2018/06/04,10:40:00,G27_20180604_104000.wav,Alejandria,El Respaldo,6.3887,-75.0136,1289,Non- forest,0,0,No_rain
9526,G27_20180604_105600,G27,2018/06/04,10:56:00,G27_20180604_105600.wav,Alejandria,El Respaldo,6.3887,-75.0136,1289,Non- forest,0,0,No_rain
9527,G27_20180604_111200,G27,2018/06/04,11:12:00,G27_20180604_111200.wav,Alejandria,El Respaldo,6.3887,-75.0136,1289,Non- forest,0,0,No_rain
9528,G27_20180604_112800,G27,2018/06/04,11:28:00,G27_20180604_112800.wav,Alejandria,El Respaldo,6.3887,-75.0136,1289,Non- forest,0,0,No_rain
9529,G27_20180604_114400,G27,2018/06/04,11:44:00,G27_20180604_114400.wav,Alejandria,El Respaldo,6.3887,-75.0136,1289,Non- forest,0,0,No_rain
9530,G27_20180604_120000,G27,2018/06/04,12:00:00,G27_20180604_120000.wav,Alejandria,El Respaldo,6.3887,-75.0136,1289,Non- forest,0,0,No_rain
9531,G27_20180604_121600,G27,2018/06/04,12:16:00,G27_20180604_121600.wav,Alejandria,El Respaldo,6.3887,-75.0136,1289,Non- forest,0,0,No_rain
9532,G27_20180604_123200,G27,2018/06/04,12:32:00,G27_20180604_123200.wav,Alejandria,El Respaldo,6.3887,-75.0136,1289,Non- forest,0,0,No_rain
9533,G27_20180604_124800,G27,2018/06/04,12:48:00,G27_20180604_124800.wav,Alejandria,El Respaldo,6.3887,-75.0136,1289,Non- forest,0,0,No_rain
9534,G27_20180604_130400,G27,2018/06/04,13:04:00,G27_20180604_130400.wav,Alejandria,El Respaldo,6.3887,-75.0136,1289,Non- forest,0,0,No_rain
9535,G27_20180604_132000,G27,2018/06/04,13:20:00,G27_20180604_132000.wav,Alejandria,El Respaldo,6.3887,-75.0136,1289,Non- forest,0,0,No_rain
9536,G27_20180604_133600,G27,2018/06/04,13:36:00,G27_20180604_133600.wav,Alejandria,El Respaldo,6.3887,-75.0136,1289,Non- forest,0,0,No_rain
9537,G27_20180604_135200,G27,2018/06/04,13:52:00,G27_20180604_135200.wav,Alejandria,El Respaldo,6.3887,-75.0136,1289,Non- forest,0,0,No_rain
9538,G27_20180604_140800,G27,2018/06/04,14:08:00,G27_20180604_140800.wav,Alejandria,El Respaldo,6.3887,-75.0136,1289,Non- forest,0,0,No_rain
9539,G27_20180604_142400,G27,2018/06/04,14:24:00,G27_20180604_142400.wav,Alejandria,El Respaldo,6.3887,-75.0136,1289,Non- forest,0,0,No_rain
9540,G27_20180604_144000,G27,2018/06/04,14:40:00,G27_20180604_144000.wav,Alejandria,El Respaldo,6.3887,-75.0136,1289,Non- forest,0,0,No_rain
9541,G27_20180604_145600,G27,2018/06/04,14:56:00,G27_20180604_145600.wav,Alejandria,El Respaldo,6.3887,-75.0136,1289,Non- forest,0,0,No_rain
9542,G27_20180604_151200,G27,2018/06/04,15:12:00,G27_20180604_151200.wav,Alejandria,El Respaldo,6.3887,-75.0136,1289,Non- forest,0,0,No_rain
9543,G27_20180604_152800,G27,2018/06/04,15:28:00,G27_20180604_152800.wav,Alejandria,El Respaldo,6.3887,-75.0136,1289,Non- forest,0,0,No_rain
9544,G27_20180528_170000,G27,2018/05/28,17:00:00,G27_20180528_170000.wav,Alejandria,El Respaldo,6.3887,-75.0136,1289,Non- forest,0,0,No_rain
9545,G27_20180528_171500,G27,2018/05/28,17:15:00,G27_20180528_171500.wav,Alejandria,El Respaldo,6.3887,-75.0136,1289,Non- forest,0,0,No_rain
9546,G27_20180528_173000,G27,2018/05/28,17:30:00,G27_20180528_173000.wav,Alejandria,El Respaldo,6.3887,-75.0136,1289,Non- forest,0,0,No_rain
9547,G27_20180528_174500,G27,2018/05/28,17:45:00,G27_20180528_174500.wav,Alejandria,El Respaldo,6.3887,-75.0136,1289,Non- forest,0,0,No_rain
9548,G27_20180528_181500,G27,2018/05/28,18:15:00,G27_20180528_181500.wav,Alejandria,El Respaldo,6.3887,-75.0136,1289,Non- forest,0,0,No_rain
9549,G27_20180528_180000,G27,2018/05/28,18:00:00,G27_20180528_180000.wav,Alejandria,El Respaldo,6.3887,-75.0136,1289,Non- forest,0,0,No_rain
9550,G27_20180528_183000,G27,2018/05/28,18:30:00,G27_20180528_183000.wav,Alejandria,El Respaldo,6.3887,-75.0136,1289,Non- forest,0,0,No_rain
9551,G27_20180528_184500,G27,2018/05/28,18:45:00,G27_20180528_184500.wav,Alejandria,El Respaldo,6.3887,-75.0136,1289,Non- forest,0,0,No_rain
9552,G27_20180528_191500,G27,2018/05/28,19:15:00,G27_20180528_191500.wav,Alejandria,El Respaldo,6.3887,-75.0136,1289,Non- forest,0,0,No_rain
9553,G27_20180528_190000,G27,2018/05/28,19:00:00,G27_20180528_190000.wav,Alejandria,El Respaldo,6.3887,-75.0136,1289,Non- forest,0,0,No_rain
9554,G27_20180528_194500,G27,2018/05/28,19:45:00,G27_20180528_194500.wav,Alejandria,El Respaldo,6.3887,-75.0136,1289,Non- forest,0,0,No_rain
9555,G27_20180528_193000,G27,2018/05/28,19:30:00,G27_20180528_193000.wav,Alejandria,El Respaldo,6.3887,-75.0136,1289,Non- forest,0,0,No_rain
9556,G27_20180529_051500,G27,2018/05/29,05:15:00,G27_20180529_051500.wav,Alejandria,El Respaldo,6.3887,-75.0136,1289,Non- forest,0,0,No_rain
9557,G27_20180529_050000,G27,2018/05/29,05:00:00,G27_20180529_050000.wav,Alejandria,El Respaldo,6.3887,-75.0136,1289,Non- forest,0,0,No_rain
9558,G27_20180529_054500,G27,2018/05/29,05:45:00,G27_20180529_054500.wav,Alejandria,El Respaldo,6.3887,-75.0136,1289,Non- forest,0,0,No_rain
9559,G27_20180529_053000,G27,2018/05/29,05:30:00,G27_20180529_053000.wav,Alejandria,El Respaldo,6.3887,-75.0136,1289,Non- forest,0,0,No_rain
9560,G27_20180529_060000,G27,2018/05/29,06:00:00,G27_20180529_060000.wav,Alejandria,El Respaldo,6.3887,-75.0136,1289,Non- forest,0,0,No_rain
9561,G27_20180529_063000,G27,2018/05/29,06:30:00,G27_20180529_063000.wav,Alejandria,El Respaldo,6.3887,-75.0136,1289,Non- forest,0,0,No_rain
9562,G27_20180529_061500,G27,2018/05/29,06:15:00,G27_20180529_061500.wav,Alejandria,El Respaldo,6.3887,-75.0136,1289,Non- forest,0,0,No_rain
9563,G27_20180529_070000,G27,2018/05/29,07:00:00,G27_20180529_070000.wav,Alejandria,El Respaldo,6.3887,-75.0136,1289,Non- forest,0,0,No_rain
9564,G27_20180529_064500,G27,2018/05/29,06:45:00,G27_20180529_064500.wav,Alejandria,El Respaldo,6.3887,-75.0136,1289,Non- forest,0,0,No_rain
9565,G27_20180529_073000,G27,2018/05/29,07:30:00,G27_20180529_073000.wav,Alejandria,El Respaldo,6.3887,-75.0136,1289,Non- forest,0,0,No_rain
9566,G27_20180529_071500,G27,2018/05/29,07:15:00,G27_20180529_071500.wav,Alejandria,El Respaldo,6.3887,-75.0136,1289,Non- forest,0,0,No_rain
9567,G27_20180529_074500,G27,2018/05/29,07:45:00,G27_20180529_074500.wav,Alejandria,El Respaldo,6.3887,-75.0136,1289,Non- forest,0,0,No_rain
9568,G27_20180529_170000,G27,2018/05/29,17:00:00,G27_20180529_170000.wav,Alejandria,El Respaldo,6.3887,-75.0136,1289,Non- forest,0,0,No_rain
9569,G27_20180529_171500,G27,2018/05/29,17:15:00,G27_20180529_171500.wav,Alejandria,El Respaldo,6.3887,-75.0136,1289,Non- forest,0,0,No_rain
9570,G27_20180529_173000,G27,2018/05/29,17:30:00,G27_20180529_173000.wav,Alejandria,El Respaldo,6.3887,-75.0136,1289,Non- forest,0,0,No_rain
9571,G27_20180529_174500,G27,2018/05/29,17:45:00,G27_20180529_174500.wav,Alejandria,El Respaldo,6.3887,-75.0136,1289,Non- forest,0,0,No_rain
9572,G27_20180529_180000,G27,2018/05/29,18:00:00,G27_20180529_180000.wav,Alejandria,El Respaldo,6.3887,-75.0136,1289,Non- forest,0,0,No_rain
9573,G27_20180529_181500,G27,2018/05/29,18:15:00,G27_20180529_181500.wav,Alejandria,El Respaldo,6.3887,-75.0136,1289,Non- forest,0,0,No_rain
9574,G27_20180529_184500,G27,2018/05/29,18:45:00,G27_20180529_184500.wav,Alejandria,El Respaldo,6.3887,-75.0136,1289,Non- forest,0,0,No_rain
9575,G27_20180529_183000,G27,2018/05/29,18:30:00,G27_20180529_183000.wav,Alejandria,El Respaldo,6.3887,-75.0136,1289,Non- forest,0,0,No_rain
9576,G27_20180529_191500,G27,2018/05/29,19:15:00,G27_20180529_191500.wav,Alejandria,El Respaldo,6.3887,-75.0136,1289,Non- forest,0,0,No_rain
9577,G27_20180529_190000,G27,2018/05/29,19:00:00,G27_20180529_190000.wav,Alejandria,El Respaldo,6.3887,-75.0136,1289,Non- forest,0,0,No_rain
9578,G27_20180529_193000,G27,2018/05/29,19:30:00,G27_20180529_193000.wav,Alejandria,El Respaldo,6.3887,-75.0136,1289,Non- forest,0,0,No_rain
9579,G27_20180529_194500,G27,2018/05/29,19:45:00,G27_20180529_194500.wav,Alejandria,El Respaldo,6.3887,-75.0136,1289,Non- forest,0,0,No_rain
9580,G27_20180530_050000,G27,2018/05/30,05:00:00,G27_20180530_050000.wav,Alejandria,El Respaldo,6.3887,-75.0136,1289,Non- forest,0,0,No_rain
9581,G27_20180530_051500,G27,2018/05/30,05:15:00,G27_20180530_051500.wav,Alejandria,El Respaldo,6.3887,-75.0136,1289,Non- forest,0,0,No_rain
9582,G27_20180530_054500,G27,2018/05/30,05:45:00,G27_20180530_054500.wav,Alejandria,El Respaldo,6.3887,-75.0136,1289,Non- forest,0,0,No_rain
9583,G27_20180530_053000,G27,2018/05/30,05:30:00,G27_20180530_053000.wav,Alejandria,El Respaldo,6.3887,-75.0136,1289,Non- forest,0,0,No_rain
9584,G27_20180530_060000,G27,2018/05/30,06:00:00,G27_20180530_060000.wav,Alejandria,El Respaldo,6.3887,-75.0136,1289,Non- forest,0,0,No_rain
9585,G27_20180530_061500,G27,2018/05/30,06:15:00,G27_20180530_061500.wav,Alejandria,El Respaldo,6.3887,-75.0136,1289,Non- forest,0,0,No_rain
9586,G27_20180530_063000,G27,2018/05/30,06:30:00,G27_20180530_063000.wav,Alejandria,El Respaldo,6.3887,-75.0136,1289,Non- forest,0,0,No_rain
9587,G27_20180530_064500,G27,2018/05/30,06:45:00,G27_20180530_064500.wav,Alejandria,El Respaldo,6.3887,-75.0136,1289,Non- forest,0,0,No_rain
9588,G27_20180530_070000,G27,2018/05/30,07:00:00,G27_20180530_070000.wav,Alejandria,El Respaldo,6.3887,-75.0136,1289,Non- forest,0,0,No_rain
9589,G27_20180530_073000,G27,2018/05/30,07:30:00,G27_20180530_073000.wav,Alejandria,El Respaldo,6.3887,-75.0136,1289,Non- forest,0,0,No_rain
9590,G27_20180530_071500,G27,2018/05/30,07:15:00,G27_20180530_071500.wav,Alejandria,El Respaldo,6.3887,-75.0136,1289,Non- forest,0,0,No_rain
9591,G27_20180530_170000,G27,2018/05/30,17:00:00,G27_20180530_170000.wav,Alejandria,El Respaldo,6.3887,-75.0136,1289,Non- forest,0,0,No_rain
9592,G27_20180530_074500,G27,2018/05/30,07:45:00,G27_20180530_074500.wav,Alejandria,El Respaldo,6.3887,-75.0136,1289,Non- forest,0,0,No_rain
9593,G27_20180530_171500,G27,2018/05/30,17:15:00,G27_20180530_171500.wav,Alejandria,El Respaldo,6.3887,-75.0136,1289,Non- forest,0,0,No_rain
9594,G27_20180530_173000,G27,2018/05/30,17:30:00,G27_20180530_173000.wav,Alejandria,El Respaldo,6.3887,-75.0136,1289,Non- forest,0,0,No_rain
9595,G27_20180530_174500,G27,2018/05/30,17:45:00,G27_20180530_174500.wav,Alejandria,El Respaldo,6.3887,-75.0136,1289,Non- forest,0,0,No_rain
9596,G27_20180530_180000,G27,2018/05/30,18:00:00,G27_20180530_180000.wav,Alejandria,El Respaldo,6.3887,-75.0136,1289,Non- forest,0,0,No_rain
9597,G27_20180530_181500,G27,2018/05/30,18:15:00,G27_20180530_181500.wav,Alejandria,El Respaldo,6.3887,-75.0136,1289,Non- forest,0,0,No_rain
9598,G27_20180530_183000,G27,2018/05/30,18:30:00,G27_20180530_183000.wav,Alejandria,El Respaldo,6.3887,-75.0136,1289,Non- forest,0,0,No_rain
9599,G27_20180530_190000,G27,2018/05/30,19:00:00,G27_20180530_190000.wav,Alejandria,El Respaldo,6.3887,-75.0136,1289,Non- forest,0,0,No_rain
9600,G27_20180530_184500,G27,2018/05/30,18:45:00,G27_20180530_184500.wav,Alejandria,El Respaldo,6.3887,-75.0136,1289,Non- forest,0,0,No_rain
9601,G27_20180530_193000,G27,2018/05/30,19:30:00,G27_20180530_193000.wav,Alejandria,El Respaldo,6.3887,-75.0136,1289,Non- forest,0,0,No_rain
9602,G27_20180530_191500,G27,2018/05/30,19:15:00,G27_20180530_191500.wav,Alejandria,El Respaldo,6.3887,-75.0136,1289,Non- forest,0,0,No_rain
9603,G27_20180530_194500,G27,2018/05/30,19:45:00,G27_20180530_194500.wav,Alejandria,El Respaldo,6.3887,-75.0136,1289,Non- forest,0,0,No_rain
9604,G27_20180531_050000,G27,2018/05/31,05:00:00,G27_20180531_050000.wav,Alejandria,El Respaldo,6.3887,-75.0136,1289,Non- forest,0,0,No_rain
9605,G27_20180531_053000,G27,2018/05/31,05:30:00,G27_20180531_053000.wav,Alejandria,El Respaldo,6.3887,-75.0136,1289,Non- forest,0,0,No_rain
9606,G27_20180531_051500,G27,2018/05/31,05:15:00,G27_20180531_051500.wav,Alejandria,El Respaldo,6.3887,-75.0136,1289,Non- forest,0,0,No_rain
9607,G27_20180531_054500,G27,2018/05/31,05:45:00,G27_20180531_054500.wav,Alejandria,El Respaldo,6.3887,-75.0136,1289,Non- forest,0,0,No_rain
9608,G27_20180531_060000,G27,2018/05/31,06:00:00,G27_20180531_060000.wav,Alejandria,El Respaldo,6.3887,-75.0136,1289,Non- forest,0,0,No_rain
9609,G27_20180531_061500,G27,2018/05/31,06:15:00,G27_20180531_061500.wav,Alejandria,El Respaldo,6.3887,-75.0136,1289,Non- forest,0,0,No_rain
9610,G27_20180531_063000,G27,2018/05/31,06:30:00,G27_20180531_063000.wav,Alejandria,El Respaldo,6.3887,-75.0136,1289,Non- forest,0,0,No_rain
9611,G27_20180531_064500,G27,2018/05/31,06:45:00,G27_20180531_064500.wav,Alejandria,El Respaldo,6.3887,-75.0136,1289,Non- forest,0,0,No_rain
9612,G27_20180531_071500,G27,2018/05/31,07:15:00,G27_20180531_071500.wav,Alejandria,El Respaldo,6.3887,-75.0136,1289,Non- forest,0,0,No_rain
9613,G27_20180531_070000,G27,2018/05/31,07:00:00,G27_20180531_070000.wav,Alejandria,El Respaldo,6.3887,-75.0136,1289,Non- forest,0,0,No_rain
9614,G27_20180531_074500,G27,2018/05/31,07:45:00,G27_20180531_074500.wav,Alejandria,El Respaldo,6.3887,-75.0136,1289,Non- forest,0,0,No_rain
9615,G27_20180531_073000,G27,2018/05/31,07:30:00,G27_20180531_073000.wav,Alejandria,El Respaldo,6.3887,-75.0136,1289,Non- forest,0,0,No_rain
9616,G27_20180531_171500,G27,2018/05/31,17:15:00,G27_20180531_171500.wav,Alejandria,El Respaldo,6.3887,-75.0136,1289,Non- forest,0,0,No_rain
9617,G27_20180531_170000,G27,2018/05/31,17:00:00,G27_20180531_170000.wav,Alejandria,El Respaldo,6.3887,-75.0136,1289,Non- forest,0,0,No_rain
9618,G27_20180531_174500,G27,2018/05/31,17:45:00,G27_20180531_174500.wav,Alejandria,El Respaldo,6.3887,-75.0136,1289,Non- forest,0,0,No_rain
9619,G27_20180531_173000,G27,2018/05/31,17:30:00,G27_20180531_173000.wav,Alejandria,El Respaldo,6.3887,-75.0136,1289,Non- forest,0,0,No_rain
9620,G27_20180531_180000,G27,2018/05/31,18:00:00,G27_20180531_180000.wav,Alejandria,El Respaldo,6.3887,-75.0136,1289,Non- forest,0,0,No_rain
9621,G27_20180531_181500,G27,2018/05/31,18:15:00,G27_20180531_181500.wav,Alejandria,El Respaldo,6.3887,-75.0136,1289,Non- forest,0,0,No_rain
9622,G27_20180531_183000,G27,2018/05/31,18:30:00,G27_20180531_183000.wav,Alejandria,El Respaldo,6.3887,-75.0136,1289,Non- forest,0,0,No_rain
9623,G27_20180531_184500,G27,2018/05/31,18:45:00,G27_20180531_184500.wav,Alejandria,El Respaldo,6.3887,-75.0136,1289,Non- forest,0,0,No_rain
9624,G27_20180531_190000,G27,2018/05/31,19:00:00,G27_20180531_190000.wav,Alejandria,El Respaldo,6.3887,-75.0136,1289,Non- forest,0,0,No_rain
9625,G27_20180531_191500,G27,2018/05/31,19:15:00,G27_20180531_191500.wav,Alejandria,El Respaldo,6.3887,-75.0136,1289,Non- forest,0,0,No_rain
9626,G27_20180531_193000,G27,2018/05/31,19:30:00,G27_20180531_193000.wav,Alejandria,El Respaldo,6.3887,-75.0136,1289,Non- forest,0,0,No_rain
9627,G27_20180531_194500,G27,2018/05/31,19:45:00,G27_20180531_194500.wav,Alejandria,El Respaldo,6.3887,-75.0136,1289,Non- forest,0,0,No_rain
9628,G27_20180601_050000,G27,2018/06/01,05:00:00,G27_20180601_050000.wav,Alejandria,El Respaldo,6.3887,-75.0136,1289,Non- forest,0,0,No_rain
9629,G27_20180601_053000,G27,2018/06/01,05:30:00,G27_20180601_053000.wav,Alejandria,El Respaldo,6.3887,-75.0136,1289,Non- forest,0,0,No_rain
9630,G27_20180601_051500,G27,2018/06/01,05:15:00,G27_20180601_051500.wav,Alejandria,El Respaldo,6.3887,-75.0136,1289,Non- forest,0,0,No_rain
9631,G27_20180601_054500,G27,2018/06/01,05:45:00,G27_20180601_054500.wav,Alejandria,El Respaldo,6.3887,-75.0136,1289,Non- forest,0,0,No_rain
9632,G27_20180601_060000,G27,2018/06/01,06:00:00,G27_20180601_060000.wav,Alejandria,El Respaldo,6.3887,-75.0136,1289,Non- forest,0,0,No_rain
9633,G27_20180601_061500,G27,2018/06/01,06:15:00,G27_20180601_061500.wav,Alejandria,El Respaldo,6.3887,-75.0136,1289,Non- forest,0,0,No_rain
9634,G27_20180601_063000,G27,2018/06/01,06:30:00,G27_20180601_063000.wav,Alejandria,El Respaldo,6.3887,-75.0136,1289,Non- forest,0,0,No_rain
9635,G27_20180601_070000,G27,2018/06/01,07:00:00,G27_20180601_070000.wav,Alejandria,El Respaldo,6.3887,-75.0136,1289,Non- forest,0,0,No_rain
9636,G27_20180601_064500,G27,2018/06/01,06:45:00,G27_20180601_064500.wav,Alejandria,El Respaldo,6.3887,-75.0136,1289,Non- forest,0,0,No_rain
9637,G27_20180601_071500,G27,2018/06/01,07:15:00,G27_20180601_071500.wav,Alejandria,El Respaldo,6.3887,-75.0136,1289,Non- forest,0,0,No_rain
9638,G27_20180601_074500,G27,2018/06/01,07:45:00,G27_20180601_074500.wav,Alejandria,El Respaldo,6.3887,-75.0136,1289,Non- forest,0,0,No_rain
9639,G27_20180601_073000,G27,2018/06/01,07:30:00,G27_20180601_073000.wav,Alejandria,El Respaldo,6.3887,-75.0136,1289,Non- forest,0,0,No_rain
9640,G27_20180601_171500,G27,2018/06/01,17:15:00,G27_20180601_171500.wav,Alejandria,El Respaldo,6.3887,-75.0136,1289,Non- forest,0,0,No_rain
9641,G27_20180601_170000,G27,2018/06/01,17:00:00,G27_20180601_170000.wav,Alejandria,El Respaldo,6.3887,-75.0136,1289,Non- forest,0,0,No_rain
9642,G27_20180601_174500,G27,2018/06/01,17:45:00,G27_20180601_174500.wav,Alejandria,El Respaldo,6.3887,-75.0136,1289,Non- forest,0,0,No_rain
9643,G27_20180601_173000,G27,2018/06/01,17:30:00,G27_20180601_173000.wav,Alejandria,El Respaldo,6.3887,-75.0136,1289,Non- forest,0,0,No_rain
9644,G27_20180601_181500,G27,2018/06/01,18:15:00,G27_20180601_181500.wav,Alejandria,El Respaldo,6.3887,-75.0136,1289,Non- forest,1,1,Light
9645,G27_20180601_180000,G27,2018/06/01,18:00:00,G27_20180601_180000.wav,Alejandria,El Respaldo,6.3887,-75.0136,1289,Non- forest,0,0,No_rain
9646,G27_20180601_183000,G27,2018/06/01,18:30:00,G27_20180601_183000.wav,Alejandria,El Respaldo,6.3887,-75.0136,1289,Non- forest,1,1,Light
9647,G27_20180601_184500,G27,2018/06/01,18:45:00,G27_20180601_184500.wav,Alejandria,El Respaldo,6.3887,-75.0136,1289,Non- forest,1,1,Light
9648,G27_20180601_191500,G27,2018/06/01,19:15:00,G27_20180601_191500.wav,Alejandria,El Respaldo,6.3887,-75.0136,1289,Non- forest,1,1,Light
9649,G27_20180601_190000,G27,2018/06/01,19:00:00,G27_20180601_190000.wav,Alejandria,El Respaldo,6.3887,-75.0136,1289,Non- forest,1,1,Light
9650,G27_20180601_194500,G27,2018/06/01,19:45:00,G27_20180601_194500.wav,Alejandria,El Respaldo,6.3887,-75.0136,1289,Non- forest,1,3,Heavy
9651,G27_20180601_193000,G27,2018/06/01,19:30:00,G27_20180601_193000.wav,Alejandria,El Respaldo,6.3887,-75.0136,1289,Non- forest,1,3,Heavy
9652,G27_20180602_050000,G27,2018/06/02,05:00:00,G27_20180602_050000.wav,Alejandria,El Respaldo,6.3887,-75.0136,1289,Non- forest,0,0,No_rain
9653,G27_20180602_051500,G27,2018/06/02,05:15:00,G27_20180602_051500.wav,Alejandria,El Respaldo,6.3887,-75.0136,1289,Non- forest,0,0,No_rain
9654,G27_20180602_053000,G27,2018/06/02,05:30:00,G27_20180602_053000.wav,Alejandria,El Respaldo,6.3887,-75.0136,1289,Non- forest,0,0,No_rain
9655,G27_20180602_060000,G27,2018/06/02,06:00:00,G27_20180602_060000.wav,Alejandria,El Respaldo,6.3887,-75.0136,1289,Non- forest,0,0,No_rain
9656,G27_20180602_054500,G27,2018/06/02,05:45:00,G27_20180602_054500.wav,Alejandria,El Respaldo,6.3887,-75.0136,1289,Non- forest,0,0,No_rain
9657,G27_20180602_063000,G27,2018/06/02,06:30:00,G27_20180602_063000.wav,Alejandria,El Respaldo,6.3887,-75.0136,1289,Non- forest,0,0,No_rain
9658,G27_20180602_061500,G27,2018/06/02,06:15:00,G27_20180602_061500.wav,Alejandria,El Respaldo,6.3887,-75.0136,1289,Non- forest,0,0,No_rain
9659,G27_20180602_070000,G27,2018/06/02,07:00:00,G27_20180602_070000.wav,Alejandria,El Respaldo,6.3887,-75.0136,1289,Non- forest,0,0,No_rain
9660,G27_20180602_064500,G27,2018/06/02,06:45:00,G27_20180602_064500.wav,Alejandria,El Respaldo,6.3887,-75.0136,1289,Non- forest,0,0,No_rain
9661,G27_20180602_073000,G27,2018/06/02,07:30:00,G27_20180602_073000.wav,Alejandria,El Respaldo,6.3887,-75.0136,1289,Non- forest,0,0,No_rain
9662,G27_20180602_071500,G27,2018/06/02,07:15:00,G27_20180602_071500.wav,Alejandria,El Respaldo,6.3887,-75.0136,1289,Non- forest,0,0,No_rain
9663,G27_20180602_170000,G27,2018/06/02,17:00:00,G27_20180602_170000.wav,Alejandria,El Respaldo,6.3887,-75.0136,1289,Non- forest,0,0,No_rain
9664,G27_20180602_074500,G27,2018/06/02,07:45:00,G27_20180602_074500.wav,Alejandria,El Respaldo,6.3887,-75.0136,1289,Non- forest,0,0,No_rain
9665,G27_20180602_171500,G27,2018/06/02,17:15:00,G27_20180602_171500.wav,Alejandria,El Respaldo,6.3887,-75.0136,1289,Non- forest,0,0,No_rain
9666,G27_20180602_173000,G27,2018/06/02,17:30:00,G27_20180602_173000.wav,Alejandria,El Respaldo,6.3887,-75.0136,1289,Non- forest,0,0,No_rain
9667,G27_20180602_180000,G27,2018/06/02,18:00:00,G27_20180602_180000.wav,Alejandria,El Respaldo,6.3887,-75.0136,1289,Non- forest,0,0,No_rain
9668,G27_20180602_174500,G27,2018/06/02,17:45:00,G27_20180602_174500.wav,Alejandria,El Respaldo,6.3887,-75.0136,1289,Non- forest,0,0,No_rain
9669,G27_20180602_181500,G27,2018/06/02,18:15:00,G27_20180602_181500.wav,Alejandria,El Respaldo,6.3887,-75.0136,1289,Non- forest,0,0,No_rain
9670,G27_20180602_183000,G27,2018/06/02,18:30:00,G27_20180602_183000.wav,Alejandria,El Respaldo,6.3887,-75.0136,1289,Non- forest,0,0,No_rain
9671,G27_20180602_184500,G27,2018/06/02,18:45:00,G27_20180602_184500.wav,Alejandria,El Respaldo,6.3887,-75.0136,1289,Non- forest,0,0,No_rain
9672,G27_20180602_190000,G27,2018/06/02,19:00:00,G27_20180602_190000.wav,Alejandria,El Respaldo,6.3887,-75.0136,1289,Non- forest,1,1,Light
9673,G27_20180602_191500,G27,2018/06/02,19:15:00,G27_20180602_191500.wav,Alejandria,El Respaldo,6.3887,-75.0136,1289,Non- forest,1,1,Light
9674,G27_20180602_193000,G27,2018/06/02,19:30:00,G27_20180602_193000.wav,Alejandria,El Respaldo,6.3887,-75.0136,1289,Non- forest,1,1,Light
9675,G27_20180603_050000,G27,2018/06/03,05:00:00,G27_20180603_050000.wav,Alejandria,El Respaldo,6.3887,-75.0136,1289,Non- forest,0,0,No_rain
9676,G27_20180602_194500,G27,2018/06/02,19:45:00,G27_20180602_194500.wav,Alejandria,El Respaldo,6.3887,-75.0136,1289,Non- forest,1,1,Light
9677,G27_20180603_051500,G27,2018/06/03,05:15:00,G27_20180603_051500.wav,Alejandria,El Respaldo,6.3887,-75.0136,1289,Non- forest,0,0,No_rain
9678,G27_20180603_053000,G27,2018/06/03,05:30:00,G27_20180603_053000.wav,Alejandria,El Respaldo,6.3887,-75.0136,1289,Non- forest,0,0,No_rain
9679,G27_20180603_054500,G27,2018/06/03,05:45:00,G27_20180603_054500.wav,Alejandria,El Respaldo,6.3887,-75.0136,1289,Non- forest,0,0,No_rain
9680,G27_20180603_060000,G27,2018/06/03,06:00:00,G27_20180603_060000.wav,Alejandria,El Respaldo,6.3887,-75.0136,1289,Non- forest,0,0,No_rain
9681,G27_20180603_061500,G27,2018/06/03,06:15:00,G27_20180603_061500.wav,Alejandria,El Respaldo,6.3887,-75.0136,1289,Non- forest,0,0,No_rain
9682,G27_20180603_064500,G27,2018/06/03,06:45:00,G27_20180603_064500.wav,Alejandria,El Respaldo,6.3887,-75.0136,1289,Non- forest,0,0,No_rain
9683,G27_20180603_063000,G27,2018/06/03,06:30:00,G27_20180603_063000.wav,Alejandria,El Respaldo,6.3887,-75.0136,1289,Non- forest,0,0,No_rain
9684,G27_20180603_070000,G27,2018/06/03,07:00:00,G27_20180603_070000.wav,Alejandria,El Respaldo,6.3887,-75.0136,1289,Non- forest,0,0,No_rain
9685,G27_20180603_071500,G27,2018/06/03,07:15:00,G27_20180603_071500.wav,Alejandria,El Respaldo,6.3887,-75.0136,1289,Non- forest,0,0,No_rain
9686,G27_20180603_074500,G27,2018/06/03,07:45:00,G27_20180603_074500.wav,Alejandria,El Respaldo,6.3887,-75.0136,1289,Non- forest,0,0,No_rain
9687,G27_20180603_073000,G27,2018/06/03,07:30:00,G27_20180603_073000.wav,Alejandria,El Respaldo,6.3887,-75.0136,1289,Non- forest,0,0,No_rain
9688,G27_20180603_170000,G27,2018/06/03,17:00:00,G27_20180603_170000.wav,Alejandria,El Respaldo,6.3887,-75.0136,1289,Non- forest,0,0,No_rain
9689,G27_20180603_171500,G27,2018/06/03,17:15:00,G27_20180603_171500.wav,Alejandria,El Respaldo,6.3887,-75.0136,1289,Non- forest,0,0,No_rain
9690,G27_20180603_174500,G27,2018/06/03,17:45:00,G27_20180603_174500.wav,Alejandria,El Respaldo,6.3887,-75.0136,1289,Non- forest,0,0,No_rain
9691,G27_20180603_173000,G27,2018/06/03,17:30:00,G27_20180603_173000.wav,Alejandria,El Respaldo,6.3887,-75.0136,1289,Non- forest,0,0,No_rain
9692,G27_20180603_180000,G27,2018/06/03,18:00:00,G27_20180603_180000.wav,Alejandria,El Respaldo,6.3887,-75.0136,1289,Non- forest,0,0,No_rain
9693,G27_20180603_181500,G27,2018/06/03,18:15:00,G27_20180603_181500.wav,Alejandria,El Respaldo,6.3887,-75.0136,1289,Non- forest,0,0,No_rain
9694,G27_20180603_183000,G27,2018/06/03,18:30:00,G27_20180603_183000.wav,Alejandria,El Respaldo,6.3887,-75.0136,1289,Non- forest,0,0,No_rain
9695,G27_20180603_184500,G27,2018/06/03,18:45:00,G27_20180603_184500.wav,Alejandria,El Respaldo,6.3887,-75.0136,1289,Non- forest,0,0,No_rain
9696,G27_20180603_190000,G27,2018/06/03,19:00:00,G27_20180603_190000.wav,Alejandria,El Respaldo,6.3887,-75.0136,1289,Non- forest,0,0,No_rain
9697,G27_20180603_191500,G27,2018/06/03,19:15:00,G27_20180603_191500.wav,Alejandria,El Respaldo,6.3887,-75.0136,1289,Non- forest,0,0,No_rain
9698,G27_20180603_193000,G27,2018/06/03,19:30:00,G27_20180603_193000.wav,Alejandria,El Respaldo,6.3887,-75.0136,1289,Non- forest,0,0,No_rain
9699,G27_20180604_050000,G27,2018/06/04,05:00:00,G27_20180604_050000.wav,Alejandria,El Respaldo,6.3887,-75.0136,1289,Non- forest,0,0,No_rain
9700,G27_20180603_194500,G27,2018/06/03,19:45:00,G27_20180603_194500.wav,Alejandria,El Respaldo,6.3887,-75.0136,1289,Non- forest,0,0,No_rain
9701,G27_20180604_051500,G27,2018/06/04,05:15:00,G27_20180604_051500.wav,Alejandria,El Respaldo,6.3887,-75.0136,1289,Non- forest,0,0,No_rain
9702,G27_20180604_053000,G27,2018/06/04,05:30:00,G27_20180604_053000.wav,Alejandria,El Respaldo,6.3887,-75.0136,1289,Non- forest,0,0,No_rain
9703,G27_20180604_054500,G27,2018/06/04,05:45:00,G27_20180604_054500.wav,Alejandria,El Respaldo,6.3887,-75.0136,1289,Non- forest,0,0,No_rain
9704,G27_20180604_060000,G27,2018/06/04,06:00:00,G27_20180604_060000.wav,Alejandria,El Respaldo,6.3887,-75.0136,1289,Non- forest,0,0,No_rain
9705,G27_20180604_061500,G27,2018/06/04,06:15:00,G27_20180604_061500.wav,Alejandria,El Respaldo,6.3887,-75.0136,1289,Non- forest,0,0,No_rain
9706,G27_20180604_063000,G27,2018/06/04,06:30:00,G27_20180604_063000.wav,Alejandria,El Respaldo,6.3887,-75.0136,1289,Non- forest,0,0,No_rain
9707,G27_20180604_064500,G27,2018/06/04,06:45:00,G27_20180604_064500.wav,Alejandria,El Respaldo,6.3887,-75.0136,1289,Non- forest,0,0,No_rain
9708,G27_20180604_070000,G27,2018/06/04,07:00:00,G27_20180604_070000.wav,Alejandria,El Respaldo,6.3887,-75.0136,1289,Non- forest,0,0,No_rain
9709,G27_20180604_071500,G27,2018/06/04,07:15:00,G27_20180604_071500.wav,Alejandria,El Respaldo,6.3887,-75.0136,1289,Non- forest,0,0,No_rain
9710,G27_20180604_073000,G27,2018/06/04,07:30:00,G27_20180604_073000.wav,Alejandria,El Respaldo,6.3887,-75.0136,1289,Non- forest,0,0,No_rain
9711,G27_20180604_074500,G27,2018/06/04,07:45:00,G27_20180604_074500.wav,Alejandria,El Respaldo,6.3887,-75.0136,1289,Non- forest,0,0,No_rain
