,Recording,Recorder,Date,Time,Filename,Municipio,Vereda,Latitud,Longitud,Elevacion,Habitat,Rain_occurrence,Rain_Intesity,Intensity_Category
16643,G50_20180618_200000,G50,2018/06/18,20:00:00,G50_20180618_200000.wav,San Rafael,Area proteccion embalse EPM,6.3721,-74.9879,1273,Forest,1,1,Light
16644,G50_20180618_201600,G50,2018/06/18,20:16:00,G50_20180618_201600.wav,San Rafael,Area proteccion embalse EPM,6.3721,-74.9879,1273,Forest,1,1,Light
16645,G50_20180618_203200,G50,2018/06/18,20:32:00,G50_20180618_203200.wav,San Rafael,Area proteccion embalse EPM,6.3721,-74.9879,1273,Forest,0,0,No_rain
16646,G50_20180618_204800,G50,2018/06/18,20:48:00,G50_20180618_204800.wav,San Rafael,Area proteccion embalse EPM,6.3721,-74.9879,1273,Forest,0,0,No_rain
16647,G50_20180618_210400,G50,2018/06/18,21:04:00,G50_20180618_210400.wav,San Rafael,Area proteccion embalse EPM,6.3721,-74.9879,1273,Forest,0,0,No_rain
16648,G50_20180618_212000,G50,2018/06/18,21:20:00,G50_20180618_212000.wav,San Rafael,Area proteccion embalse EPM,6.3721,-74.9879,1273,Forest,0,0,No_rain
16649,G50_20180618_213600,G50,2018/06/18,21:36:00,G50_20180618_213600.wav,San Rafael,Area proteccion embalse EPM,6.3721,-74.9879,1273,Forest,0,0,No_rain
16650,G50_20180618_215200,G50,2018/06/18,21:52:00,G50_20180618_215200.wav,San Rafael,Area proteccion embalse EPM,6.3721,-74.9879,1273,Forest,0,0,No_rain
16651,G50_20180618_220800,G50,2018/06/18,22:08:00,G50_20180618_220800.wav,San Rafael,Area proteccion embalse EPM,6.3721,-74.9879,1273,Forest,0,0,No_rain
16652,G50_20180618_222400,G50,2018/06/18,22:24:00,G50_20180618_222400.wav,San Rafael,Area proteccion embalse EPM,6.3721,-74.9879,1273,Forest,0,0,No_rain
16653,G50_20180618_224000,G50,2018/06/18,22:40:00,G50_20180618_224000.wav,San Rafael,Area proteccion embalse EPM,6.3721,-74.9879,1273,Forest,0,0,No_rain
16654,G50_20180618_225600,G50,2018/06/18,22:56:00,G50_20180618_225600.wav,San Rafael,Area proteccion embalse EPM,6.3721,-74.9879,1273,Forest,0,0,No_rain
16655,G50_20180618_231200,G50,2018/06/18,23:12:00,G50_20180618_231200.wav,San Rafael,Area proteccion embalse EPM,6.3721,-74.9879,1273,Forest,0,0,No_rain
16656,G50_20180618_232800,G50,2018/06/18,23:28:00,G50_20180618_232800.wav,San Rafael,Area proteccion embalse EPM,6.3721,-74.9879,1273,Forest,0,0,No_rain
16657,G50_20180618_234400,G50,2018/06/18,23:44:00,G50_20180618_234400.wav,San Rafael,Area proteccion embalse EPM,6.3721,-74.9879,1273,Forest,0,0,No_rain
16658,G50_20180619_000000,G50,2018/06/19,00:00:00,G50_20180619_000000.wav,San Rafael,Area proteccion embalse EPM,6.3721,-74.9879,1273,Forest,0,0,No_rain
16659,G50_20180619_001600,G50,2018/06/19,00:16:00,G50_20180619_001600.wav,San Rafael,Area proteccion embalse EPM,6.3721,-74.9879,1273,Forest,0,0,No_rain
16660,G50_20180619_003200,G50,2018/06/19,00:32:00,G50_20180619_003200.wav,San Rafael,Area proteccion embalse EPM,6.3721,-74.9879,1273,Forest,0,0,No_rain
16661,G50_20180619_004800,G50,2018/06/19,00:48:00,G50_20180619_004800.wav,San Rafael,Area proteccion embalse EPM,6.3721,-74.9879,1273,Forest,0,0,No_rain
16662,G50_20180619_010400,G50,2018/06/19,01:04:00,G50_20180619_010400.wav,San Rafael,Area proteccion embalse EPM,6.3721,-74.9879,1273,Forest,0,0,No_rain
16663,G50_20180619_012000,G50,2018/06/19,01:20:00,G50_20180619_012000.wav,San Rafael,Area proteccion embalse EPM,6.3721,-74.9879,1273,Forest,0,0,No_rain
16664,G50_20180619_013600,G50,2018/06/19,01:36:00,G50_20180619_013600.wav,San Rafael,Area proteccion embalse EPM,6.3721,-74.9879,1273,Forest,0,0,No_rain
16665,G50_20180619_015200,G50,2018/06/19,01:52:00,G50_20180619_015200.wav,San Rafael,Area proteccion embalse EPM,6.3721,-74.9879,1273,Forest,0,0,No_rain
16666,G50_20180619_020800,G50,2018/06/19,02:08:00,G50_20180619_020800.wav,San Rafael,Area proteccion embalse EPM,6.3721,-74.9879,1273,Forest,0,0,No_rain
16667,G50_20180619_022400,G50,2018/06/19,02:24:00,G50_20180619_022400.wav,San Rafael,Area proteccion embalse EPM,6.3721,-74.9879,1273,Forest,0,0,No_rain
16668,G50_20180619_024000,G50,2018/06/19,02:40:00,G50_20180619_024000.wav,San Rafael,Area proteccion embalse EPM,6.3721,-74.9879,1273,Forest,0,0,No_rain
16669,G50_20180619_025600,G50,2018/06/19,02:56:00,G50_20180619_025600.wav,San Rafael,Area proteccion embalse EPM,6.3721,-74.9879,1273,Forest,0,0,No_rain
16670,G50_20180619_031200,G50,2018/06/19,03:12:00,G50_20180619_031200.wav,San Rafael,Area proteccion embalse EPM,6.3721,-74.9879,1273,Forest,0,0,No_rain
16671,G50_20180619_032800,G50,2018/06/19,03:28:00,G50_20180619_032800.wav,San Rafael,Area proteccion embalse EPM,6.3721,-74.9879,1273,Forest,0,0,No_rain
16672,G50_20180619_034400,G50,2018/06/19,03:44:00,G50_20180619_034400.wav,San Rafael,Area proteccion embalse EPM,6.3721,-74.9879,1273,Forest,0,0,No_rain
16673,G50_20180619_040000,G50,2018/06/19,04:00:00,G50_20180619_040000.wav,San Rafael,Area proteccion embalse EPM,6.3721,-74.9879,1273,Forest,0,0,No_rain
16674,G50_20180619_041600,G50,2018/06/19,04:16:00,G50_20180619_041600.wav,San Rafael,Area proteccion embalse EPM,6.3721,-74.9879,1273,Forest,0,0,No_rain
16675,G50_20180619_043200,G50,2018/06/19,04:32:00,G50_20180619_043200.wav,San Rafael,Area proteccion embalse EPM,6.3721,-74.9879,1273,Forest,0,0,No_rain
16676,G50_20180619_044800,G50,2018/06/19,04:48:00,G50_20180619_044800.wav,San Rafael,Area proteccion embalse EPM,6.3721,-74.9879,1273,Forest,0,0,No_rain
16677,G50_20180619_080000,G50,2018/06/19,08:00:00,G50_20180619_080000.wav,San Rafael,Area proteccion embalse EPM,6.3721,-74.9879,1273,Forest,0,0,No_rain
16678,G50_20180619_081600,G50,2018/06/19,08:16:00,G50_20180619_081600.wav,San Rafael,Area proteccion embalse EPM,6.3721,-74.9879,1273,Forest,0,0,No_rain
16679,G50_20180619_083200,G50,2018/06/19,08:32:00,G50_20180619_083200.wav,San Rafael,Area proteccion embalse EPM,6.3721,-74.9879,1273,Forest,0,0,No_rain
16680,G50_20180619_084800,G50,2018/06/19,08:48:00,G50_20180619_084800.wav,San Rafael,Area proteccion embalse EPM,6.3721,-74.9879,1273,Forest,0,0,No_rain
16681,G50_20180619_090400,G50,2018/06/19,09:04:00,G50_20180619_090400.wav,San Rafael,Area proteccion embalse EPM,6.3721,-74.9879,1273,Forest,0,0,No_rain
16682,G50_20180619_092000,G50,2018/06/19,09:20:00,G50_20180619_092000.wav,San Rafael,Area proteccion embalse EPM,6.3721,-74.9879,1273,Forest,0,0,No_rain
16683,G50_20180619_093600,G50,2018/06/19,09:36:00,G50_20180619_093600.wav,San Rafael,Area proteccion embalse EPM,6.3721,-74.9879,1273,Forest,0,0,No_rain
16684,G50_20180619_095200,G50,2018/06/19,09:52:00,G50_20180619_095200.wav,San Rafael,Area proteccion embalse EPM,6.3721,-74.9879,1273,Forest,0,0,No_rain
16685,G50_20180619_100800,G50,2018/06/19,10:08:00,G50_20180619_100800.wav,San Rafael,Area proteccion embalse EPM,6.3721,-74.9879,1273,Forest,0,0,No_rain
16686,G50_20180619_102400,G50,2018/06/19,10:24:00,G50_20180619_102400.wav,San Rafael,Area proteccion embalse EPM,6.3721,-74.9879,1273,Forest,0,0,No_rain
16687,G50_20180619_104000,G50,2018/06/19,10:40:00,G50_20180619_104000.wav,San Rafael,Area proteccion embalse EPM,6.3721,-74.9879,1273,Forest,0,0,No_rain
16688,G50_20180619_105600,G50,2018/06/19,10:56:00,G50_20180619_105600.wav,San Rafael,Area proteccion embalse EPM,6.3721,-74.9879,1273,Forest,0,0,No_rain
16689,G50_20180619_111200,G50,2018/06/19,11:12:00,G50_20180619_111200.wav,San Rafael,Area proteccion embalse EPM,6.3721,-74.9879,1273,Forest,0,0,No_rain
16690,G50_20180619_112800,G50,2018/06/19,11:28:00,G50_20180619_112800.wav,San Rafael,Area proteccion embalse EPM,6.3721,-74.9879,1273,Forest,0,0,No_rain
16691,G50_20180619_114400,G50,2018/06/19,11:44:00,G50_20180619_114400.wav,San Rafael,Area proteccion embalse EPM,6.3721,-74.9879,1273,Forest,0,0,No_rain
16692,G50_20180619_120000,G50,2018/06/19,12:00:00,G50_20180619_120000.wav,San Rafael,Area proteccion embalse EPM,6.3721,-74.9879,1273,Forest,0,0,No_rain
16693,G50_20180619_121600,G50,2018/06/19,12:16:00,G50_20180619_121600.wav,San Rafael,Area proteccion embalse EPM,6.3721,-74.9879,1273,Forest,0,0,No_rain
16694,G50_20180619_123200,G50,2018/06/19,12:32:00,G50_20180619_123200.wav,San Rafael,Area proteccion embalse EPM,6.3721,-74.9879,1273,Forest,0,0,No_rain
16695,G50_20180619_124800,G50,2018/06/19,12:48:00,G50_20180619_124800.wav,San Rafael,Area proteccion embalse EPM,6.3721,-74.9879,1273,Forest,0,0,No_rain
16696,G50_20180619_130400,G50,2018/06/19,13:04:00,G50_20180619_130400.wav,San Rafael,Area proteccion embalse EPM,6.3721,-74.9879,1273,Forest,0,0,No_rain
16697,G50_20180619_132000,G50,2018/06/19,13:20:00,G50_20180619_132000.wav,San Rafael,Area proteccion embalse EPM,6.3721,-74.9879,1273,Forest,0,0,No_rain
16698,G50_20180619_133600,G50,2018/06/19,13:36:00,G50_20180619_133600.wav,San Rafael,Area proteccion embalse EPM,6.3721,-74.9879,1273,Forest,0,0,No_rain
16699,G50_20180619_135200,G50,2018/06/19,13:52:00,G50_20180619_135200.wav,San Rafael,Area proteccion embalse EPM,6.3721,-74.9879,1273,Forest,0,0,No_rain
16700,G50_20180619_140800,G50,2018/06/19,14:08:00,G50_20180619_140800.wav,San Rafael,Area proteccion embalse EPM,6.3721,-74.9879,1273,Forest,0,0,No_rain
16701,G50_20180619_142400,G50,2018/06/19,14:24:00,G50_20180619_142400.wav,San Rafael,Area proteccion embalse EPM,6.3721,-74.9879,1273,Forest,0,0,No_rain
16702,G50_20180619_144000,G50,2018/06/19,14:40:00,G50_20180619_144000.wav,San Rafael,Area proteccion embalse EPM,6.3721,-74.9879,1273,Forest,0,0,No_rain
16703,G50_20180619_145600,G50,2018/06/19,14:56:00,G50_20180619_145600.wav,San Rafael,Area proteccion embalse EPM,6.3721,-74.9879,1273,Forest,0,0,No_rain
16704,G50_20180619_151200,G50,2018/06/19,15:12:00,G50_20180619_151200.wav,San Rafael,Area proteccion embalse EPM,6.3721,-74.9879,1273,Forest,0,0,No_rain
16705,G50_20180619_152800,G50,2018/06/19,15:28:00,G50_20180619_152800.wav,San Rafael,Area proteccion embalse EPM,6.3721,-74.9879,1273,Forest,0,0,No_rain
16706,G50_20180619_154400,G50,2018/06/19,15:44:00,G50_20180619_154400.wav,San Rafael,Area proteccion embalse EPM,6.3721,-74.9879,1273,Forest,0,0,No_rain
16707,G50_20180619_160000,G50,2018/06/19,16:00:00,G50_20180619_160000.wav,San Rafael,Area proteccion embalse EPM,6.3721,-74.9879,1273,Forest,0,0,No_rain
16708,G50_20180619_161600,G50,2018/06/19,16:16:00,G50_20180619_161600.wav,San Rafael,Area proteccion embalse EPM,6.3721,-74.9879,1273,Forest,0,0,No_rain
16709,G50_20180619_163200,G50,2018/06/19,16:32:00,G50_20180619_163200.wav,San Rafael,Area proteccion embalse EPM,6.3721,-74.9879,1273,Forest,0,0,No_rain
16710,G50_20180619_164800,G50,2018/06/19,16:48:00,G50_20180619_164800.wav,San Rafael,Area proteccion embalse EPM,6.3721,-74.9879,1273,Forest,0,0,No_rain
16711,G50_20180619_200000,G50,2018/06/19,20:00:00,G50_20180619_200000.wav,San Rafael,Area proteccion embalse EPM,6.3721,-74.9879,1273,Forest,0,0,No_rain
16712,G50_20180619_201600,G50,2018/06/19,20:16:00,G50_20180619_201600.wav,San Rafael,Area proteccion embalse EPM,6.3721,-74.9879,1273,Forest,0,0,No_rain
16713,G50_20180619_203200,G50,2018/06/19,20:32:00,G50_20180619_203200.wav,San Rafael,Area proteccion embalse EPM,6.3721,-74.9879,1273,Forest,0,0,No_rain
16714,G50_20180619_204800,G50,2018/06/19,20:48:00,G50_20180619_204800.wav,San Rafael,Area proteccion embalse EPM,6.3721,-74.9879,1273,Forest,0,0,No_rain
16715,G50_20180619_210400,G50,2018/06/19,21:04:00,G50_20180619_210400.wav,San Rafael,Area proteccion embalse EPM,6.3721,-74.9879,1273,Forest,0,0,No_rain
16716,G50_20180619_212000,G50,2018/06/19,21:20:00,G50_20180619_212000.wav,San Rafael,Area proteccion embalse EPM,6.3721,-74.9879,1273,Forest,0,0,No_rain
16717,G50_20180619_213600,G50,2018/06/19,21:36:00,G50_20180619_213600.wav,San Rafael,Area proteccion embalse EPM,6.3721,-74.9879,1273,Forest,1,1,Light
16718,G50_20180619_215200,G50,2018/06/19,21:52:00,G50_20180619_215200.wav,San Rafael,Area proteccion embalse EPM,6.3721,-74.9879,1273,Forest,0,0,No_rain
16719,G50_20180619_220800,G50,2018/06/19,22:08:00,G50_20180619_220800.wav,San Rafael,Area proteccion embalse EPM,6.3721,-74.9879,1273,Forest,0,0,No_rain
16720,G50_20180619_222400,G50,2018/06/19,22:24:00,G50_20180619_222400.wav,San Rafael,Area proteccion embalse EPM,6.3721,-74.9879,1273,Forest,0,0,No_rain
16721,G50_20180619_224000,G50,2018/06/19,22:40:00,G50_20180619_224000.wav,San Rafael,Area proteccion embalse EPM,6.3721,-74.9879,1273,Forest,0,0,No_rain
16722,G50_20180619_225600,G50,2018/06/19,22:56:00,G50_20180619_225600.wav,San Rafael,Area proteccion embalse EPM,6.3721,-74.9879,1273,Forest,0,0,No_rain
16723,G50_20180619_231200,G50,2018/06/19,23:12:00,G50_20180619_231200.wav,San Rafael,Area proteccion embalse EPM,6.3721,-74.9879,1273,Forest,0,0,No_rain
16724,G50_20180619_232800,G50,2018/06/19,23:28:00,G50_20180619_232800.wav,San Rafael,Area proteccion embalse EPM,6.3721,-74.9879,1273,Forest,0,0,No_rain
16725,G50_20180619_234400,G50,2018/06/19,23:44:00,G50_20180619_234400.wav,San Rafael,Area proteccion embalse EPM,6.3721,-74.9879,1273,Forest,0,0,No_rain
16726,G50_20180620_000000,G50,2018/06/20,00:00:00,G50_20180620_000000.wav,San Rafael,Area proteccion embalse EPM,6.3721,-74.9879,1273,Forest,0,0,No_rain
16727,G50_20180620_001600,G50,2018/06/20,00:16:00,G50_20180620_001600.wav,San Rafael,Area proteccion embalse EPM,6.3721,-74.9879,1273,Forest,0,0,No_rain
16728,G50_20180620_003200,G50,2018/06/20,00:32:00,G50_20180620_003200.wav,San Rafael,Area proteccion embalse EPM,6.3721,-74.9879,1273,Forest,0,0,No_rain
16729,G50_20180620_004800,G50,2018/06/20,00:48:00,G50_20180620_004800.wav,San Rafael,Area proteccion embalse EPM,6.3721,-74.9879,1273,Forest,1,2,Moderate
16730,G50_20180620_010400,G50,2018/06/20,01:04:00,G50_20180620_010400.wav,San Rafael,Area proteccion embalse EPM,6.3721,-74.9879,1273,Forest,1,3,Heavy
16731,G50_20180620_012000,G50,2018/06/20,01:20:00,G50_20180620_012000.wav,San Rafael,Area proteccion embalse EPM,6.3721,-74.9879,1273,Forest,1,1,Light
16732,G50_20180620_013600,G50,2018/06/20,01:36:00,G50_20180620_013600.wav,San Rafael,Area proteccion embalse EPM,6.3721,-74.9879,1273,Forest,1,1,Light
16733,G50_20180620_015200,G50,2018/06/20,01:52:00,G50_20180620_015200.wav,San Rafael,Area proteccion embalse EPM,6.3721,-74.9879,1273,Forest,1,2,Moderate
16734,G50_20180620_020800,G50,2018/06/20,02:08:00,G50_20180620_020800.wav,San Rafael,Area proteccion embalse EPM,6.3721,-74.9879,1273,Forest,1,2,Moderate
16735,G50_20180620_022400,G50,2018/06/20,02:24:00,G50_20180620_022400.wav,San Rafael,Area proteccion embalse EPM,6.3721,-74.9879,1273,Forest,1,1,Light
16736,G50_20180620_024000,G50,2018/06/20,02:40:00,G50_20180620_024000.wav,San Rafael,Area proteccion embalse EPM,6.3721,-74.9879,1273,Forest,1,1,Light
16737,G50_20180620_025600,G50,2018/06/20,02:56:00,G50_20180620_025600.wav,San Rafael,Area proteccion embalse EPM,6.3721,-74.9879,1273,Forest,1,1,Light
16738,G50_20180620_031200,G50,2018/06/20,03:12:00,G50_20180620_031200.wav,San Rafael,Area proteccion embalse EPM,6.3721,-74.9879,1273,Forest,1,1,Light
16739,G50_20180620_032800,G50,2018/06/20,03:28:00,G50_20180620_032800.wav,San Rafael,Area proteccion embalse EPM,6.3721,-74.9879,1273,Forest,0,0,No_rain
16740,G50_20180620_034400,G50,2018/06/20,03:44:00,G50_20180620_034400.wav,San Rafael,Area proteccion embalse EPM,6.3721,-74.9879,1273,Forest,0,0,No_rain
16741,G50_20180620_040000,G50,2018/06/20,04:00:00,G50_20180620_040000.wav,San Rafael,Area proteccion embalse EPM,6.3721,-74.9879,1273,Forest,0,0,No_rain
16742,G50_20180620_041600,G50,2018/06/20,04:16:00,G50_20180620_041600.wav,San Rafael,Area proteccion embalse EPM,6.3721,-74.9879,1273,Forest,1,1,Light
16743,G50_20180620_043200,G50,2018/06/20,04:32:00,G50_20180620_043200.wav,San Rafael,Area proteccion embalse EPM,6.3721,-74.9879,1273,Forest,1,1,Light
16744,G50_20180620_044800,G50,2018/06/20,04:48:00,G50_20180620_044800.wav,San Rafael,Area proteccion embalse EPM,6.3721,-74.9879,1273,Forest,0,0,No_rain
16745,G50_20180620_080000,G50,2018/06/20,08:00:00,G50_20180620_080000.wav,San Rafael,Area proteccion embalse EPM,6.3721,-74.9879,1273,Forest,0,0,No_rain
16746,G50_20180620_081600,G50,2018/06/20,08:16:00,G50_20180620_081600.wav,San Rafael,Area proteccion embalse EPM,6.3721,-74.9879,1273,Forest,0,0,No_rain
16747,G50_20180620_083200,G50,2018/06/20,08:32:00,G50_20180620_083200.wav,San Rafael,Area proteccion embalse EPM,6.3721,-74.9879,1273,Forest,0,0,No_rain
16748,G50_20180620_084800,G50,2018/06/20,08:48:00,G50_20180620_084800.wav,San Rafael,Area proteccion embalse EPM,6.3721,-74.9879,1273,Forest,0,0,No_rain
16749,G50_20180620_090400,G50,2018/06/20,09:04:00,G50_20180620_090400.wav,San Rafael,Area proteccion embalse EPM,6.3721,-74.9879,1273,Forest,0,0,No_rain
16750,G50_20180620_092000,G50,2018/06/20,09:20:00,G50_20180620_092000.wav,San Rafael,Area proteccion embalse EPM,6.3721,-74.9879,1273,Forest,0,0,No_rain
16751,G50_20180620_093600,G50,2018/06/20,09:36:00,G50_20180620_093600.wav,San Rafael,Area proteccion embalse EPM,6.3721,-74.9879,1273,Forest,0,0,No_rain
16752,G50_20180620_095200,G50,2018/06/20,09:52:00,G50_20180620_095200.wav,San Rafael,Area proteccion embalse EPM,6.3721,-74.9879,1273,Forest,0,0,No_rain
16753,G50_20180620_100800,G50,2018/06/20,10:08:00,G50_20180620_100800.wav,San Rafael,Area proteccion embalse EPM,6.3721,-74.9879,1273,Forest,0,0,No_rain
16754,G50_20180620_102400,G50,2018/06/20,10:24:00,G50_20180620_102400.wav,San Rafael,Area proteccion embalse EPM,6.3721,-74.9879,1273,Forest,0,0,No_rain
16755,G50_20180620_104000,G50,2018/06/20,10:40:00,G50_20180620_104000.wav,San Rafael,Area proteccion embalse EPM,6.3721,-74.9879,1273,Forest,0,0,No_rain
16756,G50_20180620_105600,G50,2018/06/20,10:56:00,G50_20180620_105600.wav,San Rafael,Area proteccion embalse EPM,6.3721,-74.9879,1273,Forest,0,0,No_rain
16757,G50_20180620_111200,G50,2018/06/20,11:12:00,G50_20180620_111200.wav,San Rafael,Area proteccion embalse EPM,6.3721,-74.9879,1273,Forest,0,0,No_rain
16758,G50_20180620_112800,G50,2018/06/20,11:28:00,G50_20180620_112800.wav,San Rafael,Area proteccion embalse EPM,6.3721,-74.9879,1273,Forest,0,0,No_rain
16759,G50_20180620_114400,G50,2018/06/20,11:44:00,G50_20180620_114400.wav,San Rafael,Area proteccion embalse EPM,6.3721,-74.9879,1273,Forest,0,0,No_rain
16760,G50_20180620_120000,G50,2018/06/20,12:00:00,G50_20180620_120000.wav,San Rafael,Area proteccion embalse EPM,6.3721,-74.9879,1273,Forest,0,0,No_rain
16761,G50_20180620_121600,G50,2018/06/20,12:16:00,G50_20180620_121600.wav,San Rafael,Area proteccion embalse EPM,6.3721,-74.9879,1273,Forest,0,0,No_rain
16762,G50_20180620_123200,G50,2018/06/20,12:32:00,G50_20180620_123200.wav,San Rafael,Area proteccion embalse EPM,6.3721,-74.9879,1273,Forest,0,0,No_rain
16763,G50_20180620_124800,G50,2018/06/20,12:48:00,G50_20180620_124800.wav,San Rafael,Area proteccion embalse EPM,6.3721,-74.9879,1273,Forest,0,0,No_rain
16764,G50_20180620_130400,G50,2018/06/20,13:04:00,G50_20180620_130400.wav,San Rafael,Area proteccion embalse EPM,6.3721,-74.9879,1273,Forest,0,0,No_rain
16765,G50_20180620_132000,G50,2018/06/20,13:20:00,G50_20180620_132000.wav,San Rafael,Area proteccion embalse EPM,6.3721,-74.9879,1273,Forest,0,0,No_rain
16766,G50_20180620_133600,G50,2018/06/20,13:36:00,G50_20180620_133600.wav,San Rafael,Area proteccion embalse EPM,6.3721,-74.9879,1273,Forest,0,0,No_rain
16767,G50_20180620_135200,G50,2018/06/20,13:52:00,G50_20180620_135200.wav,San Rafael,Area proteccion embalse EPM,6.3721,-74.9879,1273,Forest,0,0,No_rain
16768,G50_20180620_140800,G50,2018/06/20,14:08:00,G50_20180620_140800.wav,San Rafael,Area proteccion embalse EPM,6.3721,-74.9879,1273,Forest,0,0,No_rain
16769,G50_20180620_142400,G50,2018/06/20,14:24:00,G50_20180620_142400.wav,San Rafael,Area proteccion embalse EPM,6.3721,-74.9879,1273,Forest,0,0,No_rain
16770,G50_20180620_144000,G50,2018/06/20,14:40:00,G50_20180620_144000.wav,San Rafael,Area proteccion embalse EPM,6.3721,-74.9879,1273,Forest,0,0,No_rain
16771,G50_20180620_145600,G50,2018/06/20,14:56:00,G50_20180620_145600.wav,San Rafael,Area proteccion embalse EPM,6.3721,-74.9879,1273,Forest,0,0,No_rain
16772,G50_20180620_151200,G50,2018/06/20,15:12:00,G50_20180620_151200.wav,San Rafael,Area proteccion embalse EPM,6.3721,-74.9879,1273,Forest,0,0,No_rain
16773,G50_20180620_152800,G50,2018/06/20,15:28:00,G50_20180620_152800.wav,San Rafael,Area proteccion embalse EPM,6.3721,-74.9879,1273,Forest,0,0,No_rain
16774,G50_20180620_154400,G50,2018/06/20,15:44:00,G50_20180620_154400.wav,San Rafael,Area proteccion embalse EPM,6.3721,-74.9879,1273,Forest,0,0,No_rain
16775,G50_20180620_160000,G50,2018/06/20,16:00:00,G50_20180620_160000.wav,San Rafael,Area proteccion embalse EPM,6.3721,-74.9879,1273,Forest,0,0,No_rain
16776,G50_20180620_161600,G50,2018/06/20,16:16:00,G50_20180620_161600.wav,San Rafael,Area proteccion embalse EPM,6.3721,-74.9879,1273,Forest,0,0,No_rain
16777,G50_20180620_163200,G50,2018/06/20,16:32:00,G50_20180620_163200.wav,San Rafael,Area proteccion embalse EPM,6.3721,-74.9879,1273,Forest,0,0,No_rain
16778,G50_20180620_164800,G50,2018/06/20,16:48:00,G50_20180620_164800.wav,San Rafael,Area proteccion embalse EPM,6.3721,-74.9879,1273,Forest,0,0,No_rain
16779,G50_20180620_200000,G50,2018/06/20,20:00:00,G50_20180620_200000.wav,San Rafael,Area proteccion embalse EPM,6.3721,-74.9879,1273,Forest,0,0,No_rain
16780,G50_20180620_201600,G50,2018/06/20,20:16:00,G50_20180620_201600.wav,San Rafael,Area proteccion embalse EPM,6.3721,-74.9879,1273,Forest,0,0,No_rain
16781,G50_20180620_203200,G50,2018/06/20,20:32:00,G50_20180620_203200.wav,San Rafael,Area proteccion embalse EPM,6.3721,-74.9879,1273,Forest,0,0,No_rain
16782,G50_20180620_204800,G50,2018/06/20,20:48:00,G50_20180620_204800.wav,San Rafael,Area proteccion embalse EPM,6.3721,-74.9879,1273,Forest,0,0,No_rain
16783,G50_20180620_210400,G50,2018/06/20,21:04:00,G50_20180620_210400.wav,San Rafael,Area proteccion embalse EPM,6.3721,-74.9879,1273,Forest,0,0,No_rain
16784,G50_20180620_212000,G50,2018/06/20,21:20:00,G50_20180620_212000.wav,San Rafael,Area proteccion embalse EPM,6.3721,-74.9879,1273,Forest,0,0,No_rain
16785,G50_20180620_213600,G50,2018/06/20,21:36:00,G50_20180620_213600.wav,San Rafael,Area proteccion embalse EPM,6.3721,-74.9879,1273,Forest,0,0,No_rain
16786,G50_20180620_215200,G50,2018/06/20,21:52:00,G50_20180620_215200.wav,San Rafael,Area proteccion embalse EPM,6.3721,-74.9879,1273,Forest,1,1,Light
16787,G50_20180620_220800,G50,2018/06/20,22:08:00,G50_20180620_220800.wav,San Rafael,Area proteccion embalse EPM,6.3721,-74.9879,1273,Forest,1,1,Light
16788,G50_20180620_222400,G50,2018/06/20,22:24:00,G50_20180620_222400.wav,San Rafael,Area proteccion embalse EPM,6.3721,-74.9879,1273,Forest,1,1,Light
16789,G50_20180620_224000,G50,2018/06/20,22:40:00,G50_20180620_224000.wav,San Rafael,Area proteccion embalse EPM,6.3721,-74.9879,1273,Forest,0,0,No_rain
16790,G50_20180620_225600,G50,2018/06/20,22:56:00,G50_20180620_225600.wav,San Rafael,Area proteccion embalse EPM,6.3721,-74.9879,1273,Forest,1,1,Light
16791,G50_20180620_231200,G50,2018/06/20,23:12:00,G50_20180620_231200.wav,San Rafael,Area proteccion embalse EPM,6.3721,-74.9879,1273,Forest,0,0,No_rain
16792,G50_20180620_232800,G50,2018/06/20,23:28:00,G50_20180620_232800.wav,San Rafael,Area proteccion embalse EPM,6.3721,-74.9879,1273,Forest,0,0,No_rain
16793,G50_20180620_234400,G50,2018/06/20,23:44:00,G50_20180620_234400.wav,San Rafael,Area proteccion embalse EPM,6.3721,-74.9879,1273,Forest,0,0,No_rain
16794,G50_20180621_000000,G50,2018/06/21,00:00:00,G50_20180621_000000.wav,San Rafael,Area proteccion embalse EPM,6.3721,-74.9879,1273,Forest,0,0,No_rain
16795,G50_20180621_001600,G50,2018/06/21,00:16:00,G50_20180621_001600.wav,San Rafael,Area proteccion embalse EPM,6.3721,-74.9879,1273,Forest,0,0,No_rain
16796,G50_20180621_003200,G50,2018/06/21,00:32:00,G50_20180621_003200.wav,San Rafael,Area proteccion embalse EPM,6.3721,-74.9879,1273,Forest,1,1,Light
16797,G50_20180621_004800,G50,2018/06/21,00:48:00,G50_20180621_004800.wav,San Rafael,Area proteccion embalse EPM,6.3721,-74.9879,1273,Forest,1,1,Light
16798,G50_20180621_010400,G50,2018/06/21,01:04:00,G50_20180621_010400.wav,San Rafael,Area proteccion embalse EPM,6.3721,-74.9879,1273,Forest,1,1,Light
16799,G50_20180621_012000,G50,2018/06/21,01:20:00,G50_20180621_012000.wav,San Rafael,Area proteccion embalse EPM,6.3721,-74.9879,1273,Forest,1,1,Light
16800,G50_20180621_013600,G50,2018/06/21,01:36:00,G50_20180621_013600.wav,San Rafael,Area proteccion embalse EPM,6.3721,-74.9879,1273,Forest,1,1,Light
16801,G50_20180621_015200,G50,2018/06/21,01:52:00,G50_20180621_015200.wav,San Rafael,Area proteccion embalse EPM,6.3721,-74.9879,1273,Forest,0,0,No_rain
16802,G50_20180621_020800,G50,2018/06/21,02:08:00,G50_20180621_020800.wav,San Rafael,Area proteccion embalse EPM,6.3721,-74.9879,1273,Forest,0,0,No_rain
16803,G50_20180621_022400,G50,2018/06/21,02:24:00,G50_20180621_022400.wav,San Rafael,Area proteccion embalse EPM,6.3721,-74.9879,1273,Forest,0,0,No_rain
16804,G50_20180621_024000,G50,2018/06/21,02:40:00,G50_20180621_024000.wav,San Rafael,Area proteccion embalse EPM,6.3721,-74.9879,1273,Forest,0,0,No_rain
16805,G50_20180621_025600,G50,2018/06/21,02:56:00,G50_20180621_025600.wav,San Rafael,Area proteccion embalse EPM,6.3721,-74.9879,1273,Forest,0,0,No_rain
16806,G50_20180621_031200,G50,2018/06/21,03:12:00,G50_20180621_031200.wav,San Rafael,Area proteccion embalse EPM,6.3721,-74.9879,1273,Forest,0,0,No_rain
16807,G50_20180621_032800,G50,2018/06/21,03:28:00,G50_20180621_032800.wav,San Rafael,Area proteccion embalse EPM,6.3721,-74.9879,1273,Forest,0,0,No_rain
16808,G50_20180621_034400,G50,2018/06/21,03:44:00,G50_20180621_034400.wav,San Rafael,Area proteccion embalse EPM,6.3721,-74.9879,1273,Forest,0,0,No_rain
16809,G50_20180621_040000,G50,2018/06/21,04:00:00,G50_20180621_040000.wav,San Rafael,Area proteccion embalse EPM,6.3721,-74.9879,1273,Forest,0,0,No_rain
16810,G50_20180621_041600,G50,2018/06/21,04:16:00,G50_20180621_041600.wav,San Rafael,Area proteccion embalse EPM,6.3721,-74.9879,1273,Forest,0,0,No_rain
16811,G50_20180621_043200,G50,2018/06/21,04:32:00,G50_20180621_043200.wav,San Rafael,Area proteccion embalse EPM,6.3721,-74.9879,1273,Forest,0,0,No_rain
16812,G50_20180621_044800,G50,2018/06/21,04:48:00,G50_20180621_044800.wav,San Rafael,Area proteccion embalse EPM,6.3721,-74.9879,1273,Forest,0,0,No_rain
16813,G50_20180621_080000,G50,2018/06/21,08:00:00,G50_20180621_080000.wav,San Rafael,Area proteccion embalse EPM,6.3721,-74.9879,1273,Forest,0,0,No_rain
16814,G50_20180621_081600,G50,2018/06/21,08:16:00,G50_20180621_081600.wav,San Rafael,Area proteccion embalse EPM,6.3721,-74.9879,1273,Forest,0,0,No_rain
16815,G50_20180621_083200,G50,2018/06/21,08:32:00,G50_20180621_083200.wav,San Rafael,Area proteccion embalse EPM,6.3721,-74.9879,1273,Forest,0,0,No_rain
16816,G50_20180621_084800,G50,2018/06/21,08:48:00,G50_20180621_084800.wav,San Rafael,Area proteccion embalse EPM,6.3721,-74.9879,1273,Forest,0,0,No_rain
16817,G50_20180621_090400,G50,2018/06/21,09:04:00,G50_20180621_090400.wav,San Rafael,Area proteccion embalse EPM,6.3721,-74.9879,1273,Forest,0,0,No_rain
16818,G50_20180621_092000,G50,2018/06/21,09:20:00,G50_20180621_092000.wav,San Rafael,Area proteccion embalse EPM,6.3721,-74.9879,1273,Forest,0,0,No_rain
16819,G50_20180621_093600,G50,2018/06/21,09:36:00,G50_20180621_093600.wav,San Rafael,Area proteccion embalse EPM,6.3721,-74.9879,1273,Forest,0,0,No_rain
16820,G50_20180621_095200,G50,2018/06/21,09:52:00,G50_20180621_095200.wav,San Rafael,Area proteccion embalse EPM,6.3721,-74.9879,1273,Forest,0,0,No_rain
16821,G50_20180621_100800,G50,2018/06/21,10:08:00,G50_20180621_100800.wav,San Rafael,Area proteccion embalse EPM,6.3721,-74.9879,1273,Forest,0,0,No_rain
16822,G50_20180621_102400,G50,2018/06/21,10:24:00,G50_20180621_102400.wav,San Rafael,Area proteccion embalse EPM,6.3721,-74.9879,1273,Forest,0,0,No_rain
16823,G50_20180621_104000,G50,2018/06/21,10:40:00,G50_20180621_104000.wav,San Rafael,Area proteccion embalse EPM,6.3721,-74.9879,1273,Forest,0,0,No_rain
16824,G50_20180621_105600,G50,2018/06/21,10:56:00,G50_20180621_105600.wav,San Rafael,Area proteccion embalse EPM,6.3721,-74.9879,1273,Forest,0,0,No_rain
16825,G50_20180621_111200,G50,2018/06/21,11:12:00,G50_20180621_111200.wav,San Rafael,Area proteccion embalse EPM,6.3721,-74.9879,1273,Forest,0,0,No_rain
16826,G50_20180621_112800,G50,2018/06/21,11:28:00,G50_20180621_112800.wav,San Rafael,Area proteccion embalse EPM,6.3721,-74.9879,1273,Forest,0,0,No_rain
16827,G50_20180621_114400,G50,2018/06/21,11:44:00,G50_20180621_114400.wav,San Rafael,Area proteccion embalse EPM,6.3721,-74.9879,1273,Forest,0,0,No_rain
16828,G50_20180621_120000,G50,2018/06/21,12:00:00,G50_20180621_120000.wav,San Rafael,Area proteccion embalse EPM,6.3721,-74.9879,1273,Forest,0,0,No_rain
16829,G50_20180621_121600,G50,2018/06/21,12:16:00,G50_20180621_121600.wav,San Rafael,Area proteccion embalse EPM,6.3721,-74.9879,1273,Forest,0,0,No_rain
16830,G50_20180621_123200,G50,2018/06/21,12:32:00,G50_20180621_123200.wav,San Rafael,Area proteccion embalse EPM,6.3721,-74.9879,1273,Forest,0,0,No_rain
16831,G50_20180621_124800,G50,2018/06/21,12:48:00,G50_20180621_124800.wav,San Rafael,Area proteccion embalse EPM,6.3721,-74.9879,1273,Forest,0,0,No_rain
16832,G50_20180621_130400,G50,2018/06/21,13:04:00,G50_20180621_130400.wav,San Rafael,Area proteccion embalse EPM,6.3721,-74.9879,1273,Forest,0,0,No_rain
16833,G50_20180621_132000,G50,2018/06/21,13:20:00,G50_20180621_132000.wav,San Rafael,Area proteccion embalse EPM,6.3721,-74.9879,1273,Forest,0,0,No_rain
16834,G50_20180621_133600,G50,2018/06/21,13:36:00,G50_20180621_133600.wav,San Rafael,Area proteccion embalse EPM,6.3721,-74.9879,1273,Forest,0,0,No_rain
16835,G50_20180621_135200,G50,2018/06/21,13:52:00,G50_20180621_135200.wav,San Rafael,Area proteccion embalse EPM,6.3721,-74.9879,1273,Forest,0,0,No_rain
16836,G50_20180621_140800,G50,2018/06/21,14:08:00,G50_20180621_140800.wav,San Rafael,Area proteccion embalse EPM,6.3721,-74.9879,1273,Forest,0,0,No_rain
16837,G50_20180621_142400,G50,2018/06/21,14:24:00,G50_20180621_142400.wav,San Rafael,Area proteccion embalse EPM,6.3721,-74.9879,1273,Forest,0,0,No_rain
16838,G50_20180621_144000,G50,2018/06/21,14:40:00,G50_20180621_144000.wav,San Rafael,Area proteccion embalse EPM,6.3721,-74.9879,1273,Forest,0,0,No_rain
16839,G50_20180621_145600,G50,2018/06/21,14:56:00,G50_20180621_145600.wav,San Rafael,Area proteccion embalse EPM,6.3721,-74.9879,1273,Forest,0,0,No_rain
16840,G50_20180621_151200,G50,2018/06/21,15:12:00,G50_20180621_151200.wav,San Rafael,Area proteccion embalse EPM,6.3721,-74.9879,1273,Forest,0,0,No_rain
16841,G50_20180621_152800,G50,2018/06/21,15:28:00,G50_20180621_152800.wav,San Rafael,Area proteccion embalse EPM,6.3721,-74.9879,1273,Forest,0,0,No_rain
16842,G50_20180621_154400,G50,2018/06/21,15:44:00,G50_20180621_154400.wav,San Rafael,Area proteccion embalse EPM,6.3721,-74.9879,1273,Forest,0,0,No_rain
16843,G50_20180621_160000,G50,2018/06/21,16:00:00,G50_20180621_160000.wav,San Rafael,Area proteccion embalse EPM,6.3721,-74.9879,1273,Forest,0,0,No_rain
16844,G50_20180621_161600,G50,2018/06/21,16:16:00,G50_20180621_161600.wav,San Rafael,Area proteccion embalse EPM,6.3721,-74.9879,1273,Forest,0,0,No_rain
16845,G50_20180621_163200,G50,2018/06/21,16:32:00,G50_20180621_163200.wav,San Rafael,Area proteccion embalse EPM,6.3721,-74.9879,1273,Forest,0,0,No_rain
16846,G50_20180621_164800,G50,2018/06/21,16:48:00,G50_20180621_164800.wav,San Rafael,Area proteccion embalse EPM,6.3721,-74.9879,1273,Forest,0,0,No_rain
16847,G50_20180621_200000,G50,2018/06/21,20:00:00,G50_20180621_200000.wav,San Rafael,Area proteccion embalse EPM,6.3721,-74.9879,1273,Forest,0,0,No_rain
16848,G50_20180621_201600,G50,2018/06/21,20:16:00,G50_20180621_201600.wav,San Rafael,Area proteccion embalse EPM,6.3721,-74.9879,1273,Forest,0,0,No_rain
16849,G50_20180621_203200,G50,2018/06/21,20:32:00,G50_20180621_203200.wav,San Rafael,Area proteccion embalse EPM,6.3721,-74.9879,1273,Forest,0,0,No_rain
16850,G50_20180621_204800,G50,2018/06/21,20:48:00,G50_20180621_204800.wav,San Rafael,Area proteccion embalse EPM,6.3721,-74.9879,1273,Forest,0,0,No_rain
16851,G50_20180621_210400,G50,2018/06/21,21:04:00,G50_20180621_210400.wav,San Rafael,Area proteccion embalse EPM,6.3721,-74.9879,1273,Forest,1,3,Heavy
16852,G50_20180621_212000,G50,2018/06/21,21:20:00,G50_20180621_212000.wav,San Rafael,Area proteccion embalse EPM,6.3721,-74.9879,1273,Forest,1,3,Heavy
16853,G50_20180621_213600,G50,2018/06/21,21:36:00,G50_20180621_213600.wav,San Rafael,Area proteccion embalse EPM,6.3721,-74.9879,1273,Forest,1,2,Moderate
16854,G50_20180621_215200,G50,2018/06/21,21:52:00,G50_20180621_215200.wav,San Rafael,Area proteccion embalse EPM,6.3721,-74.9879,1273,Forest,1,2,Moderate
16855,G50_20180621_220800,G50,2018/06/21,22:08:00,G50_20180621_220800.wav,San Rafael,Area proteccion embalse EPM,6.3721,-74.9879,1273,Forest,1,2,Moderate
16856,G50_20180621_222400,G50,2018/06/21,22:24:00,G50_20180621_222400.wav,San Rafael,Area proteccion embalse EPM,6.3721,-74.9879,1273,Forest,1,1,Light
16857,G50_20180621_224000,G50,2018/06/21,22:40:00,G50_20180621_224000.wav,San Rafael,Area proteccion embalse EPM,6.3721,-74.9879,1273,Forest,1,1,Light
16858,G50_20180621_225600,G50,2018/06/21,22:56:00,G50_20180621_225600.wav,San Rafael,Area proteccion embalse EPM,6.3721,-74.9879,1273,Forest,1,1,Light
16859,G50_20180621_231200,G50,2018/06/21,23:12:00,G50_20180621_231200.wav,San Rafael,Area proteccion embalse EPM,6.3721,-74.9879,1273,Forest,1,1,Light
16860,G50_20180621_232800,G50,2018/06/21,23:28:00,G50_20180621_232800.wav,San Rafael,Area proteccion embalse EPM,6.3721,-74.9879,1273,Forest,1,1,Light
16861,G50_20180621_234400,G50,2018/06/21,23:44:00,G50_20180621_234400.wav,San Rafael,Area proteccion embalse EPM,6.3721,-74.9879,1273,Forest,1,1,Light
16862,G50_20180622_000000,G50,2018/06/22,00:00:00,G50_20180622_000000.wav,San Rafael,Area proteccion embalse EPM,6.3721,-74.9879,1273,Forest,1,1,Light
16863,G50_20180622_001600,G50,2018/06/22,00:16:00,G50_20180622_001600.wav,San Rafael,Area proteccion embalse EPM,6.3721,-74.9879,1273,Forest,1,1,Light
16864,G50_20180622_003200,G50,2018/06/22,00:32:00,G50_20180622_003200.wav,San Rafael,Area proteccion embalse EPM,6.3721,-74.9879,1273,Forest,1,1,Light
16865,G50_20180622_004800,G50,2018/06/22,00:48:00,G50_20180622_004800.wav,San Rafael,Area proteccion embalse EPM,6.3721,-74.9879,1273,Forest,1,1,Light
16866,G50_20180622_010400,G50,2018/06/22,01:04:00,G50_20180622_010400.wav,San Rafael,Area proteccion embalse EPM,6.3721,-74.9879,1273,Forest,1,1,Light
16867,G50_20180622_012000,G50,2018/06/22,01:20:00,G50_20180622_012000.wav,San Rafael,Area proteccion embalse EPM,6.3721,-74.9879,1273,Forest,0,0,No_rain
16868,G50_20180622_013600,G50,2018/06/22,01:36:00,G50_20180622_013600.wav,San Rafael,Area proteccion embalse EPM,6.3721,-74.9879,1273,Forest,1,2,Moderate
16869,G50_20180622_015200,G50,2018/06/22,01:52:00,G50_20180622_015200.wav,San Rafael,Area proteccion embalse EPM,6.3721,-74.9879,1273,Forest,1,1,Light
16870,G50_20180622_020800,G50,2018/06/22,02:08:00,G50_20180622_020800.wav,San Rafael,Area proteccion embalse EPM,6.3721,-74.9879,1273,Forest,1,1,Light
16871,G50_20180622_022400,G50,2018/06/22,02:24:00,G50_20180622_022400.wav,San Rafael,Area proteccion embalse EPM,6.3721,-74.9879,1273,Forest,1,1,Light
16872,G50_20180622_024000,G50,2018/06/22,02:40:00,G50_20180622_024000.wav,San Rafael,Area proteccion embalse EPM,6.3721,-74.9879,1273,Forest,1,1,Light
16873,G50_20180622_025600,G50,2018/06/22,02:56:00,G50_20180622_025600.wav,San Rafael,Area proteccion embalse EPM,6.3721,-74.9879,1273,Forest,1,1,Light
16874,G50_20180622_031200,G50,2018/06/22,03:12:00,G50_20180622_031200.wav,San Rafael,Area proteccion embalse EPM,6.3721,-74.9879,1273,Forest,1,1,Light
16875,G50_20180622_032800,G50,2018/06/22,03:28:00,G50_20180622_032800.wav,San Rafael,Area proteccion embalse EPM,6.3721,-74.9879,1273,Forest,1,1,Light
16876,G50_20180622_034400,G50,2018/06/22,03:44:00,G50_20180622_034400.wav,San Rafael,Area proteccion embalse EPM,6.3721,-74.9879,1273,Forest,1,1,Light
16877,G50_20180622_040000,G50,2018/06/22,04:00:00,G50_20180622_040000.wav,San Rafael,Area proteccion embalse EPM,6.3721,-74.9879,1273,Forest,1,1,Light
16878,G50_20180622_041600,G50,2018/06/22,04:16:00,G50_20180622_041600.wav,San Rafael,Area proteccion embalse EPM,6.3721,-74.9879,1273,Forest,1,1,Light
16879,G50_20180622_043200,G50,2018/06/22,04:32:00,G50_20180622_043200.wav,San Rafael,Area proteccion embalse EPM,6.3721,-74.9879,1273,Forest,1,1,Light
16880,G50_20180622_044800,G50,2018/06/22,04:48:00,G50_20180622_044800.wav,San Rafael,Area proteccion embalse EPM,6.3721,-74.9879,1273,Forest,1,1,Light
16881,G50_20180622_080000,G50,2018/06/22,08:00:00,G50_20180622_080000.wav,San Rafael,Area proteccion embalse EPM,6.3721,-74.9879,1273,Forest,0,0,No_rain
16882,G50_20180622_081600,G50,2018/06/22,08:16:00,G50_20180622_081600.wav,San Rafael,Area proteccion embalse EPM,6.3721,-74.9879,1273,Forest,0,0,No_rain
16883,G50_20180622_083200,G50,2018/06/22,08:32:00,G50_20180622_083200.wav,San Rafael,Area proteccion embalse EPM,6.3721,-74.9879,1273,Forest,1,1,Light
16884,G50_20180622_084800,G50,2018/06/22,08:48:00,G50_20180622_084800.wav,San Rafael,Area proteccion embalse EPM,6.3721,-74.9879,1273,Forest,0,0,No_rain
16885,G50_20180622_090400,G50,2018/06/22,09:04:00,G50_20180622_090400.wav,San Rafael,Area proteccion embalse EPM,6.3721,-74.9879,1273,Forest,0,0,No_rain
16886,G50_20180622_092000,G50,2018/06/22,09:20:00,G50_20180622_092000.wav,San Rafael,Area proteccion embalse EPM,6.3721,-74.9879,1273,Forest,0,0,No_rain
16887,G50_20180622_093600,G50,2018/06/22,09:36:00,G50_20180622_093600.wav,San Rafael,Area proteccion embalse EPM,6.3721,-74.9879,1273,Forest,0,0,No_rain
16888,G50_20180622_095200,G50,2018/06/22,09:52:00,G50_20180622_095200.wav,San Rafael,Area proteccion embalse EPM,6.3721,-74.9879,1273,Forest,0,0,No_rain
16889,G50_20180622_100800,G50,2018/06/22,10:08:00,G50_20180622_100800.wav,San Rafael,Area proteccion embalse EPM,6.3721,-74.9879,1273,Forest,0,0,No_rain
16890,G50_20180622_102400,G50,2018/06/22,10:24:00,G50_20180622_102400.wav,San Rafael,Area proteccion embalse EPM,6.3721,-74.9879,1273,Forest,0,0,No_rain
16891,G50_20180622_104000,G50,2018/06/22,10:40:00,G50_20180622_104000.wav,San Rafael,Area proteccion embalse EPM,6.3721,-74.9879,1273,Forest,0,0,No_rain
16892,G50_20180622_105600,G50,2018/06/22,10:56:00,G50_20180622_105600.wav,San Rafael,Area proteccion embalse EPM,6.3721,-74.9879,1273,Forest,0,0,No_rain
16893,G50_20180622_111200,G50,2018/06/22,11:12:00,G50_20180622_111200.wav,San Rafael,Area proteccion embalse EPM,6.3721,-74.9879,1273,Forest,0,0,No_rain
16894,G50_20180622_112800,G50,2018/06/22,11:28:00,G50_20180622_112800.wav,San Rafael,Area proteccion embalse EPM,6.3721,-74.9879,1273,Forest,0,0,No_rain
16895,G50_20180622_114400,G50,2018/06/22,11:44:00,G50_20180622_114400.wav,San Rafael,Area proteccion embalse EPM,6.3721,-74.9879,1273,Forest,0,0,No_rain
16896,G50_20180622_120000,G50,2018/06/22,12:00:00,G50_20180622_120000.wav,San Rafael,Area proteccion embalse EPM,6.3721,-74.9879,1273,Forest,0,0,No_rain
16897,G50_20180622_121600,G50,2018/06/22,12:16:00,G50_20180622_121600.wav,San Rafael,Area proteccion embalse EPM,6.3721,-74.9879,1273,Forest,0,0,No_rain
16898,G50_20180622_123200,G50,2018/06/22,12:32:00,G50_20180622_123200.wav,San Rafael,Area proteccion embalse EPM,6.3721,-74.9879,1273,Forest,0,0,No_rain
16899,G50_20180622_124800,G50,2018/06/22,12:48:00,G50_20180622_124800.wav,San Rafael,Area proteccion embalse EPM,6.3721,-74.9879,1273,Forest,0,0,No_rain
16900,G50_20180622_130400,G50,2018/06/22,13:04:00,G50_20180622_130400.wav,San Rafael,Area proteccion embalse EPM,6.3721,-74.9879,1273,Forest,0,0,No_rain
16901,G50_20180622_132000,G50,2018/06/22,13:20:00,G50_20180622_132000.wav,San Rafael,Area proteccion embalse EPM,6.3721,-74.9879,1273,Forest,0,0,No_rain
16902,G50_20180622_133600,G50,2018/06/22,13:36:00,G50_20180622_133600.wav,San Rafael,Area proteccion embalse EPM,6.3721,-74.9879,1273,Forest,0,0,No_rain
16903,G50_20180622_135200,G50,2018/06/22,13:52:00,G50_20180622_135200.wav,San Rafael,Area proteccion embalse EPM,6.3721,-74.9879,1273,Forest,0,0,No_rain
16904,G50_20180622_140800,G50,2018/06/22,14:08:00,G50_20180622_140800.wav,San Rafael,Area proteccion embalse EPM,6.3721,-74.9879,1273,Forest,0,0,No_rain
16905,G50_20180622_142400,G50,2018/06/22,14:24:00,G50_20180622_142400.wav,San Rafael,Area proteccion embalse EPM,6.3721,-74.9879,1273,Forest,0,0,No_rain
16906,G50_20180622_144000,G50,2018/06/22,14:40:00,G50_20180622_144000.wav,San Rafael,Area proteccion embalse EPM,6.3721,-74.9879,1273,Forest,0,0,No_rain
16907,G50_20180622_145600,G50,2018/06/22,14:56:00,G50_20180622_145600.wav,San Rafael,Area proteccion embalse EPM,6.3721,-74.9879,1273,Forest,0,0,No_rain
16908,G50_20180622_151200,G50,2018/06/22,15:12:00,G50_20180622_151200.wav,San Rafael,Area proteccion embalse EPM,6.3721,-74.9879,1273,Forest,0,0,No_rain
16909,G50_20180622_152800,G50,2018/06/22,15:28:00,G50_20180622_152800.wav,San Rafael,Area proteccion embalse EPM,6.3721,-74.9879,1273,Forest,0,0,No_rain
16910,G50_20180622_154400,G50,2018/06/22,15:44:00,G50_20180622_154400.wav,San Rafael,Area proteccion embalse EPM,6.3721,-74.9879,1273,Forest,0,0,No_rain
16911,G50_20180622_160000,G50,2018/06/22,16:00:00,G50_20180622_160000.wav,San Rafael,Area proteccion embalse EPM,6.3721,-74.9879,1273,Forest,0,0,No_rain
16912,G50_20180622_161600,G50,2018/06/22,16:16:00,G50_20180622_161600.wav,San Rafael,Area proteccion embalse EPM,6.3721,-74.9879,1273,Forest,0,0,No_rain
16913,G50_20180622_163200,G50,2018/06/22,16:32:00,G50_20180622_163200.wav,San Rafael,Area proteccion embalse EPM,6.3721,-74.9879,1273,Forest,0,0,No_rain
16914,G50_20180622_164800,G50,2018/06/22,16:48:00,G50_20180622_164800.wav,San Rafael,Area proteccion embalse EPM,6.3721,-74.9879,1273,Forest,0,0,No_rain
16915,G50_20180622_200000,G50,2018/06/22,20:00:00,G50_20180622_200000.wav,San Rafael,Area proteccion embalse EPM,6.3721,-74.9879,1273,Forest,0,0,No_rain
16916,G50_20180622_201600,G50,2018/06/22,20:16:00,G50_20180622_201600.wav,San Rafael,Area proteccion embalse EPM,6.3721,-74.9879,1273,Forest,0,0,No_rain
16917,G50_20180622_203200,G50,2018/06/22,20:32:00,G50_20180622_203200.wav,San Rafael,Area proteccion embalse EPM,6.3721,-74.9879,1273,Forest,0,0,No_rain
16918,G50_20180622_204800,G50,2018/06/22,20:48:00,G50_20180622_204800.wav,San Rafael,Area proteccion embalse EPM,6.3721,-74.9879,1273,Forest,0,0,No_rain
16919,G50_20180622_210400,G50,2018/06/22,21:04:00,G50_20180622_210400.wav,San Rafael,Area proteccion embalse EPM,6.3721,-74.9879,1273,Forest,0,0,No_rain
16920,G50_20180622_212000,G50,2018/06/22,21:20:00,G50_20180622_212000.wav,San Rafael,Area proteccion embalse EPM,6.3721,-74.9879,1273,Forest,0,0,No_rain
16921,G50_20180622_213600,G50,2018/06/22,21:36:00,G50_20180622_213600.wav,San Rafael,Area proteccion embalse EPM,6.3721,-74.9879,1273,Forest,0,0,No_rain
16922,G50_20180622_215200,G50,2018/06/22,21:52:00,G50_20180622_215200.wav,San Rafael,Area proteccion embalse EPM,6.3721,-74.9879,1273,Forest,0,0,No_rain
16923,G50_20180622_220800,G50,2018/06/22,22:08:00,G50_20180622_220800.wav,San Rafael,Area proteccion embalse EPM,6.3721,-74.9879,1273,Forest,0,0,No_rain
16924,G50_20180622_222400,G50,2018/06/22,22:24:00,G50_20180622_222400.wav,San Rafael,Area proteccion embalse EPM,6.3721,-74.9879,1273,Forest,0,0,No_rain
16925,G50_20180622_224000,G50,2018/06/22,22:40:00,G50_20180622_224000.wav,San Rafael,Area proteccion embalse EPM,6.3721,-74.9879,1273,Forest,1,2,Moderate
16926,G50_20180622_225600,G50,2018/06/22,22:56:00,G50_20180622_225600.wav,San Rafael,Area proteccion embalse EPM,6.3721,-74.9879,1273,Forest,1,2,Moderate
16927,G50_20180622_231200,G50,2018/06/22,23:12:00,G50_20180622_231200.wav,San Rafael,Area proteccion embalse EPM,6.3721,-74.9879,1273,Forest,1,2,Moderate
16928,G50_20180622_232800,G50,2018/06/22,23:28:00,G50_20180622_232800.wav,San Rafael,Area proteccion embalse EPM,6.3721,-74.9879,1273,Forest,1,2,Moderate
16929,G50_20180622_234400,G50,2018/06/22,23:44:00,G50_20180622_234400.wav,San Rafael,Area proteccion embalse EPM,6.3721,-74.9879,1273,Forest,1,3,Heavy
16930,G50_20180623_000000,G50,2018/06/23,00:00:00,G50_20180623_000000.wav,San Rafael,Area proteccion embalse EPM,6.3721,-74.9879,1273,Forest,1,2,Moderate
16931,G50_20180623_001600,G50,2018/06/23,00:16:00,G50_20180623_001600.wav,San Rafael,Area proteccion embalse EPM,6.3721,-74.9879,1273,Forest,1,2,Moderate
16932,G50_20180623_003200,G50,2018/06/23,00:32:00,G50_20180623_003200.wav,San Rafael,Area proteccion embalse EPM,6.3721,-74.9879,1273,Forest,1,2,Moderate
16933,G50_20180623_004800,G50,2018/06/23,00:48:00,G50_20180623_004800.wav,San Rafael,Area proteccion embalse EPM,6.3721,-74.9879,1273,Forest,1,3,Heavy
16934,G50_20180623_010400,G50,2018/06/23,01:04:00,G50_20180623_010400.wav,San Rafael,Area proteccion embalse EPM,6.3721,-74.9879,1273,Forest,1,2,Moderate
16935,G50_20180623_012000,G50,2018/06/23,01:20:00,G50_20180623_012000.wav,San Rafael,Area proteccion embalse EPM,6.3721,-74.9879,1273,Forest,1,2,Moderate
16936,G50_20180623_013600,G50,2018/06/23,01:36:00,G50_20180623_013600.wav,San Rafael,Area proteccion embalse EPM,6.3721,-74.9879,1273,Forest,1,2,Moderate
16937,G50_20180623_015200,G50,2018/06/23,01:52:00,G50_20180623_015200.wav,San Rafael,Area proteccion embalse EPM,6.3721,-74.9879,1273,Forest,1,1,Light
16938,G50_20180623_020800,G50,2018/06/23,02:08:00,G50_20180623_020800.wav,San Rafael,Area proteccion embalse EPM,6.3721,-74.9879,1273,Forest,1,2,Moderate
16939,G50_20180623_022400,G50,2018/06/23,02:24:00,G50_20180623_022400.wav,San Rafael,Area proteccion embalse EPM,6.3721,-74.9879,1273,Forest,1,2,Moderate
16940,G50_20180623_024000,G50,2018/06/23,02:40:00,G50_20180623_024000.wav,San Rafael,Area proteccion embalse EPM,6.3721,-74.9879,1273,Forest,1,1,Light
16941,G50_20180623_025600,G50,2018/06/23,02:56:00,G50_20180623_025600.wav,San Rafael,Area proteccion embalse EPM,6.3721,-74.9879,1273,Forest,1,1,Light
16942,G50_20180623_031200,G50,2018/06/23,03:12:00,G50_20180623_031200.wav,San Rafael,Area proteccion embalse EPM,6.3721,-74.9879,1273,Forest,1,1,Light
16943,G50_20180623_032800,G50,2018/06/23,03:28:00,G50_20180623_032800.wav,San Rafael,Area proteccion embalse EPM,6.3721,-74.9879,1273,Forest,1,1,Light
16944,G50_20180623_034400,G50,2018/06/23,03:44:00,G50_20180623_034400.wav,San Rafael,Area proteccion embalse EPM,6.3721,-74.9879,1273,Forest,1,1,Light
16945,G50_20180623_040000,G50,2018/06/23,04:00:00,G50_20180623_040000.wav,San Rafael,Area proteccion embalse EPM,6.3721,-74.9879,1273,Forest,1,1,Light
16946,G50_20180623_041600,G50,2018/06/23,04:16:00,G50_20180623_041600.wav,San Rafael,Area proteccion embalse EPM,6.3721,-74.9879,1273,Forest,1,1,Light
16947,G50_20180623_043200,G50,2018/06/23,04:32:00,G50_20180623_043200.wav,San Rafael,Area proteccion embalse EPM,6.3721,-74.9879,1273,Forest,1,1,Light
16948,G50_20180623_044800,G50,2018/06/23,04:48:00,G50_20180623_044800.wav,San Rafael,Area proteccion embalse EPM,6.3721,-74.9879,1273,Forest,1,1,Light
16949,G50_20180623_080000,G50,2018/06/23,08:00:00,G50_20180623_080000.wav,San Rafael,Area proteccion embalse EPM,6.3721,-74.9879,1273,Forest,1,1,Light
16950,G50_20180623_081600,G50,2018/06/23,08:16:00,G50_20180623_081600.wav,San Rafael,Area proteccion embalse EPM,6.3721,-74.9879,1273,Forest,1,1,Light
16951,G50_20180623_083200,G50,2018/06/23,08:32:00,G50_20180623_083200.wav,San Rafael,Area proteccion embalse EPM,6.3721,-74.9879,1273,Forest,1,1,Light
16952,G50_20180623_084800,G50,2018/06/23,08:48:00,G50_20180623_084800.wav,San Rafael,Area proteccion embalse EPM,6.3721,-74.9879,1273,Forest,1,1,Light
16953,G50_20180623_090400,G50,2018/06/23,09:04:00,G50_20180623_090400.wav,San Rafael,Area proteccion embalse EPM,6.3721,-74.9879,1273,Forest,1,1,Light
16954,G50_20180623_092000,G50,2018/06/23,09:20:00,G50_20180623_092000.wav,San Rafael,Area proteccion embalse EPM,6.3721,-74.9879,1273,Forest,1,1,Light
16955,G50_20180623_093600,G50,2018/06/23,09:36:00,G50_20180623_093600.wav,San Rafael,Area proteccion embalse EPM,6.3721,-74.9879,1273,Forest,0,0,No_rain
16956,G50_20180623_095200,G50,2018/06/23,09:52:00,G50_20180623_095200.wav,San Rafael,Area proteccion embalse EPM,6.3721,-74.9879,1273,Forest,0,0,No_rain
16957,G50_20180623_100800,G50,2018/06/23,10:08:00,G50_20180623_100800.wav,San Rafael,Area proteccion embalse EPM,6.3721,-74.9879,1273,Forest,0,0,No_rain
16958,G50_20180623_102400,G50,2018/06/23,10:24:00,G50_20180623_102400.wav,San Rafael,Area proteccion embalse EPM,6.3721,-74.9879,1273,Forest,0,0,No_rain
16959,G50_20180623_104000,G50,2018/06/23,10:40:00,G50_20180623_104000.wav,San Rafael,Area proteccion embalse EPM,6.3721,-74.9879,1273,Forest,0,0,No_rain
16960,G50_20180623_105600,G50,2018/06/23,10:56:00,G50_20180623_105600.wav,San Rafael,Area proteccion embalse EPM,6.3721,-74.9879,1273,Forest,0,0,No_rain
16961,G50_20180623_111200,G50,2018/06/23,11:12:00,G50_20180623_111200.wav,San Rafael,Area proteccion embalse EPM,6.3721,-74.9879,1273,Forest,0,0,No_rain
16962,G50_20180623_112800,G50,2018/06/23,11:28:00,G50_20180623_112800.wav,San Rafael,Area proteccion embalse EPM,6.3721,-74.9879,1273,Forest,0,0,No_rain
16963,G50_20180623_114400,G50,2018/06/23,11:44:00,G50_20180623_114400.wav,San Rafael,Area proteccion embalse EPM,6.3721,-74.9879,1273,Forest,0,0,No_rain
16964,G50_20180623_120000,G50,2018/06/23,12:00:00,G50_20180623_120000.wav,San Rafael,Area proteccion embalse EPM,6.3721,-74.9879,1273,Forest,0,0,No_rain
16965,G50_20180623_121600,G50,2018/06/23,12:16:00,G50_20180623_121600.wav,San Rafael,Area proteccion embalse EPM,6.3721,-74.9879,1273,Forest,0,0,No_rain
16966,G50_20180623_123200,G50,2018/06/23,12:32:00,G50_20180623_123200.wav,San Rafael,Area proteccion embalse EPM,6.3721,-74.9879,1273,Forest,0,0,No_rain
16967,G50_20180623_124800,G50,2018/06/23,12:48:00,G50_20180623_124800.wav,San Rafael,Area proteccion embalse EPM,6.3721,-74.9879,1273,Forest,0,0,No_rain
16968,G50_20180623_130400,G50,2018/06/23,13:04:00,G50_20180623_130400.wav,San Rafael,Area proteccion embalse EPM,6.3721,-74.9879,1273,Forest,0,0,No_rain
16969,G50_20180623_132000,G50,2018/06/23,13:20:00,G50_20180623_132000.wav,San Rafael,Area proteccion embalse EPM,6.3721,-74.9879,1273,Forest,0,0,No_rain
16970,G50_20180623_133600,G50,2018/06/23,13:36:00,G50_20180623_133600.wav,San Rafael,Area proteccion embalse EPM,6.3721,-74.9879,1273,Forest,0,0,No_rain
16971,G50_20180623_135200,G50,2018/06/23,13:52:00,G50_20180623_135200.wav,San Rafael,Area proteccion embalse EPM,6.3721,-74.9879,1273,Forest,0,0,No_rain
16972,G50_20180623_140800,G50,2018/06/23,14:08:00,G50_20180623_140800.wav,San Rafael,Area proteccion embalse EPM,6.3721,-74.9879,1273,Forest,0,0,No_rain
16973,G50_20180623_142400,G50,2018/06/23,14:24:00,G50_20180623_142400.wav,San Rafael,Area proteccion embalse EPM,6.3721,-74.9879,1273,Forest,0,0,No_rain
16974,G50_20180623_144000,G50,2018/06/23,14:40:00,G50_20180623_144000.wav,San Rafael,Area proteccion embalse EPM,6.3721,-74.9879,1273,Forest,0,0,No_rain
16975,G50_20180623_145600,G50,2018/06/23,14:56:00,G50_20180623_145600.wav,San Rafael,Area proteccion embalse EPM,6.3721,-74.9879,1273,Forest,0,0,No_rain
16976,G50_20180623_151200,G50,2018/06/23,15:12:00,G50_20180623_151200.wav,San Rafael,Area proteccion embalse EPM,6.3721,-74.9879,1273,Forest,0,0,No_rain
16977,G50_20180623_152800,G50,2018/06/23,15:28:00,G50_20180623_152800.wav,San Rafael,Area proteccion embalse EPM,6.3721,-74.9879,1273,Forest,0,0,No_rain
16978,G50_20180623_154400,G50,2018/06/23,15:44:00,G50_20180623_154400.wav,San Rafael,Area proteccion embalse EPM,6.3721,-74.9879,1273,Forest,0,0,No_rain
16979,G50_20180623_160000,G50,2018/06/23,16:00:00,G50_20180623_160000.wav,San Rafael,Area proteccion embalse EPM,6.3721,-74.9879,1273,Forest,0,0,No_rain
16980,G50_20180623_161600,G50,2018/06/23,16:16:00,G50_20180623_161600.wav,San Rafael,Area proteccion embalse EPM,6.3721,-74.9879,1273,Forest,0,0,No_rain
16981,G50_20180623_163200,G50,2018/06/23,16:32:00,G50_20180623_163200.wav,San Rafael,Area proteccion embalse EPM,6.3721,-74.9879,1273,Forest,0,0,No_rain
16982,G50_20180623_164800,G50,2018/06/23,16:48:00,G50_20180623_164800.wav,San Rafael,Area proteccion embalse EPM,6.3721,-74.9879,1273,Forest,0,0,No_rain
16983,G50_20180623_200000,G50,2018/06/23,20:00:00,G50_20180623_200000.wav,San Rafael,Area proteccion embalse EPM,6.3721,-74.9879,1273,Forest,0,0,No_rain
16984,G50_20180623_201600,G50,2018/06/23,20:16:00,G50_20180623_201600.wav,San Rafael,Area proteccion embalse EPM,6.3721,-74.9879,1273,Forest,0,0,No_rain
16985,G50_20180623_203200,G50,2018/06/23,20:32:00,G50_20180623_203200.wav,San Rafael,Area proteccion embalse EPM,6.3721,-74.9879,1273,Forest,0,0,No_rain
16986,G50_20180623_204800,G50,2018/06/23,20:48:00,G50_20180623_204800.wav,San Rafael,Area proteccion embalse EPM,6.3721,-74.9879,1273,Forest,0,0,No_rain
16987,G50_20180623_210400,G50,2018/06/23,21:04:00,G50_20180623_210400.wav,San Rafael,Area proteccion embalse EPM,6.3721,-74.9879,1273,Forest,0,0,No_rain
16988,G50_20180623_212000,G50,2018/06/23,21:20:00,G50_20180623_212000.wav,San Rafael,Area proteccion embalse EPM,6.3721,-74.9879,1273,Forest,0,0,No_rain
16989,G50_20180623_213600,G50,2018/06/23,21:36:00,G50_20180623_213600.wav,San Rafael,Area proteccion embalse EPM,6.3721,-74.9879,1273,Forest,0,0,No_rain
16990,G50_20180623_215200,G50,2018/06/23,21:52:00,G50_20180623_215200.wav,San Rafael,Area proteccion embalse EPM,6.3721,-74.9879,1273,Forest,0,0,No_rain
16991,G50_20180623_220800,G50,2018/06/23,22:08:00,G50_20180623_220800.wav,San Rafael,Area proteccion embalse EPM,6.3721,-74.9879,1273,Forest,0,0,No_rain
16992,G50_20180623_222400,G50,2018/06/23,22:24:00,G50_20180623_222400.wav,San Rafael,Area proteccion embalse EPM,6.3721,-74.9879,1273,Forest,0,0,No_rain
16993,G50_20180623_224000,G50,2018/06/23,22:40:00,G50_20180623_224000.wav,San Rafael,Area proteccion embalse EPM,6.3721,-74.9879,1273,Forest,0,0,No_rain
16994,G50_20180623_225600,G50,2018/06/23,22:56:00,G50_20180623_225600.wav,San Rafael,Area proteccion embalse EPM,6.3721,-74.9879,1273,Forest,0,0,No_rain
16995,G50_20180623_231200,G50,2018/06/23,23:12:00,G50_20180623_231200.wav,San Rafael,Area proteccion embalse EPM,6.3721,-74.9879,1273,Forest,1,2,Moderate
16996,G50_20180623_232800,G50,2018/06/23,23:28:00,G50_20180623_232800.wav,San Rafael,Area proteccion embalse EPM,6.3721,-74.9879,1273,Forest,1,2,Moderate
16997,G50_20180623_234400,G50,2018/06/23,23:44:00,G50_20180623_234400.wav,San Rafael,Area proteccion embalse EPM,6.3721,-74.9879,1273,Forest,1,3,Heavy
16998,G50_20180624_000000,G50,2018/06/24,00:00:00,G50_20180624_000000.wav,San Rafael,Area proteccion embalse EPM,6.3721,-74.9879,1273,Forest,1,3,Heavy
16999,G50_20180624_001600,G50,2018/06/24,00:16:00,G50_20180624_001600.wav,San Rafael,Area proteccion embalse EPM,6.3721,-74.9879,1273,Forest,1,3,Heavy
17000,G50_20180624_003200,G50,2018/06/24,00:32:00,G50_20180624_003200.wav,San Rafael,Area proteccion embalse EPM,6.3721,-74.9879,1273,Forest,1,2,Moderate
17001,G50_20180624_004800,G50,2018/06/24,00:48:00,G50_20180624_004800.wav,San Rafael,Area proteccion embalse EPM,6.3721,-74.9879,1273,Forest,1,2,Moderate
17002,G50_20180624_010400,G50,2018/06/24,01:04:00,G50_20180624_010400.wav,San Rafael,Area proteccion embalse EPM,6.3721,-74.9879,1273,Forest,1,2,Moderate
17003,G50_20180624_012000,G50,2018/06/24,01:20:00,G50_20180624_012000.wav,San Rafael,Area proteccion embalse EPM,6.3721,-74.9879,1273,Forest,1,2,Moderate
17004,G50_20180624_013600,G50,2018/06/24,01:36:00,G50_20180624_013600.wav,San Rafael,Area proteccion embalse EPM,6.3721,-74.9879,1273,Forest,1,2,Moderate
17005,G50_20180624_015200,G50,2018/06/24,01:52:00,G50_20180624_015200.wav,San Rafael,Area proteccion embalse EPM,6.3721,-74.9879,1273,Forest,1,2,Moderate
17006,G50_20180624_020800,G50,2018/06/24,02:08:00,G50_20180624_020800.wav,San Rafael,Area proteccion embalse EPM,6.3721,-74.9879,1273,Forest,1,3,Heavy
17007,G50_20180624_022400,G50,2018/06/24,02:24:00,G50_20180624_022400.wav,San Rafael,Area proteccion embalse EPM,6.3721,-74.9879,1273,Forest,1,3,Heavy
17008,G50_20180624_024000,G50,2018/06/24,02:40:00,G50_20180624_024000.wav,San Rafael,Area proteccion embalse EPM,6.3721,-74.9879,1273,Forest,1,3,Heavy
17009,G50_20180624_025600,G50,2018/06/24,02:56:00,G50_20180624_025600.wav,San Rafael,Area proteccion embalse EPM,6.3721,-74.9879,1273,Forest,1,3,Heavy
17010,G50_20180624_031200,G50,2018/06/24,03:12:00,G50_20180624_031200.wav,San Rafael,Area proteccion embalse EPM,6.3721,-74.9879,1273,Forest,1,2,Moderate
17011,G50_20180624_032800,G50,2018/06/24,03:28:00,G50_20180624_032800.wav,San Rafael,Area proteccion embalse EPM,6.3721,-74.9879,1273,Forest,1,2,Moderate
17012,G50_20180624_034400,G50,2018/06/24,03:44:00,G50_20180624_034400.wav,San Rafael,Area proteccion embalse EPM,6.3721,-74.9879,1273,Forest,1,1,Light
17013,G50_20180624_040000,G50,2018/06/24,04:00:00,G50_20180624_040000.wav,San Rafael,Area proteccion embalse EPM,6.3721,-74.9879,1273,Forest,1,1,Light
17014,G50_20180624_041600,G50,2018/06/24,04:16:00,G50_20180624_041600.wav,San Rafael,Area proteccion embalse EPM,6.3721,-74.9879,1273,Forest,1,1,Light
17015,G50_20180624_043200,G50,2018/06/24,04:32:00,G50_20180624_043200.wav,San Rafael,Area proteccion embalse EPM,6.3721,-74.9879,1273,Forest,1,1,Light
17016,G50_20180624_044800,G50,2018/06/24,04:48:00,G50_20180624_044800.wav,San Rafael,Area proteccion embalse EPM,6.3721,-74.9879,1273,Forest,1,1,Light
17017,G50_20180624_080000,G50,2018/06/24,08:00:00,G50_20180624_080000.wav,San Rafael,Area proteccion embalse EPM,6.3721,-74.9879,1273,Forest,1,1,Light
17018,G50_20180624_081600,G50,2018/06/24,08:16:00,G50_20180624_081600.wav,San Rafael,Area proteccion embalse EPM,6.3721,-74.9879,1273,Forest,1,1,Light
17019,G50_20180624_083200,G50,2018/06/24,08:32:00,G50_20180624_083200.wav,San Rafael,Area proteccion embalse EPM,6.3721,-74.9879,1273,Forest,1,1,Light
17020,G50_20180624_084800,G50,2018/06/24,08:48:00,G50_20180624_084800.wav,San Rafael,Area proteccion embalse EPM,6.3721,-74.9879,1273,Forest,1,1,Light
17021,G50_20180624_090400,G50,2018/06/24,09:04:00,G50_20180624_090400.wav,San Rafael,Area proteccion embalse EPM,6.3721,-74.9879,1273,Forest,1,1,Light
17022,G50_20180624_092000,G50,2018/06/24,09:20:00,G50_20180624_092000.wav,San Rafael,Area proteccion embalse EPM,6.3721,-74.9879,1273,Forest,1,1,Light
17023,G50_20180624_093600,G50,2018/06/24,09:36:00,G50_20180624_093600.wav,San Rafael,Area proteccion embalse EPM,6.3721,-74.9879,1273,Forest,1,1,Light
17024,G50_20180624_095200,G50,2018/06/24,09:52:00,G50_20180624_095200.wav,San Rafael,Area proteccion embalse EPM,6.3721,-74.9879,1273,Forest,1,1,Light
17025,G50_20180624_100800,G50,2018/06/24,10:08:00,G50_20180624_100800.wav,San Rafael,Area proteccion embalse EPM,6.3721,-74.9879,1273,Forest,1,1,Light
17026,G50_20180624_102400,G50,2018/06/24,10:24:00,G50_20180624_102400.wav,San Rafael,Area proteccion embalse EPM,6.3721,-74.9879,1273,Forest,1,1,Light
17027,G50_20180624_104000,G50,2018/06/24,10:40:00,G50_20180624_104000.wav,San Rafael,Area proteccion embalse EPM,6.3721,-74.9879,1273,Forest,1,1,Light
17028,G50_20180624_105600,G50,2018/06/24,10:56:00,G50_20180624_105600.wav,San Rafael,Area proteccion embalse EPM,6.3721,-74.9879,1273,Forest,1,1,Light
17029,G50_20180624_111200,G50,2018/06/24,11:12:00,G50_20180624_111200.wav,San Rafael,Area proteccion embalse EPM,6.3721,-74.9879,1273,Forest,1,1,Light
17030,G50_20180624_112800,G50,2018/06/24,11:28:00,G50_20180624_112800.wav,San Rafael,Area proteccion embalse EPM,6.3721,-74.9879,1273,Forest,1,1,Light
17031,G50_20180624_114400,G50,2018/06/24,11:44:00,G50_20180624_114400.wav,San Rafael,Area proteccion embalse EPM,6.3721,-74.9879,1273,Forest,1,1,Light
17032,G50_20180624_120000,G50,2018/06/24,12:00:00,G50_20180624_120000.wav,San Rafael,Area proteccion embalse EPM,6.3721,-74.9879,1273,Forest,1,1,Light
17033,G50_20180624_121600,G50,2018/06/24,12:16:00,G50_20180624_121600.wav,San Rafael,Area proteccion embalse EPM,6.3721,-74.9879,1273,Forest,1,1,Light
17034,G50_20180624_123200,G50,2018/06/24,12:32:00,G50_20180624_123200.wav,San Rafael,Area proteccion embalse EPM,6.3721,-74.9879,1273,Forest,1,1,Light
17035,G50_20180624_124800,G50,2018/06/24,12:48:00,G50_20180624_124800.wav,San Rafael,Area proteccion embalse EPM,6.3721,-74.9879,1273,Forest,0,0,No_rain
17036,G50_20180624_130400,G50,2018/06/24,13:04:00,G50_20180624_130400.wav,San Rafael,Area proteccion embalse EPM,6.3721,-74.9879,1273,Forest,1,1,Light
17037,G50_20180624_132000,G50,2018/06/24,13:20:00,G50_20180624_132000.wav,San Rafael,Area proteccion embalse EPM,6.3721,-74.9879,1273,Forest,1,1,Light
17038,G50_20180624_133600,G50,2018/06/24,13:36:00,G50_20180624_133600.wav,San Rafael,Area proteccion embalse EPM,6.3721,-74.9879,1273,Forest,1,1,Light
17039,G50_20180624_135200,G50,2018/06/24,13:52:00,G50_20180624_135200.wav,San Rafael,Area proteccion embalse EPM,6.3721,-74.9879,1273,Forest,0,0,No_rain
17040,G50_20180624_140800,G50,2018/06/24,14:08:00,G50_20180624_140800.wav,San Rafael,Area proteccion embalse EPM,6.3721,-74.9879,1273,Forest,0,0,No_rain
17041,G50_20180624_142400,G50,2018/06/24,14:24:00,G50_20180624_142400.wav,San Rafael,Area proteccion embalse EPM,6.3721,-74.9879,1273,Forest,0,0,No_rain
17042,G50_20180624_144000,G50,2018/06/24,14:40:00,G50_20180624_144000.wav,San Rafael,Area proteccion embalse EPM,6.3721,-74.9879,1273,Forest,0,0,No_rain
17043,G50_20180624_145600,G50,2018/06/24,14:56:00,G50_20180624_145600.wav,San Rafael,Area proteccion embalse EPM,6.3721,-74.9879,1273,Forest,0,0,No_rain
17044,G50_20180624_151200,G50,2018/06/24,15:12:00,G50_20180624_151200.wav,San Rafael,Area proteccion embalse EPM,6.3721,-74.9879,1273,Forest,0,0,No_rain
17045,G50_20180624_152800,G50,2018/06/24,15:28:00,G50_20180624_152800.wav,San Rafael,Area proteccion embalse EPM,6.3721,-74.9879,1273,Forest,0,0,No_rain
17046,G50_20180624_154400,G50,2018/06/24,15:44:00,G50_20180624_154400.wav,San Rafael,Area proteccion embalse EPM,6.3721,-74.9879,1273,Forest,0,0,No_rain
17047,G50_20180624_160000,G50,2018/06/24,16:00:00,G50_20180624_160000.wav,San Rafael,Area proteccion embalse EPM,6.3721,-74.9879,1273,Forest,0,0,No_rain
17048,G50_20180624_161600,G50,2018/06/24,16:16:00,G50_20180624_161600.wav,San Rafael,Area proteccion embalse EPM,6.3721,-74.9879,1273,Forest,0,0,No_rain
17049,G50_20180624_163200,G50,2018/06/24,16:32:00,G50_20180624_163200.wav,San Rafael,Area proteccion embalse EPM,6.3721,-74.9879,1273,Forest,0,0,No_rain
17050,G50_20180624_164800,G50,2018/06/24,16:48:00,G50_20180624_164800.wav,San Rafael,Area proteccion embalse EPM,6.3721,-74.9879,1273,Forest,0,0,No_rain
17051,G50_20180624_200000,G50,2018/06/24,20:00:00,G50_20180624_200000.wav,San Rafael,Area proteccion embalse EPM,6.3721,-74.9879,1273,Forest,0,0,No_rain
17052,G50_20180624_201600,G50,2018/06/24,20:16:00,G50_20180624_201600.wav,San Rafael,Area proteccion embalse EPM,6.3721,-74.9879,1273,Forest,0,0,No_rain
17053,G50_20180624_203200,G50,2018/06/24,20:32:00,G50_20180624_203200.wav,San Rafael,Area proteccion embalse EPM,6.3721,-74.9879,1273,Forest,0,0,No_rain
17054,G50_20180624_204800,G50,2018/06/24,20:48:00,G50_20180624_204800.wav,San Rafael,Area proteccion embalse EPM,6.3721,-74.9879,1273,Forest,0,0,No_rain
17055,G50_20180624_210400,G50,2018/06/24,21:04:00,G50_20180624_210400.wav,San Rafael,Area proteccion embalse EPM,6.3721,-74.9879,1273,Forest,0,0,No_rain
17056,G50_20180624_212000,G50,2018/06/24,21:20:00,G50_20180624_212000.wav,San Rafael,Area proteccion embalse EPM,6.3721,-74.9879,1273,Forest,0,0,No_rain
17057,G50_20180624_213600,G50,2018/06/24,21:36:00,G50_20180624_213600.wav,San Rafael,Area proteccion embalse EPM,6.3721,-74.9879,1273,Forest,0,0,No_rain
17058,G50_20180624_215200,G50,2018/06/24,21:52:00,G50_20180624_215200.wav,San Rafael,Area proteccion embalse EPM,6.3721,-74.9879,1273,Forest,0,0,No_rain
17059,G50_20180624_220800,G50,2018/06/24,22:08:00,G50_20180624_220800.wav,San Rafael,Area proteccion embalse EPM,6.3721,-74.9879,1273,Forest,0,0,No_rain
17060,G50_20180624_222400,G50,2018/06/24,22:24:00,G50_20180624_222400.wav,San Rafael,Area proteccion embalse EPM,6.3721,-74.9879,1273,Forest,0,0,No_rain
17061,G50_20180624_224000,G50,2018/06/24,22:40:00,G50_20180624_224000.wav,San Rafael,Area proteccion embalse EPM,6.3721,-74.9879,1273,Forest,0,0,No_rain
17062,G50_20180624_225600,G50,2018/06/24,22:56:00,G50_20180624_225600.wav,San Rafael,Area proteccion embalse EPM,6.3721,-74.9879,1273,Forest,0,0,No_rain
17063,G50_20180624_231200,G50,2018/06/24,23:12:00,G50_20180624_231200.wav,San Rafael,Area proteccion embalse EPM,6.3721,-74.9879,1273,Forest,0,0,No_rain
17064,G50_20180624_232800,G50,2018/06/24,23:28:00,G50_20180624_232800.wav,San Rafael,Area proteccion embalse EPM,6.3721,-74.9879,1273,Forest,0,0,No_rain
17065,G50_20180624_234400,G50,2018/06/24,23:44:00,G50_20180624_234400.wav,San Rafael,Area proteccion embalse EPM,6.3721,-74.9879,1273,Forest,0,0,No_rain
17066,G50_20180625_000000,G50,2018/06/25,00:00:00,G50_20180625_000000.wav,San Rafael,Area proteccion embalse EPM,6.3721,-74.9879,1273,Forest,0,0,No_rain
17067,G50_20180625_001600,G50,2018/06/25,00:16:00,G50_20180625_001600.wav,San Rafael,Area proteccion embalse EPM,6.3721,-74.9879,1273,Forest,0,0,No_rain
17068,G50_20180625_003200,G50,2018/06/25,00:32:00,G50_20180625_003200.wav,San Rafael,Area proteccion embalse EPM,6.3721,-74.9879,1273,Forest,0,0,No_rain
17069,G50_20180625_004800,G50,2018/06/25,00:48:00,G50_20180625_004800.wav,San Rafael,Area proteccion embalse EPM,6.3721,-74.9879,1273,Forest,0,0,No_rain
17070,G50_20180625_010400,G50,2018/06/25,01:04:00,G50_20180625_010400.wav,San Rafael,Area proteccion embalse EPM,6.3721,-74.9879,1273,Forest,0,0,No_rain
17071,G50_20180625_012000,G50,2018/06/25,01:20:00,G50_20180625_012000.wav,San Rafael,Area proteccion embalse EPM,6.3721,-74.9879,1273,Forest,0,0,No_rain
17072,G50_20180625_013600,G50,2018/06/25,01:36:00,G50_20180625_013600.wav,San Rafael,Area proteccion embalse EPM,6.3721,-74.9879,1273,Forest,0,0,No_rain
17073,G50_20180625_015200,G50,2018/06/25,01:52:00,G50_20180625_015200.wav,San Rafael,Area proteccion embalse EPM,6.3721,-74.9879,1273,Forest,0,0,No_rain
17074,G50_20180625_020800,G50,2018/06/25,02:08:00,G50_20180625_020800.wav,San Rafael,Area proteccion embalse EPM,6.3721,-74.9879,1273,Forest,0,0,No_rain
17075,G50_20180625_022400,G50,2018/06/25,02:24:00,G50_20180625_022400.wav,San Rafael,Area proteccion embalse EPM,6.3721,-74.9879,1273,Forest,0,0,No_rain
17076,G50_20180625_024000,G50,2018/06/25,02:40:00,G50_20180625_024000.wav,San Rafael,Area proteccion embalse EPM,6.3721,-74.9879,1273,Forest,0,0,No_rain
17077,G50_20180625_025600,G50,2018/06/25,02:56:00,G50_20180625_025600.wav,San Rafael,Area proteccion embalse EPM,6.3721,-74.9879,1273,Forest,0,0,No_rain
17078,G50_20180625_031200,G50,2018/06/25,03:12:00,G50_20180625_031200.wav,San Rafael,Area proteccion embalse EPM,6.3721,-74.9879,1273,Forest,0,0,No_rain
17079,G50_20180625_032800,G50,2018/06/25,03:28:00,G50_20180625_032800.wav,San Rafael,Area proteccion embalse EPM,6.3721,-74.9879,1273,Forest,0,0,No_rain
17080,G50_20180625_034400,G50,2018/06/25,03:44:00,G50_20180625_034400.wav,San Rafael,Area proteccion embalse EPM,6.3721,-74.9879,1273,Forest,0,0,No_rain
17081,G50_20180625_040000,G50,2018/06/25,04:00:00,G50_20180625_040000.wav,San Rafael,Area proteccion embalse EPM,6.3721,-74.9879,1273,Forest,0,0,No_rain
17082,G50_20180625_041600,G50,2018/06/25,04:16:00,G50_20180625_041600.wav,San Rafael,Area proteccion embalse EPM,6.3721,-74.9879,1273,Forest,0,0,No_rain
17083,G50_20180625_043200,G50,2018/06/25,04:32:00,G50_20180625_043200.wav,San Rafael,Area proteccion embalse EPM,6.3721,-74.9879,1273,Forest,0,0,No_rain
17084,G50_20180625_044800,G50,2018/06/25,04:48:00,G50_20180625_044800.wav,San Rafael,Area proteccion embalse EPM,6.3721,-74.9879,1273,Forest,0,0,No_rain
17085,G50_20180625_080000,G50,2018/06/25,08:00:00,G50_20180625_080000.wav,San Rafael,Area proteccion embalse EPM,6.3721,-74.9879,1273,Forest,0,0,No_rain
17086,G50_20180625_081600,G50,2018/06/25,08:16:00,G50_20180625_081600.wav,San Rafael,Area proteccion embalse EPM,6.3721,-74.9879,1273,Forest,0,0,No_rain
17087,G50_20180625_083200,G50,2018/06/25,08:32:00,G50_20180625_083200.wav,San Rafael,Area proteccion embalse EPM,6.3721,-74.9879,1273,Forest,0,0,No_rain
17088,G50_20180625_084800,G50,2018/06/25,08:48:00,G50_20180625_084800.wav,San Rafael,Area proteccion embalse EPM,6.3721,-74.9879,1273,Forest,0,0,No_rain
17089,G50_20180625_090400,G50,2018/06/25,09:04:00,G50_20180625_090400.wav,San Rafael,Area proteccion embalse EPM,6.3721,-74.9879,1273,Forest,0,0,No_rain
17090,G50_20180625_092000,G50,2018/06/25,09:20:00,G50_20180625_092000.wav,San Rafael,Area proteccion embalse EPM,6.3721,-74.9879,1273,Forest,0,0,No_rain
17091,G50_20180625_093600,G50,2018/06/25,09:36:00,G50_20180625_093600.wav,San Rafael,Area proteccion embalse EPM,6.3721,-74.9879,1273,Forest,0,0,No_rain
17092,G50_20180625_095200,G50,2018/06/25,09:52:00,G50_20180625_095200.wav,San Rafael,Area proteccion embalse EPM,6.3721,-74.9879,1273,Forest,0,0,No_rain
17093,G50_20180625_100800,G50,2018/06/25,10:08:00,G50_20180625_100800.wav,San Rafael,Area proteccion embalse EPM,6.3721,-74.9879,1273,Forest,0,0,No_rain
17094,G50_20180625_102400,G50,2018/06/25,10:24:00,G50_20180625_102400.wav,San Rafael,Area proteccion embalse EPM,6.3721,-74.9879,1273,Forest,0,0,No_rain
17095,G50_20180618_170000,G50,2018/06/18,17:00:00,G50_20180618_170000.wav,San Rafael,Area proteccion embalse EPM,6.3721,-74.9879,1273,Forest,0,0,No_rain
17096,G50_20180618_171500,G50,2018/06/18,17:15:00,G50_20180618_171500.wav,San Rafael,Area proteccion embalse EPM,6.3721,-74.9879,1273,Forest,0,0,No_rain
17097,G50_20180618_173000,G50,2018/06/18,17:30:00,G50_20180618_173000.wav,San Rafael,Area proteccion embalse EPM,6.3721,-74.9879,1273,Forest,0,0,No_rain
17098,G50_20180618_174500,G50,2018/06/18,17:45:00,G50_20180618_174500.wav,San Rafael,Area proteccion embalse EPM,6.3721,-74.9879,1273,Forest,0,0,No_rain
17099,G50_20180618_180000,G50,2018/06/18,18:00:00,G50_20180618_180000.wav,San Rafael,Area proteccion embalse EPM,6.3721,-74.9879,1273,Forest,0,0,No_rain
17100,G50_20180618_181500,G50,2018/06/18,18:15:00,G50_20180618_181500.wav,San Rafael,Area proteccion embalse EPM,6.3721,-74.9879,1273,Forest,0,0,No_rain
17101,G50_20180618_183000,G50,2018/06/18,18:30:00,G50_20180618_183000.wav,San Rafael,Area proteccion embalse EPM,6.3721,-74.9879,1273,Forest,0,0,No_rain
17102,G50_20180618_184500,G50,2018/06/18,18:45:00,G50_20180618_184500.wav,San Rafael,Area proteccion embalse EPM,6.3721,-74.9879,1273,Forest,0,0,No_rain
17103,G50_20180618_190000,G50,2018/06/18,19:00:00,G50_20180618_190000.wav,San Rafael,Area proteccion embalse EPM,6.3721,-74.9879,1273,Forest,0,0,No_rain
17104,G50_20180618_191500,G50,2018/06/18,19:15:00,G50_20180618_191500.wav,San Rafael,Area proteccion embalse EPM,6.3721,-74.9879,1273,Forest,0,0,No_rain
17105,G50_20180618_193000,G50,2018/06/18,19:30:00,G50_20180618_193000.wav,San Rafael,Area proteccion embalse EPM,6.3721,-74.9879,1273,Forest,0,0,No_rain
17106,G50_20180619_050000,G50,2018/06/19,05:00:00,G50_20180619_050000.wav,San Rafael,Area proteccion embalse EPM,6.3721,-74.9879,1273,Forest,0,0,No_rain
17107,G50_20180618_194500,G50,2018/06/18,19:45:00,G50_20180618_194500.wav,San Rafael,Area proteccion embalse EPM,6.3721,-74.9879,1273,Forest,0,0,No_rain
17108,G50_20180619_051500,G50,2018/06/19,05:15:00,G50_20180619_051500.wav,San Rafael,Area proteccion embalse EPM,6.3721,-74.9879,1273,Forest,0,0,No_rain
17109,G50_20180619_053000,G50,2018/06/19,05:30:00,G50_20180619_053000.wav,San Rafael,Area proteccion embalse EPM,6.3721,-74.9879,1273,Forest,0,0,No_rain
17110,G50_20180619_060000,G50,2018/06/19,06:00:00,G50_20180619_060000.wav,San Rafael,Area proteccion embalse EPM,6.3721,-74.9879,1273,Forest,0,0,No_rain
17111,G50_20180619_054500,G50,2018/06/19,05:45:00,G50_20180619_054500.wav,San Rafael,Area proteccion embalse EPM,6.3721,-74.9879,1273,Forest,0,0,No_rain
17112,G50_20180619_061500,G50,2018/06/19,06:15:00,G50_20180619_061500.wav,San Rafael,Area proteccion embalse EPM,6.3721,-74.9879,1273,Forest,0,0,No_rain
17113,G50_20180619_063000,G50,2018/06/19,06:30:00,G50_20180619_063000.wav,San Rafael,Area proteccion embalse EPM,6.3721,-74.9879,1273,Forest,0,0,No_rain
17114,G50_20180619_064500,G50,2018/06/19,06:45:00,G50_20180619_064500.wav,San Rafael,Area proteccion embalse EPM,6.3721,-74.9879,1273,Forest,0,0,No_rain
17115,G50_20180619_071500,G50,2018/06/19,07:15:00,G50_20180619_071500.wav,San Rafael,Area proteccion embalse EPM,6.3721,-74.9879,1273,Forest,0,0,No_rain
17116,G50_20180619_070000,G50,2018/06/19,07:00:00,G50_20180619_070000.wav,San Rafael,Area proteccion embalse EPM,6.3721,-74.9879,1273,Forest,0,0,No_rain
17117,G50_20180619_073000,G50,2018/06/19,07:30:00,G50_20180619_073000.wav,San Rafael,Area proteccion embalse EPM,6.3721,-74.9879,1273,Forest,0,0,No_rain
17118,G50_20180619_074500,G50,2018/06/19,07:45:00,G50_20180619_074500.wav,San Rafael,Area proteccion embalse EPM,6.3721,-74.9879,1273,Forest,0,0,No_rain
17119,G50_20180619_170000,G50,2018/06/19,17:00:00,G50_20180619_170000.wav,San Rafael,Area proteccion embalse EPM,6.3721,-74.9879,1273,Forest,0,0,No_rain
17120,G50_20180619_171500,G50,2018/06/19,17:15:00,G50_20180619_171500.wav,San Rafael,Area proteccion embalse EPM,6.3721,-74.9879,1273,Forest,0,0,No_rain
17121,G50_20180619_173000,G50,2018/06/19,17:30:00,G50_20180619_173000.wav,San Rafael,Area proteccion embalse EPM,6.3721,-74.9879,1273,Forest,0,0,No_rain
17122,G50_20180619_174500,G50,2018/06/19,17:45:00,G50_20180619_174500.wav,San Rafael,Area proteccion embalse EPM,6.3721,-74.9879,1273,Forest,0,0,No_rain
17123,G50_20180619_180000,G50,2018/06/19,18:00:00,G50_20180619_180000.wav,San Rafael,Area proteccion embalse EPM,6.3721,-74.9879,1273,Forest,0,0,No_rain
17124,G50_20180619_181500,G50,2018/06/19,18:15:00,G50_20180619_181500.wav,San Rafael,Area proteccion embalse EPM,6.3721,-74.9879,1273,Forest,0,0,No_rain
17125,G50_20180619_183000,G50,2018/06/19,18:30:00,G50_20180619_183000.wav,San Rafael,Area proteccion embalse EPM,6.3721,-74.9879,1273,Forest,0,0,No_rain
17126,G50_20180619_184500,G50,2018/06/19,18:45:00,G50_20180619_184500.wav,San Rafael,Area proteccion embalse EPM,6.3721,-74.9879,1273,Forest,0,0,No_rain
17127,G50_20180619_190000,G50,2018/06/19,19:00:00,G50_20180619_190000.wav,San Rafael,Area proteccion embalse EPM,6.3721,-74.9879,1273,Forest,0,0,No_rain
17128,G50_20180619_191500,G50,2018/06/19,19:15:00,G50_20180619_191500.wav,San Rafael,Area proteccion embalse EPM,6.3721,-74.9879,1273,Forest,0,0,No_rain
17129,G50_20180619_193000,G50,2018/06/19,19:30:00,G50_20180619_193000.wav,San Rafael,Area proteccion embalse EPM,6.3721,-74.9879,1273,Forest,0,0,No_rain
17130,G50_20180620_050000,G50,2018/06/20,05:00:00,G50_20180620_050000.wav,San Rafael,Area proteccion embalse EPM,6.3721,-74.9879,1273,Forest,0,0,No_rain
17131,G50_20180619_194500,G50,2018/06/19,19:45:00,G50_20180619_194500.wav,San Rafael,Area proteccion embalse EPM,6.3721,-74.9879,1273,Forest,0,0,No_rain
17132,G50_20180620_053000,G50,2018/06/20,05:30:00,G50_20180620_053000.wav,San Rafael,Area proteccion embalse EPM,6.3721,-74.9879,1273,Forest,1,1,Light
17133,G50_20180620_051500,G50,2018/06/20,05:15:00,G50_20180620_051500.wav,San Rafael,Area proteccion embalse EPM,6.3721,-74.9879,1273,Forest,1,1,Light
17134,G50_20180620_060000,G50,2018/06/20,06:00:00,G50_20180620_060000.wav,San Rafael,Area proteccion embalse EPM,6.3721,-74.9879,1273,Forest,1,2,Moderate
17135,G50_20180620_054500,G50,2018/06/20,05:45:00,G50_20180620_054500.wav,San Rafael,Area proteccion embalse EPM,6.3721,-74.9879,1273,Forest,1,2,Moderate
17136,G50_20180620_061500,G50,2018/06/20,06:15:00,G50_20180620_061500.wav,San Rafael,Area proteccion embalse EPM,6.3721,-74.9879,1273,Forest,1,1,Light
17137,G50_20180620_063000,G50,2018/06/20,06:30:00,G50_20180620_063000.wav,San Rafael,Area proteccion embalse EPM,6.3721,-74.9879,1273,Forest,1,1,Light
17138,G50_20180620_064500,G50,2018/06/20,06:45:00,G50_20180620_064500.wav,San Rafael,Area proteccion embalse EPM,6.3721,-74.9879,1273,Forest,1,1,Light
17139,G50_20180620_071500,G50,2018/06/20,07:15:00,G50_20180620_071500.wav,San Rafael,Area proteccion embalse EPM,6.3721,-74.9879,1273,Forest,1,1,Light
17140,G50_20180620_070000,G50,2018/06/20,07:00:00,G50_20180620_070000.wav,San Rafael,Area proteccion embalse EPM,6.3721,-74.9879,1273,Forest,1,1,Light
17141,G50_20180620_073000,G50,2018/06/20,07:30:00,G50_20180620_073000.wav,San Rafael,Area proteccion embalse EPM,6.3721,-74.9879,1273,Forest,1,1,Light
17142,G50_20180620_074500,G50,2018/06/20,07:45:00,G50_20180620_074500.wav,San Rafael,Area proteccion embalse EPM,6.3721,-74.9879,1273,Forest,0,0,No_rain
17143,G50_20180620_170000,G50,2018/06/20,17:00:00,G50_20180620_170000.wav,San Rafael,Area proteccion embalse EPM,6.3721,-74.9879,1273,Forest,0,0,No_rain
17144,G50_20180620_171500,G50,2018/06/20,17:15:00,G50_20180620_171500.wav,San Rafael,Area proteccion embalse EPM,6.3721,-74.9879,1273,Forest,0,0,No_rain
17145,G50_20180620_173000,G50,2018/06/20,17:30:00,G50_20180620_173000.wav,San Rafael,Area proteccion embalse EPM,6.3721,-74.9879,1273,Forest,0,0,No_rain
17146,G50_20180620_174500,G50,2018/06/20,17:45:00,G50_20180620_174500.wav,San Rafael,Area proteccion embalse EPM,6.3721,-74.9879,1273,Forest,0,0,No_rain
17147,G50_20180620_181500,G50,2018/06/20,18:15:00,G50_20180620_181500.wav,San Rafael,Area proteccion embalse EPM,6.3721,-74.9879,1273,Forest,0,0,No_rain
17148,G50_20180620_180000,G50,2018/06/20,18:00:00,G50_20180620_180000.wav,San Rafael,Area proteccion embalse EPM,6.3721,-74.9879,1273,Forest,0,0,No_rain
17149,G50_20180620_183000,G50,2018/06/20,18:30:00,G50_20180620_183000.wav,San Rafael,Area proteccion embalse EPM,6.3721,-74.9879,1273,Forest,0,0,No_rain
17150,G50_20180620_184500,G50,2018/06/20,18:45:00,G50_20180620_184500.wav,San Rafael,Area proteccion embalse EPM,6.3721,-74.9879,1273,Forest,0,0,No_rain
17151,G50_20180620_190000,G50,2018/06/20,19:00:00,G50_20180620_190000.wav,San Rafael,Area proteccion embalse EPM,6.3721,-74.9879,1273,Forest,0,0,No_rain
17152,G50_20180620_191500,G50,2018/06/20,19:15:00,G50_20180620_191500.wav,San Rafael,Area proteccion embalse EPM,6.3721,-74.9879,1273,Forest,0,0,No_rain
17153,G50_20180620_193000,G50,2018/06/20,19:30:00,G50_20180620_193000.wav,San Rafael,Area proteccion embalse EPM,6.3721,-74.9879,1273,Forest,0,0,No_rain
17154,G50_20180620_194500,G50,2018/06/20,19:45:00,G50_20180620_194500.wav,San Rafael,Area proteccion embalse EPM,6.3721,-74.9879,1273,Forest,0,0,No_rain
17155,G50_20180621_050000,G50,2018/06/21,05:00:00,G50_20180621_050000.wav,San Rafael,Area proteccion embalse EPM,6.3721,-74.9879,1273,Forest,0,0,No_rain
17156,G50_20180621_051500,G50,2018/06/21,05:15:00,G50_20180621_051500.wav,San Rafael,Area proteccion embalse EPM,6.3721,-74.9879,1273,Forest,0,0,No_rain
17157,G50_20180621_053000,G50,2018/06/21,05:30:00,G50_20180621_053000.wav,San Rafael,Area proteccion embalse EPM,6.3721,-74.9879,1273,Forest,0,0,No_rain
17158,G50_20180621_054500,G50,2018/06/21,05:45:00,G50_20180621_054500.wav,San Rafael,Area proteccion embalse EPM,6.3721,-74.9879,1273,Forest,0,0,No_rain
17159,G50_20180621_060000,G50,2018/06/21,06:00:00,G50_20180621_060000.wav,San Rafael,Area proteccion embalse EPM,6.3721,-74.9879,1273,Forest,0,0,No_rain
17160,G50_20180621_063000,G50,2018/06/21,06:30:00,G50_20180621_063000.wav,San Rafael,Area proteccion embalse EPM,6.3721,-74.9879,1273,Forest,0,0,No_rain
17161,G50_20180621_061500,G50,2018/06/21,06:15:00,G50_20180621_061500.wav,San Rafael,Area proteccion embalse EPM,6.3721,-74.9879,1273,Forest,0,0,No_rain
17162,G50_20180621_070000,G50,2018/06/21,07:00:00,G50_20180621_070000.wav,San Rafael,Area proteccion embalse EPM,6.3721,-74.9879,1273,Forest,0,0,No_rain
17163,G50_20180621_064500,G50,2018/06/21,06:45:00,G50_20180621_064500.wav,San Rafael,Area proteccion embalse EPM,6.3721,-74.9879,1273,Forest,0,0,No_rain
17164,G50_20180621_071500,G50,2018/06/21,07:15:00,G50_20180621_071500.wav,San Rafael,Area proteccion embalse EPM,6.3721,-74.9879,1273,Forest,0,0,No_rain
17165,G50_20180621_074500,G50,2018/06/21,07:45:00,G50_20180621_074500.wav,San Rafael,Area proteccion embalse EPM,6.3721,-74.9879,1273,Forest,0,0,No_rain
17166,G50_20180621_073000,G50,2018/06/21,07:30:00,G50_20180621_073000.wav,San Rafael,Area proteccion embalse EPM,6.3721,-74.9879,1273,Forest,0,0,No_rain
17167,G50_20180621_171500,G50,2018/06/21,17:15:00,G50_20180621_171500.wav,San Rafael,Area proteccion embalse EPM,6.3721,-74.9879,1273,Forest,0,0,No_rain
17168,G50_20180621_170000,G50,2018/06/21,17:00:00,G50_20180621_170000.wav,San Rafael,Area proteccion embalse EPM,6.3721,-74.9879,1273,Forest,0,0,No_rain
17169,G50_20180621_174500,G50,2018/06/21,17:45:00,G50_20180621_174500.wav,San Rafael,Area proteccion embalse EPM,6.3721,-74.9879,1273,Forest,0,0,No_rain
17170,G50_20180621_173000,G50,2018/06/21,17:30:00,G50_20180621_173000.wav,San Rafael,Area proteccion embalse EPM,6.3721,-74.9879,1273,Forest,0,0,No_rain
17171,G50_20180621_181500,G50,2018/06/21,18:15:00,G50_20180621_181500.wav,San Rafael,Area proteccion embalse EPM,6.3721,-74.9879,1273,Forest,0,0,No_rain
17172,G50_20180621_180000,G50,2018/06/21,18:00:00,G50_20180621_180000.wav,San Rafael,Area proteccion embalse EPM,6.3721,-74.9879,1273,Forest,0,0,No_rain
17173,G50_20180621_183000,G50,2018/06/21,18:30:00,G50_20180621_183000.wav,San Rafael,Area proteccion embalse EPM,6.3721,-74.9879,1273,Forest,0,0,No_rain
17174,G50_20180621_184500,G50,2018/06/21,18:45:00,G50_20180621_184500.wav,San Rafael,Area proteccion embalse EPM,6.3721,-74.9879,1273,Forest,0,0,No_rain
17175,G50_20180621_190000,G50,2018/06/21,19:00:00,G50_20180621_190000.wav,San Rafael,Area proteccion embalse EPM,6.3721,-74.9879,1273,Forest,0,0,No_rain
17176,G50_20180621_191500,G50,2018/06/21,19:15:00,G50_20180621_191500.wav,San Rafael,Area proteccion embalse EPM,6.3721,-74.9879,1273,Forest,0,0,No_rain
17177,G50_20180621_193000,G50,2018/06/21,19:30:00,G50_20180621_193000.wav,San Rafael,Area proteccion embalse EPM,6.3721,-74.9879,1273,Forest,0,0,No_rain
17178,G50_20180621_194500,G50,2018/06/21,19:45:00,G50_20180621_194500.wav,San Rafael,Area proteccion embalse EPM,6.3721,-74.9879,1273,Forest,0,0,No_rain
17179,G50_20180622_050000,G50,2018/06/22,05:00:00,G50_20180622_050000.wav,San Rafael,Area proteccion embalse EPM,6.3721,-74.9879,1273,Forest,1,1,Light
17180,G50_20180622_051500,G50,2018/06/22,05:15:00,G50_20180622_051500.wav,San Rafael,Area proteccion embalse EPM,6.3721,-74.9879,1273,Forest,0,0,No_rain
17181,G50_20180622_053000,G50,2018/06/22,05:30:00,G50_20180622_053000.wav,San Rafael,Area proteccion embalse EPM,6.3721,-74.9879,1273,Forest,1,1,Light
17182,G50_20180622_060000,G50,2018/06/22,06:00:00,G50_20180622_060000.wav,San Rafael,Area proteccion embalse EPM,6.3721,-74.9879,1273,Forest,0,0,No_rain
17183,G50_20180622_054500,G50,2018/06/22,05:45:00,G50_20180622_054500.wav,San Rafael,Area proteccion embalse EPM,6.3721,-74.9879,1273,Forest,0,0,No_rain
17184,G50_20180622_061500,G50,2018/06/22,06:15:00,G50_20180622_061500.wav,San Rafael,Area proteccion embalse EPM,6.3721,-74.9879,1273,Forest,0,0,No_rain
17185,G50_20180622_063000,G50,2018/06/22,06:30:00,G50_20180622_063000.wav,San Rafael,Area proteccion embalse EPM,6.3721,-74.9879,1273,Forest,0,0,No_rain
17186,G50_20180622_064500,G50,2018/06/22,06:45:00,G50_20180622_064500.wav,San Rafael,Area proteccion embalse EPM,6.3721,-74.9879,1273,Forest,0,0,No_rain
17187,G50_20180622_070000,G50,2018/06/22,07:00:00,G50_20180622_070000.wav,San Rafael,Area proteccion embalse EPM,6.3721,-74.9879,1273,Forest,0,0,No_rain
17188,G50_20180622_071500,G50,2018/06/22,07:15:00,G50_20180622_071500.wav,San Rafael,Area proteccion embalse EPM,6.3721,-74.9879,1273,Forest,0,0,No_rain
17189,G50_20180622_073000,G50,2018/06/22,07:30:00,G50_20180622_073000.wav,San Rafael,Area proteccion embalse EPM,6.3721,-74.9879,1273,Forest,0,0,No_rain
17190,G50_20180622_074500,G50,2018/06/22,07:45:00,G50_20180622_074500.wav,San Rafael,Area proteccion embalse EPM,6.3721,-74.9879,1273,Forest,0,0,No_rain
17191,G50_20180622_170000,G50,2018/06/22,17:00:00,G50_20180622_170000.wav,San Rafael,Area proteccion embalse EPM,6.3721,-74.9879,1273,Forest,0,0,No_rain
17192,G50_20180622_171500,G50,2018/06/22,17:15:00,G50_20180622_171500.wav,San Rafael,Area proteccion embalse EPM,6.3721,-74.9879,1273,Forest,0,0,No_rain
17193,G50_20180622_173000,G50,2018/06/22,17:30:00,G50_20180622_173000.wav,San Rafael,Area proteccion embalse EPM,6.3721,-74.9879,1273,Forest,0,0,No_rain
17194,G50_20180622_174500,G50,2018/06/22,17:45:00,G50_20180622_174500.wav,San Rafael,Area proteccion embalse EPM,6.3721,-74.9879,1273,Forest,0,0,No_rain
17195,G50_20180622_181500,G50,2018/06/22,18:15:00,G50_20180622_181500.wav,San Rafael,Area proteccion embalse EPM,6.3721,-74.9879,1273,Forest,0,0,No_rain
17196,G50_20180622_180000,G50,2018/06/22,18:00:00,G50_20180622_180000.wav,San Rafael,Area proteccion embalse EPM,6.3721,-74.9879,1273,Forest,0,0,No_rain
17197,G50_20180622_183000,G50,2018/06/22,18:30:00,G50_20180622_183000.wav,San Rafael,Area proteccion embalse EPM,6.3721,-74.9879,1273,Forest,0,0,No_rain
17198,G50_20180622_184500,G50,2018/06/22,18:45:00,G50_20180622_184500.wav,San Rafael,Area proteccion embalse EPM,6.3721,-74.9879,1273,Forest,0,0,No_rain
17199,G50_20180622_190000,G50,2018/06/22,19:00:00,G50_20180622_190000.wav,San Rafael,Area proteccion embalse EPM,6.3721,-74.9879,1273,Forest,0,0,No_rain
17200,G50_20180622_191500,G50,2018/06/22,19:15:00,G50_20180622_191500.wav,San Rafael,Area proteccion embalse EPM,6.3721,-74.9879,1273,Forest,0,0,No_rain
17201,G50_20180622_193000,G50,2018/06/22,19:30:00,G50_20180622_193000.wav,San Rafael,Area proteccion embalse EPM,6.3721,-74.9879,1273,Forest,0,0,No_rain
17202,G50_20180622_194500,G50,2018/06/22,19:45:00,G50_20180622_194500.wav,San Rafael,Area proteccion embalse EPM,6.3721,-74.9879,1273,Forest,0,0,No_rain
17203,G50_20180623_050000,G50,2018/06/23,05:00:00,G50_20180623_050000.wav,San Rafael,Area proteccion embalse EPM,6.3721,-74.9879,1273,Forest,1,1,Light
17204,G50_20180623_051500,G50,2018/06/23,05:15:00,G50_20180623_051500.wav,San Rafael,Area proteccion embalse EPM,6.3721,-74.9879,1273,Forest,1,1,Light
17205,G50_20180623_053000,G50,2018/06/23,05:30:00,G50_20180623_053000.wav,San Rafael,Area proteccion embalse EPM,6.3721,-74.9879,1273,Forest,1,1,Light
17206,G50_20180623_054500,G50,2018/06/23,05:45:00,G50_20180623_054500.wav,San Rafael,Area proteccion embalse EPM,6.3721,-74.9879,1273,Forest,1,1,Light
17207,G50_20180623_060000,G50,2018/06/23,06:00:00,G50_20180623_060000.wav,San Rafael,Area proteccion embalse EPM,6.3721,-74.9879,1273,Forest,1,1,Light
17208,G50_20180623_061500,G50,2018/06/23,06:15:00,G50_20180623_061500.wav,San Rafael,Area proteccion embalse EPM,6.3721,-74.9879,1273,Forest,1,1,Light
17209,G50_20180623_063000,G50,2018/06/23,06:30:00,G50_20180623_063000.wav,San Rafael,Area proteccion embalse EPM,6.3721,-74.9879,1273,Forest,1,1,Light
17210,G50_20180623_070000,G50,2018/06/23,07:00:00,G50_20180623_070000.wav,San Rafael,Area proteccion embalse EPM,6.3721,-74.9879,1273,Forest,1,1,Light
17211,G50_20180623_064500,G50,2018/06/23,06:45:00,G50_20180623_064500.wav,San Rafael,Area proteccion embalse EPM,6.3721,-74.9879,1273,Forest,1,1,Light
17212,G50_20180623_071500,G50,2018/06/23,07:15:00,G50_20180623_071500.wav,San Rafael,Area proteccion embalse EPM,6.3721,-74.9879,1273,Forest,1,1,Light
17213,G50_20180623_074500,G50,2018/06/23,07:45:00,G50_20180623_074500.wav,San Rafael,Area proteccion embalse EPM,6.3721,-74.9879,1273,Forest,1,1,Light
17214,G50_20180623_073000,G50,2018/06/23,07:30:00,G50_20180623_073000.wav,San Rafael,Area proteccion embalse EPM,6.3721,-74.9879,1273,Forest,1,1,Light
17215,G50_20180623_170000,G50,2018/06/23,17:00:00,G50_20180623_170000.wav,San Rafael,Area proteccion embalse EPM,6.3721,-74.9879,1273,Forest,0,0,No_rain
17216,G50_20180623_171500,G50,2018/06/23,17:15:00,G50_20180623_171500.wav,San Rafael,Area proteccion embalse EPM,6.3721,-74.9879,1273,Forest,0,0,No_rain
17217,G50_20180623_174500,G50,2018/06/23,17:45:00,G50_20180623_174500.wav,San Rafael,Area proteccion embalse EPM,6.3721,-74.9879,1273,Forest,0,0,No_rain
17218,G50_20180623_173000,G50,2018/06/23,17:30:00,G50_20180623_173000.wav,San Rafael,Area proteccion embalse EPM,6.3721,-74.9879,1273,Forest,0,0,No_rain
17219,G50_20180623_180000,G50,2018/06/23,18:00:00,G50_20180623_180000.wav,San Rafael,Area proteccion embalse EPM,6.3721,-74.9879,1273,Forest,0,0,No_rain
17220,G50_20180623_181500,G50,2018/06/23,18:15:00,G50_20180623_181500.wav,San Rafael,Area proteccion embalse EPM,6.3721,-74.9879,1273,Forest,0,0,No_rain
17221,G50_20180623_184500,G50,2018/06/23,18:45:00,G50_20180623_184500.wav,San Rafael,Area proteccion embalse EPM,6.3721,-74.9879,1273,Forest,0,0,No_rain
17222,G50_20180623_183000,G50,2018/06/23,18:30:00,G50_20180623_183000.wav,San Rafael,Area proteccion embalse EPM,6.3721,-74.9879,1273,Forest,0,0,No_rain
17223,G50_20180623_190000,G50,2018/06/23,19:00:00,G50_20180623_190000.wav,San Rafael,Area proteccion embalse EPM,6.3721,-74.9879,1273,Forest,0,0,No_rain
17224,G50_20180623_191500,G50,2018/06/23,19:15:00,G50_20180623_191500.wav,San Rafael,Area proteccion embalse EPM,6.3721,-74.9879,1273,Forest,0,0,No_rain
17225,G50_20180623_193000,G50,2018/06/23,19:30:00,G50_20180623_193000.wav,San Rafael,Area proteccion embalse EPM,6.3721,-74.9879,1273,Forest,0,0,No_rain
17226,G50_20180624_050000,G50,2018/06/24,05:00:00,G50_20180624_050000.wav,San Rafael,Area proteccion embalse EPM,6.3721,-74.9879,1273,Forest,1,1,Light
17227,G50_20180623_194500,G50,2018/06/23,19:45:00,G50_20180623_194500.wav,San Rafael,Area proteccion embalse EPM,6.3721,-74.9879,1273,Forest,0,0,No_rain
17228,G50_20180624_051500,G50,2018/06/24,05:15:00,G50_20180624_051500.wav,San Rafael,Area proteccion embalse EPM,6.3721,-74.9879,1273,Forest,1,1,Light
17229,G50_20180624_053000,G50,2018/06/24,05:30:00,G50_20180624_053000.wav,San Rafael,Area proteccion embalse EPM,6.3721,-74.9879,1273,Forest,1,1,Light
17230,G50_20180624_060000,G50,2018/06/24,06:00:00,G50_20180624_060000.wav,San Rafael,Area proteccion embalse EPM,6.3721,-74.9879,1273,Forest,1,1,Light
17231,G50_20180624_054500,G50,2018/06/24,05:45:00,G50_20180624_054500.wav,San Rafael,Area proteccion embalse EPM,6.3721,-74.9879,1273,Forest,1,1,Light
17232,G50_20180624_061500,G50,2018/06/24,06:15:00,G50_20180624_061500.wav,San Rafael,Area proteccion embalse EPM,6.3721,-74.9879,1273,Forest,1,1,Light
17233,G50_20180624_063000,G50,2018/06/24,06:30:00,G50_20180624_063000.wav,San Rafael,Area proteccion embalse EPM,6.3721,-74.9879,1273,Forest,1,1,Light
17234,G50_20180624_064500,G50,2018/06/24,06:45:00,G50_20180624_064500.wav,San Rafael,Area proteccion embalse EPM,6.3721,-74.9879,1273,Forest,1,1,Light
17235,G50_20180624_071500,G50,2018/06/24,07:15:00,G50_20180624_071500.wav,San Rafael,Area proteccion embalse EPM,6.3721,-74.9879,1273,Forest,1,1,Light
17236,G50_20180624_070000,G50,2018/06/24,07:00:00,G50_20180624_070000.wav,San Rafael,Area proteccion embalse EPM,6.3721,-74.9879,1273,Forest,1,1,Light
17237,G50_20180624_073000,G50,2018/06/24,07:30:00,G50_20180624_073000.wav,San Rafael,Area proteccion embalse EPM,6.3721,-74.9879,1273,Forest,1,1,Light
17238,G50_20180624_074500,G50,2018/06/24,07:45:00,G50_20180624_074500.wav,San Rafael,Area proteccion embalse EPM,6.3721,-74.9879,1273,Forest,1,1,Light
17239,G50_20180624_170000,G50,2018/06/24,17:00:00,G50_20180624_170000.wav,San Rafael,Area proteccion embalse EPM,6.3721,-74.9879,1273,Forest,0,0,No_rain
17240,G50_20180624_171500,G50,2018/06/24,17:15:00,G50_20180624_171500.wav,San Rafael,Area proteccion embalse EPM,6.3721,-74.9879,1273,Forest,0,0,No_rain
17241,G50_20180624_173000,G50,2018/06/24,17:30:00,G50_20180624_173000.wav,San Rafael,Area proteccion embalse EPM,6.3721,-74.9879,1273,Forest,0,0,No_rain
17242,G50_20180624_174500,G50,2018/06/24,17:45:00,G50_20180624_174500.wav,San Rafael,Area proteccion embalse EPM,6.3721,-74.9879,1273,Forest,0,0,No_rain
17243,G50_20180624_180000,G50,2018/06/24,18:00:00,G50_20180624_180000.wav,San Rafael,Area proteccion embalse EPM,6.3721,-74.9879,1273,Forest,0,0,No_rain
17244,G50_20180624_181500,G50,2018/06/24,18:15:00,G50_20180624_181500.wav,San Rafael,Area proteccion embalse EPM,6.3721,-74.9879,1273,Forest,0,0,No_rain
17245,G50_20180624_184500,G50,2018/06/24,18:45:00,G50_20180624_184500.wav,San Rafael,Area proteccion embalse EPM,6.3721,-74.9879,1273,Forest,0,0,No_rain
17246,G50_20180624_183000,G50,2018/06/24,18:30:00,G50_20180624_183000.wav,San Rafael,Area proteccion embalse EPM,6.3721,-74.9879,1273,Forest,0,0,No_rain
17247,G50_20180624_190000,G50,2018/06/24,19:00:00,G50_20180624_190000.wav,San Rafael,Area proteccion embalse EPM,6.3721,-74.9879,1273,Forest,0,0,No_rain
17248,G50_20180624_191500,G50,2018/06/24,19:15:00,G50_20180624_191500.wav,San Rafael,Area proteccion embalse EPM,6.3721,-74.9879,1273,Forest,0,0,No_rain
17249,G50_20180624_193000,G50,2018/06/24,19:30:00,G50_20180624_193000.wav,San Rafael,Area proteccion embalse EPM,6.3721,-74.9879,1273,Forest,0,0,No_rain
17250,G50_20180625_050000,G50,2018/06/25,05:00:00,G50_20180625_050000.wav,San Rafael,Area proteccion embalse EPM,6.3721,-74.9879,1273,Forest,0,0,No_rain
17251,G50_20180624_194500,G50,2018/06/24,19:45:00,G50_20180624_194500.wav,San Rafael,Area proteccion embalse EPM,6.3721,-74.9879,1273,Forest,0,0,No_rain
17252,G50_20180625_051500,G50,2018/06/25,05:15:00,G50_20180625_051500.wav,San Rafael,Area proteccion embalse EPM,6.3721,-74.9879,1273,Forest,0,0,No_rain
17253,G50_20180625_053000,G50,2018/06/25,05:30:00,G50_20180625_053000.wav,San Rafael,Area proteccion embalse EPM,6.3721,-74.9879,1273,Forest,0,0,No_rain
17254,G50_20180625_060000,G50,2018/06/25,06:00:00,G50_20180625_060000.wav,San Rafael,Area proteccion embalse EPM,6.3721,-74.9879,1273,Forest,0,0,No_rain
17255,G50_20180625_054500,G50,2018/06/25,05:45:00,G50_20180625_054500.wav,San Rafael,Area proteccion embalse EPM,6.3721,-74.9879,1273,Forest,0,0,No_rain
17256,G50_20180625_063000,G50,2018/06/25,06:30:00,G50_20180625_063000.wav,San Rafael,Area proteccion embalse EPM,6.3721,-74.9879,1273,Forest,0,0,No_rain
17257,G50_20180625_061500,G50,2018/06/25,06:15:00,G50_20180625_061500.wav,San Rafael,Area proteccion embalse EPM,6.3721,-74.9879,1273,Forest,0,0,No_rain
17258,G50_20180625_064500,G50,2018/06/25,06:45:00,G50_20180625_064500.wav,San Rafael,Area proteccion embalse EPM,6.3721,-74.9879,1273,Forest,0,0,No_rain
17259,G50_20180625_070000,G50,2018/06/25,07:00:00,G50_20180625_070000.wav,San Rafael,Area proteccion embalse EPM,6.3721,-74.9879,1273,Forest,0,0,No_rain
17260,G50_20180625_071500,G50,2018/06/25,07:15:00,G50_20180625_071500.wav,San Rafael,Area proteccion embalse EPM,6.3721,-74.9879,1273,Forest,0,0,No_rain
17261,G50_20180625_074500,G50,2018/06/25,07:45:00,G50_20180625_074500.wav,San Rafael,Area proteccion embalse EPM,6.3721,-74.9879,1273,Forest,0,0,No_rain
17262,G50_20180625_073000,G50,2018/06/25,07:30:00,G50_20180625_073000.wav,San Rafael,Area proteccion embalse EPM,6.3721,-74.9879,1273,Forest,0,0,No_rain
