,Recording,Recorder,Date,Time,Filename,Municipio,Vereda,Latitud,Longitud,Elevacion,Habitat,Rain_occurrence,Rain_Intesity,Intensity_Category
17263,G51_20180625_154400,G51,2018/06/25,15:44:00,G51_20180625_154400.wav,San Rafael,Area proteccion embalse EPM,6.3602,-75.0071,1368,Forest,0,0,No_rain
17264,G51_20180625_160000,G51,2018/06/25,16:00:00,G51_20180625_160000.wav,San Rafael,Area proteccion embalse EPM,6.3602,-75.0071,1368,Forest,0,0,No_rain
17265,G51_20180625_161600,G51,2018/06/25,16:16:00,G51_20180625_161600.wav,San Rafael,Area proteccion embalse EPM,6.3602,-75.0071,1368,Forest,0,0,No_rain
17266,G51_20180625_201600,G51,2018/06/25,20:16:00,G51_20180625_201600.wav,San Rafael,Area proteccion embalse EPM,6.3602,-75.0071,1368,Forest,0,0,No_rain
17267,G51_20180625_203200,G51,2018/06/25,20:32:00,G51_20180625_203200.wav,San Rafael,Area proteccion embalse EPM,6.3602,-75.0071,1368,Forest,0,0,No_rain
17268,G51_20180625_210400,G51,2018/06/25,21:04:00,G51_20180625_210400.wav,San Rafael,Area proteccion embalse EPM,6.3602,-75.0071,1368,Forest,0,0,No_rain
17269,G51_20180625_212000,G51,2018/06/25,21:20:00,G51_20180625_212000.wav,San Rafael,Area proteccion embalse EPM,6.3602,-75.0071,1368,Forest,0,0,No_rain
17270,G51_20180625_213600,G51,2018/06/25,21:36:00,G51_20180625_213600.wav,San Rafael,Area proteccion embalse EPM,6.3602,-75.0071,1368,Forest,0,0,No_rain
17271,G51_20180625_220800,G51,2018/06/25,22:08:00,G51_20180625_220800.wav,San Rafael,Area proteccion embalse EPM,6.3602,-75.0071,1368,Forest,0,0,No_rain
17272,G51_20180625_222400,G51,2018/06/25,22:24:00,G51_20180625_222400.wav,San Rafael,Area proteccion embalse EPM,6.3602,-75.0071,1368,Forest,0,0,No_rain
17273,G51_20180625_224000,G51,2018/06/25,22:40:00,G51_20180625_224000.wav,San Rafael,Area proteccion embalse EPM,6.3602,-75.0071,1368,Forest,0,0,No_rain
17274,G51_20180625_225600,G51,2018/06/25,22:56:00,G51_20180625_225600.wav,San Rafael,Area proteccion embalse EPM,6.3602,-75.0071,1368,Forest,0,0,No_rain
17275,G51_20180625_232800,G51,2018/06/25,23:28:00,G51_20180625_232800.wav,San Rafael,Area proteccion embalse EPM,6.3602,-75.0071,1368,Forest,0,0,No_rain
17276,G51_20180625_234400,G51,2018/06/25,23:44:00,G51_20180625_234400.wav,San Rafael,Area proteccion embalse EPM,6.3602,-75.0071,1368,Forest,0,0,No_rain
17277,G51_20180626_000000,G51,2018/06/26,00:00:00,G51_20180626_000000.wav,San Rafael,Area proteccion embalse EPM,6.3602,-75.0071,1368,Forest,0,0,No_rain
17278,G51_20180626_001600,G51,2018/06/26,00:16:00,G51_20180626_001600.wav,San Rafael,Area proteccion embalse EPM,6.3602,-75.0071,1368,Forest,0,0,No_rain
17279,G51_20180626_003200,G51,2018/06/26,00:32:00,G51_20180626_003200.wav,San Rafael,Area proteccion embalse EPM,6.3602,-75.0071,1368,Forest,0,0,No_rain
17280,G51_20180626_004800,G51,2018/06/26,00:48:00,G51_20180626_004800.wav,San Rafael,Area proteccion embalse EPM,6.3602,-75.0071,1368,Forest,0,0,No_rain
17281,G51_20180626_010400,G51,2018/06/26,01:04:00,G51_20180626_010400.wav,San Rafael,Area proteccion embalse EPM,6.3602,-75.0071,1368,Forest,0,0,No_rain
17282,G51_20180626_012000,G51,2018/06/26,01:20:00,G51_20180626_012000.wav,San Rafael,Area proteccion embalse EPM,6.3602,-75.0071,1368,Forest,0,0,No_rain
17283,G51_20180626_013600,G51,2018/06/26,01:36:00,G51_20180626_013600.wav,San Rafael,Area proteccion embalse EPM,6.3602,-75.0071,1368,Forest,0,0,No_rain
17284,G51_20180626_015200,G51,2018/06/26,01:52:00,G51_20180626_015200.wav,San Rafael,Area proteccion embalse EPM,6.3602,-75.0071,1368,Forest,0,0,No_rain
17285,G51_20180626_020800,G51,2018/06/26,02:08:00,G51_20180626_020800.wav,San Rafael,Area proteccion embalse EPM,6.3602,-75.0071,1368,Forest,0,0,No_rain
17286,G51_20180626_022400,G51,2018/06/26,02:24:00,G51_20180626_022400.wav,San Rafael,Area proteccion embalse EPM,6.3602,-75.0071,1368,Forest,0,0,No_rain
17287,G51_20180626_024000,G51,2018/06/26,02:40:00,G51_20180626_024000.wav,San Rafael,Area proteccion embalse EPM,6.3602,-75.0071,1368,Forest,0,0,No_rain
17288,G51_20180626_025600,G51,2018/06/26,02:56:00,G51_20180626_025600.wav,San Rafael,Area proteccion embalse EPM,6.3602,-75.0071,1368,Forest,0,0,No_rain
17289,G51_20180626_031200,G51,2018/06/26,03:12:00,G51_20180626_031200.wav,San Rafael,Area proteccion embalse EPM,6.3602,-75.0071,1368,Forest,0,0,No_rain
17290,G51_20180626_032800,G51,2018/06/26,03:28:00,G51_20180626_032800.wav,San Rafael,Area proteccion embalse EPM,6.3602,-75.0071,1368,Forest,0,0,No_rain
17291,G51_20180626_034400,G51,2018/06/26,03:44:00,G51_20180626_034400.wav,San Rafael,Area proteccion embalse EPM,6.3602,-75.0071,1368,Forest,0,0,No_rain
17292,G51_20180626_040000,G51,2018/06/26,04:00:00,G51_20180626_040000.wav,San Rafael,Area proteccion embalse EPM,6.3602,-75.0071,1368,Forest,0,0,No_rain
17293,G51_20180626_041600,G51,2018/06/26,04:16:00,G51_20180626_041600.wav,San Rafael,Area proteccion embalse EPM,6.3602,-75.0071,1368,Forest,0,0,No_rain
17294,G51_20180626_043200,G51,2018/06/26,04:32:00,G51_20180626_043200.wav,San Rafael,Area proteccion embalse EPM,6.3602,-75.0071,1368,Forest,0,0,No_rain
17295,G51_20180626_044800,G51,2018/06/26,04:48:00,G51_20180626_044800.wav,San Rafael,Area proteccion embalse EPM,6.3602,-75.0071,1368,Forest,0,0,No_rain
17296,G51_20180626_080000,G51,2018/06/26,08:00:00,G51_20180626_080000.wav,San Rafael,Area proteccion embalse EPM,6.3602,-75.0071,1368,Forest,0,0,No_rain
17297,G51_20180626_083200,G51,2018/06/26,08:32:00,G51_20180626_083200.wav,San Rafael,Area proteccion embalse EPM,6.3602,-75.0071,1368,Forest,0,0,No_rain
17298,G51_20180626_084800,G51,2018/06/26,08:48:00,G51_20180626_084800.wav,San Rafael,Area proteccion embalse EPM,6.3602,-75.0071,1368,Forest,0,0,No_rain
17299,G51_20180626_090400,G51,2018/06/26,09:04:00,G51_20180626_090400.wav,San Rafael,Area proteccion embalse EPM,6.3602,-75.0071,1368,Forest,0,0,No_rain
17300,G51_20180626_092000,G51,2018/06/26,09:20:00,G51_20180626_092000.wav,San Rafael,Area proteccion embalse EPM,6.3602,-75.0071,1368,Forest,0,0,No_rain
17301,G51_20180626_093600,G51,2018/06/26,09:36:00,G51_20180626_093600.wav,San Rafael,Area proteccion embalse EPM,6.3602,-75.0071,1368,Forest,0,0,No_rain
17302,G51_20180626_095200,G51,2018/06/26,09:52:00,G51_20180626_095200.wav,San Rafael,Area proteccion embalse EPM,6.3602,-75.0071,1368,Forest,0,0,No_rain
17303,G51_20180626_100800,G51,2018/06/26,10:08:00,G51_20180626_100800.wav,San Rafael,Area proteccion embalse EPM,6.3602,-75.0071,1368,Forest,0,0,No_rain
17304,G51_20180626_102400,G51,2018/06/26,10:24:00,G51_20180626_102400.wav,San Rafael,Area proteccion embalse EPM,6.3602,-75.0071,1368,Forest,0,0,No_rain
17305,G51_20180626_104000,G51,2018/06/26,10:40:00,G51_20180626_104000.wav,San Rafael,Area proteccion embalse EPM,6.3602,-75.0071,1368,Forest,0,0,No_rain
17306,G51_20180626_105600,G51,2018/06/26,10:56:00,G51_20180626_105600.wav,San Rafael,Area proteccion embalse EPM,6.3602,-75.0071,1368,Forest,0,0,No_rain
17307,G51_20180626_120000,G51,2018/06/26,12:00:00,G51_20180626_120000.wav,San Rafael,Area proteccion embalse EPM,6.3602,-75.0071,1368,Forest,0,0,No_rain
17308,G51_20180626_121600,G51,2018/06/26,12:16:00,G51_20180626_121600.wav,San Rafael,Area proteccion embalse EPM,6.3602,-75.0071,1368,Forest,0,0,No_rain
17309,G51_20180626_133600,G51,2018/06/26,13:36:00,G51_20180626_133600.wav,San Rafael,Area proteccion embalse EPM,6.3602,-75.0071,1368,Forest,0,0,No_rain
17310,G51_20180626_140800,G51,2018/06/26,14:08:00,G51_20180626_140800.wav,San Rafael,Area proteccion embalse EPM,6.3602,-75.0071,1368,Forest,0,0,No_rain
17311,G51_20180626_145600,G51,2018/06/26,14:56:00,G51_20180626_145600.wav,San Rafael,Area proteccion embalse EPM,6.3602,-75.0071,1368,Forest,0,0,No_rain
17312,G51_20180626_164800,G51,2018/06/26,16:48:00,G51_20180626_164800.wav,San Rafael,Area proteccion embalse EPM,6.3602,-75.0071,1368,Forest,0,0,No_rain
17313,G51_20180626_200000,G51,2018/06/26,20:00:00,G51_20180626_200000.wav,San Rafael,Area proteccion embalse EPM,6.3602,-75.0071,1368,Forest,0,0,No_rain
17314,G51_20180626_201600,G51,2018/06/26,20:16:00,G51_20180626_201600.wav,San Rafael,Area proteccion embalse EPM,6.3602,-75.0071,1368,Forest,0,0,No_rain
17315,G51_20180626_204800,G51,2018/06/26,20:48:00,G51_20180626_204800.wav,San Rafael,Area proteccion embalse EPM,6.3602,-75.0071,1368,Forest,0,0,No_rain
17316,G51_20180626_210400,G51,2018/06/26,21:04:00,G51_20180626_210400.wav,San Rafael,Area proteccion embalse EPM,6.3602,-75.0071,1368,Forest,0,0,No_rain
17317,G51_20180626_212000,G51,2018/06/26,21:20:00,G51_20180626_212000.wav,San Rafael,Area proteccion embalse EPM,6.3602,-75.0071,1368,Forest,0,0,No_rain
17318,G51_20180626_213600,G51,2018/06/26,21:36:00,G51_20180626_213600.wav,San Rafael,Area proteccion embalse EPM,6.3602,-75.0071,1368,Forest,0,0,No_rain
17319,G51_20180626_215200,G51,2018/06/26,21:52:00,G51_20180626_215200.wav,San Rafael,Area proteccion embalse EPM,6.3602,-75.0071,1368,Forest,0,0,No_rain
17320,G51_20180626_220800,G51,2018/06/26,22:08:00,G51_20180626_220800.wav,San Rafael,Area proteccion embalse EPM,6.3602,-75.0071,1368,Forest,0,0,No_rain
17321,G51_20180626_222400,G51,2018/06/26,22:24:00,G51_20180626_222400.wav,San Rafael,Area proteccion embalse EPM,6.3602,-75.0071,1368,Forest,0,0,No_rain
17322,G51_20180626_224000,G51,2018/06/26,22:40:00,G51_20180626_224000.wav,San Rafael,Area proteccion embalse EPM,6.3602,-75.0071,1368,Forest,0,0,No_rain
17323,G51_20180626_225600,G51,2018/06/26,22:56:00,G51_20180626_225600.wav,San Rafael,Area proteccion embalse EPM,6.3602,-75.0071,1368,Forest,0,0,No_rain
17324,G51_20180626_231200,G51,2018/06/26,23:12:00,G51_20180626_231200.wav,San Rafael,Area proteccion embalse EPM,6.3602,-75.0071,1368,Forest,0,0,No_rain
17325,G51_20180626_232800,G51,2018/06/26,23:28:00,G51_20180626_232800.wav,San Rafael,Area proteccion embalse EPM,6.3602,-75.0071,1368,Forest,0,0,No_rain
17326,G51_20180626_234400,G51,2018/06/26,23:44:00,G51_20180626_234400.wav,San Rafael,Area proteccion embalse EPM,6.3602,-75.0071,1368,Forest,0,0,No_rain
17327,G51_20180627_000000,G51,2018/06/27,00:00:00,G51_20180627_000000.wav,San Rafael,Area proteccion embalse EPM,6.3602,-75.0071,1368,Forest,0,0,No_rain
17328,G51_20180627_001600,G51,2018/06/27,00:16:00,G51_20180627_001600.wav,San Rafael,Area proteccion embalse EPM,6.3602,-75.0071,1368,Forest,0,0,No_rain
17329,G51_20180627_003200,G51,2018/06/27,00:32:00,G51_20180627_003200.wav,San Rafael,Area proteccion embalse EPM,6.3602,-75.0071,1368,Forest,0,0,No_rain
17330,G51_20180627_004800,G51,2018/06/27,00:48:00,G51_20180627_004800.wav,San Rafael,Area proteccion embalse EPM,6.3602,-75.0071,1368,Forest,0,0,No_rain
17331,G51_20180627_010400,G51,2018/06/27,01:04:00,G51_20180627_010400.wav,San Rafael,Area proteccion embalse EPM,6.3602,-75.0071,1368,Forest,0,0,No_rain
17332,G51_20180627_012000,G51,2018/06/27,01:20:00,G51_20180627_012000.wav,San Rafael,Area proteccion embalse EPM,6.3602,-75.0071,1368,Forest,0,0,No_rain
17333,G51_20180627_013600,G51,2018/06/27,01:36:00,G51_20180627_013600.wav,San Rafael,Area proteccion embalse EPM,6.3602,-75.0071,1368,Forest,0,0,No_rain
17334,G51_20180627_015200,G51,2018/06/27,01:52:00,G51_20180627_015200.wav,San Rafael,Area proteccion embalse EPM,6.3602,-75.0071,1368,Forest,0,0,No_rain
17335,G51_20180627_020800,G51,2018/06/27,02:08:00,G51_20180627_020800.wav,San Rafael,Area proteccion embalse EPM,6.3602,-75.0071,1368,Forest,0,0,No_rain
17336,G51_20180627_022400,G51,2018/06/27,02:24:00,G51_20180627_022400.wav,San Rafael,Area proteccion embalse EPM,6.3602,-75.0071,1368,Forest,0,0,No_rain
17337,G51_20180627_024000,G51,2018/06/27,02:40:00,G51_20180627_024000.wav,San Rafael,Area proteccion embalse EPM,6.3602,-75.0071,1368,Forest,0,0,No_rain
17338,G51_20180627_025600,G51,2018/06/27,02:56:00,G51_20180627_025600.wav,San Rafael,Area proteccion embalse EPM,6.3602,-75.0071,1368,Forest,0,0,No_rain
17339,G51_20180627_031200,G51,2018/06/27,03:12:00,G51_20180627_031200.wav,San Rafael,Area proteccion embalse EPM,6.3602,-75.0071,1368,Forest,0,0,No_rain
17340,G51_20180627_032800,G51,2018/06/27,03:28:00,G51_20180627_032800.wav,San Rafael,Area proteccion embalse EPM,6.3602,-75.0071,1368,Forest,0,0,No_rain
17341,G51_20180627_034400,G51,2018/06/27,03:44:00,G51_20180627_034400.wav,San Rafael,Area proteccion embalse EPM,6.3602,-75.0071,1368,Forest,0,0,No_rain
17342,G51_20180627_040000,G51,2018/06/27,04:00:00,G51_20180627_040000.wav,San Rafael,Area proteccion embalse EPM,6.3602,-75.0071,1368,Forest,0,0,No_rain
17343,G51_20180627_041600,G51,2018/06/27,04:16:00,G51_20180627_041600.wav,San Rafael,Area proteccion embalse EPM,6.3602,-75.0071,1368,Forest,0,0,No_rain
17344,G51_20180627_043200,G51,2018/06/27,04:32:00,G51_20180627_043200.wav,San Rafael,Area proteccion embalse EPM,6.3602,-75.0071,1368,Forest,0,0,No_rain
17345,G51_20180627_044800,G51,2018/06/27,04:48:00,G51_20180627_044800.wav,San Rafael,Area proteccion embalse EPM,6.3602,-75.0071,1368,Forest,0,0,No_rain
17346,G51_20180627_080000,G51,2018/06/27,08:00:00,G51_20180627_080000.wav,San Rafael,Area proteccion embalse EPM,6.3602,-75.0071,1368,Forest,0,0,No_rain
17347,G51_20180627_081600,G51,2018/06/27,08:16:00,G51_20180627_081600.wav,San Rafael,Area proteccion embalse EPM,6.3602,-75.0071,1368,Forest,0,0,No_rain
17348,G51_20180627_083200,G51,2018/06/27,08:32:00,G51_20180627_083200.wav,San Rafael,Area proteccion embalse EPM,6.3602,-75.0071,1368,Forest,0,0,No_rain
17349,G51_20180627_084800,G51,2018/06/27,08:48:00,G51_20180627_084800.wav,San Rafael,Area proteccion embalse EPM,6.3602,-75.0071,1368,Forest,0,0,No_rain
17350,G51_20180627_090400,G51,2018/06/27,09:04:00,G51_20180627_090400.wav,San Rafael,Area proteccion embalse EPM,6.3602,-75.0071,1368,Forest,0,0,No_rain
17351,G51_20180627_092000,G51,2018/06/27,09:20:00,G51_20180627_092000.wav,San Rafael,Area proteccion embalse EPM,6.3602,-75.0071,1368,Forest,0,0,No_rain
17352,G51_20180627_095200,G51,2018/06/27,09:52:00,G51_20180627_095200.wav,San Rafael,Area proteccion embalse EPM,6.3602,-75.0071,1368,Forest,0,0,No_rain
17353,G51_20180627_102400,G51,2018/06/27,10:24:00,G51_20180627_102400.wav,San Rafael,Area proteccion embalse EPM,6.3602,-75.0071,1368,Forest,0,0,No_rain
17354,G51_20180627_104000,G51,2018/06/27,10:40:00,G51_20180627_104000.wav,San Rafael,Area proteccion embalse EPM,6.3602,-75.0071,1368,Forest,0,0,No_rain
17355,G51_20180627_105600,G51,2018/06/27,10:56:00,G51_20180627_105600.wav,San Rafael,Area proteccion embalse EPM,6.3602,-75.0071,1368,Forest,0,0,No_rain
17356,G51_20180627_111200,G51,2018/06/27,11:12:00,G51_20180627_111200.wav,San Rafael,Area proteccion embalse EPM,6.3602,-75.0071,1368,Forest,0,0,No_rain
17357,G51_20180627_112800,G51,2018/06/27,11:28:00,G51_20180627_112800.wav,San Rafael,Area proteccion embalse EPM,6.3602,-75.0071,1368,Forest,0,0,No_rain
17358,G51_20180627_114400,G51,2018/06/27,11:44:00,G51_20180627_114400.wav,San Rafael,Area proteccion embalse EPM,6.3602,-75.0071,1368,Forest,0,0,No_rain
17359,G51_20180627_120000,G51,2018/06/27,12:00:00,G51_20180627_120000.wav,San Rafael,Area proteccion embalse EPM,6.3602,-75.0071,1368,Forest,0,0,No_rain
17360,G51_20180627_121600,G51,2018/06/27,12:16:00,G51_20180627_121600.wav,San Rafael,Area proteccion embalse EPM,6.3602,-75.0071,1368,Forest,0,0,No_rain
17361,G51_20180627_123200,G51,2018/06/27,12:32:00,G51_20180627_123200.wav,San Rafael,Area proteccion embalse EPM,6.3602,-75.0071,1368,Forest,0,0,No_rain
17362,G51_20180627_124800,G51,2018/06/27,12:48:00,G51_20180627_124800.wav,San Rafael,Area proteccion embalse EPM,6.3602,-75.0071,1368,Forest,0,0,No_rain
17363,G51_20180627_130400,G51,2018/06/27,13:04:00,G51_20180627_130400.wav,San Rafael,Area proteccion embalse EPM,6.3602,-75.0071,1368,Forest,0,0,No_rain
17364,G51_20180627_133600,G51,2018/06/27,13:36:00,G51_20180627_133600.wav,San Rafael,Area proteccion embalse EPM,6.3602,-75.0071,1368,Forest,0,0,No_rain
17365,G51_20180627_135200,G51,2018/06/27,13:52:00,G51_20180627_135200.wav,San Rafael,Area proteccion embalse EPM,6.3602,-75.0071,1368,Forest,0,0,No_rain
17366,G51_20180627_145600,G51,2018/06/27,14:56:00,G51_20180627_145600.wav,San Rafael,Area proteccion embalse EPM,6.3602,-75.0071,1368,Forest,0,0,No_rain
17367,G51_20180627_151200,G51,2018/06/27,15:12:00,G51_20180627_151200.wav,San Rafael,Area proteccion embalse EPM,6.3602,-75.0071,1368,Forest,0,0,No_rain
17368,G51_20180629_123200,G51,2018/06/29,12:32:00,G51_20180629_123200.wav,San Rafael,Area proteccion embalse EPM,6.3602,-75.0071,1368,Forest,0,0,No_rain
17369,G51_20180629_124800,G51,2018/06/29,12:48:00,G51_20180629_124800.wav,San Rafael,Area proteccion embalse EPM,6.3602,-75.0071,1368,Forest,0,0,No_rain
17370,G51_20180629_132000,G51,2018/06/29,13:20:00,G51_20180629_132000.wav,San Rafael,Area proteccion embalse EPM,6.3602,-75.0071,1368,Forest,0,0,No_rain
17371,G51_20180629_133600,G51,2018/06/29,13:36:00,G51_20180629_133600.wav,San Rafael,Area proteccion embalse EPM,6.3602,-75.0071,1368,Forest,0,0,No_rain
17372,G51_20180629_135200,G51,2018/06/29,13:52:00,G51_20180629_135200.wav,San Rafael,Area proteccion embalse EPM,6.3602,-75.0071,1368,Forest,0,0,No_rain
17373,G51_20180629_140800,G51,2018/06/29,14:08:00,G51_20180629_140800.wav,San Rafael,Area proteccion embalse EPM,6.3602,-75.0071,1368,Forest,0,0,No_rain
17374,G51_20180629_144000,G51,2018/06/29,14:40:00,G51_20180629_144000.wav,San Rafael,Area proteccion embalse EPM,6.3602,-75.0071,1368,Forest,0,0,No_rain
17375,G51_20180629_145600,G51,2018/06/29,14:56:00,G51_20180629_145600.wav,San Rafael,Area proteccion embalse EPM,6.3602,-75.0071,1368,Forest,0,0,No_rain
17376,G51_20180629_151200,G51,2018/06/29,15:12:00,G51_20180629_151200.wav,San Rafael,Area proteccion embalse EPM,6.3602,-75.0071,1368,Forest,0,0,No_rain
17377,G51_20180629_152800,G51,2018/06/29,15:28:00,G51_20180629_152800.wav,San Rafael,Area proteccion embalse EPM,6.3602,-75.0071,1368,Forest,0,0,No_rain
17378,G51_20180629_154400,G51,2018/06/29,15:44:00,G51_20180629_154400.wav,San Rafael,Area proteccion embalse EPM,6.3602,-75.0071,1368,Forest,0,0,No_rain
17379,G51_20180629_160000,G51,2018/06/29,16:00:00,G51_20180629_160000.wav,San Rafael,Area proteccion embalse EPM,6.3602,-75.0071,1368,Forest,0,0,No_rain
17380,G51_20180629_161600,G51,2018/06/29,16:16:00,G51_20180629_161600.wav,San Rafael,Area proteccion embalse EPM,6.3602,-75.0071,1368,Forest,0,0,No_rain
17381,G51_20180629_163200,G51,2018/06/29,16:32:00,G51_20180629_163200.wav,San Rafael,Area proteccion embalse EPM,6.3602,-75.0071,1368,Forest,0,0,No_rain
17382,G51_20180629_200000,G51,2018/06/29,20:00:00,G51_20180629_200000.wav,San Rafael,Area proteccion embalse EPM,6.3602,-75.0071,1368,Forest,0,0,No_rain
17383,G51_20180629_201600,G51,2018/06/29,20:16:00,G51_20180629_201600.wav,San Rafael,Area proteccion embalse EPM,6.3602,-75.0071,1368,Forest,0,0,No_rain
17384,G51_20180629_203200,G51,2018/06/29,20:32:00,G51_20180629_203200.wav,San Rafael,Area proteccion embalse EPM,6.3602,-75.0071,1368,Forest,0,0,No_rain
17385,G51_20180629_204800,G51,2018/06/29,20:48:00,G51_20180629_204800.wav,San Rafael,Area proteccion embalse EPM,6.3602,-75.0071,1368,Forest,0,0,No_rain
17386,G51_20180629_210400,G51,2018/06/29,21:04:00,G51_20180629_210400.wav,San Rafael,Area proteccion embalse EPM,6.3602,-75.0071,1368,Forest,0,0,No_rain
17387,G51_20180629_212000,G51,2018/06/29,21:20:00,G51_20180629_212000.wav,San Rafael,Area proteccion embalse EPM,6.3602,-75.0071,1368,Forest,0,0,No_rain
17388,G51_20180629_213600,G51,2018/06/29,21:36:00,G51_20180629_213600.wav,San Rafael,Area proteccion embalse EPM,6.3602,-75.0071,1368,Forest,0,0,No_rain
17389,G51_20180629_215200,G51,2018/06/29,21:52:00,G51_20180629_215200.wav,San Rafael,Area proteccion embalse EPM,6.3602,-75.0071,1368,Forest,0,0,No_rain
17390,G51_20180629_220800,G51,2018/06/29,22:08:00,G51_20180629_220800.wav,San Rafael,Area proteccion embalse EPM,6.3602,-75.0071,1368,Forest,0,0,No_rain
17391,G51_20180629_222400,G51,2018/06/29,22:24:00,G51_20180629_222400.wav,San Rafael,Area proteccion embalse EPM,6.3602,-75.0071,1368,Forest,0,0,No_rain
17392,G51_20180629_224000,G51,2018/06/29,22:40:00,G51_20180629_224000.wav,San Rafael,Area proteccion embalse EPM,6.3602,-75.0071,1368,Forest,0,0,No_rain
17393,G51_20180629_225600,G51,2018/06/29,22:56:00,G51_20180629_225600.wav,San Rafael,Area proteccion embalse EPM,6.3602,-75.0071,1368,Forest,1,2,Moderate
17394,G51_20180629_231200,G51,2018/06/29,23:12:00,G51_20180629_231200.wav,San Rafael,Area proteccion embalse EPM,6.3602,-75.0071,1368,Forest,1,2,Moderate
17395,G51_20180629_232800,G51,2018/06/29,23:28:00,G51_20180629_232800.wav,San Rafael,Area proteccion embalse EPM,6.3602,-75.0071,1368,Forest,1,3,Heavy
17396,G51_20180629_234400,G51,2018/06/29,23:44:00,G51_20180629_234400.wav,San Rafael,Area proteccion embalse EPM,6.3602,-75.0071,1368,Forest,1,1,Light
17397,G51_20180630_000000,G51,2018/06/30,00:00:00,G51_20180630_000000.wav,San Rafael,Area proteccion embalse EPM,6.3602,-75.0071,1368,Forest,1,1,Light
17398,G51_20180630_001600,G51,2018/06/30,00:16:00,G51_20180630_001600.wav,San Rafael,Area proteccion embalse EPM,6.3602,-75.0071,1368,Forest,1,1,Light
17399,G51_20180630_003200,G51,2018/06/30,00:32:00,G51_20180630_003200.wav,San Rafael,Area proteccion embalse EPM,6.3602,-75.0071,1368,Forest,0,0,No_rain
17400,G51_20180630_004800,G51,2018/06/30,00:48:00,G51_20180630_004800.wav,San Rafael,Area proteccion embalse EPM,6.3602,-75.0071,1368,Forest,0,0,No_rain
17401,G51_20180630_010400,G51,2018/06/30,01:04:00,G51_20180630_010400.wav,San Rafael,Area proteccion embalse EPM,6.3602,-75.0071,1368,Forest,0,0,No_rain
17402,G51_20180630_012000,G51,2018/06/30,01:20:00,G51_20180630_012000.wav,San Rafael,Area proteccion embalse EPM,6.3602,-75.0071,1368,Forest,0,0,No_rain
17403,G51_20180630_013600,G51,2018/06/30,01:36:00,G51_20180630_013600.wav,San Rafael,Area proteccion embalse EPM,6.3602,-75.0071,1368,Forest,0,0,No_rain
17404,G51_20180630_015200,G51,2018/06/30,01:52:00,G51_20180630_015200.wav,San Rafael,Area proteccion embalse EPM,6.3602,-75.0071,1368,Forest,0,0,No_rain
17405,G51_20180630_020800,G51,2018/06/30,02:08:00,G51_20180630_020800.wav,San Rafael,Area proteccion embalse EPM,6.3602,-75.0071,1368,Forest,0,0,No_rain
17406,G51_20180630_022400,G51,2018/06/30,02:24:00,G51_20180630_022400.wav,San Rafael,Area proteccion embalse EPM,6.3602,-75.0071,1368,Forest,0,0,No_rain
17407,G51_20180630_024000,G51,2018/06/30,02:40:00,G51_20180630_024000.wav,San Rafael,Area proteccion embalse EPM,6.3602,-75.0071,1368,Forest,0,0,No_rain
17408,G51_20180630_025600,G51,2018/06/30,02:56:00,G51_20180630_025600.wav,San Rafael,Area proteccion embalse EPM,6.3602,-75.0071,1368,Forest,0,0,No_rain
17409,G51_20180630_031200,G51,2018/06/30,03:12:00,G51_20180630_031200.wav,San Rafael,Area proteccion embalse EPM,6.3602,-75.0071,1368,Forest,0,0,No_rain
17410,G51_20180630_032800,G51,2018/06/30,03:28:00,G51_20180630_032800.wav,San Rafael,Area proteccion embalse EPM,6.3602,-75.0071,1368,Forest,0,0,No_rain
17411,G51_20180630_034400,G51,2018/06/30,03:44:00,G51_20180630_034400.wav,San Rafael,Area proteccion embalse EPM,6.3602,-75.0071,1368,Forest,0,0,No_rain
17412,G51_20180630_040000,G51,2018/06/30,04:00:00,G51_20180630_040000.wav,San Rafael,Area proteccion embalse EPM,6.3602,-75.0071,1368,Forest,0,0,No_rain
17413,G51_20180630_041600,G51,2018/06/30,04:16:00,G51_20180630_041600.wav,San Rafael,Area proteccion embalse EPM,6.3602,-75.0071,1368,Forest,0,0,No_rain
17414,G51_20180630_043200,G51,2018/06/30,04:32:00,G51_20180630_043200.wav,San Rafael,Area proteccion embalse EPM,6.3602,-75.0071,1368,Forest,0,0,No_rain
17415,G51_20180630_044800,G51,2018/06/30,04:48:00,G51_20180630_044800.wav,San Rafael,Area proteccion embalse EPM,6.3602,-75.0071,1368,Forest,0,0,No_rain
17416,G51_20180630_080000,G51,2018/06/30,08:00:00,G51_20180630_080000.wav,San Rafael,Area proteccion embalse EPM,6.3602,-75.0071,1368,Forest,0,0,No_rain
17417,G51_20180630_081600,G51,2018/06/30,08:16:00,G51_20180630_081600.wav,San Rafael,Area proteccion embalse EPM,6.3602,-75.0071,1368,Forest,0,0,No_rain
17418,G51_20180630_083200,G51,2018/06/30,08:32:00,G51_20180630_083200.wav,San Rafael,Area proteccion embalse EPM,6.3602,-75.0071,1368,Forest,0,0,No_rain
17419,G51_20180630_084800,G51,2018/06/30,08:48:00,G51_20180630_084800.wav,San Rafael,Area proteccion embalse EPM,6.3602,-75.0071,1368,Forest,0,0,No_rain
17420,G51_20180630_090400,G51,2018/06/30,09:04:00,G51_20180630_090400.wav,San Rafael,Area proteccion embalse EPM,6.3602,-75.0071,1368,Forest,0,0,No_rain
17421,G51_20180630_092000,G51,2018/06/30,09:20:00,G51_20180630_092000.wav,San Rafael,Area proteccion embalse EPM,6.3602,-75.0071,1368,Forest,0,0,No_rain
17422,G51_20180630_093600,G51,2018/06/30,09:36:00,G51_20180630_093600.wav,San Rafael,Area proteccion embalse EPM,6.3602,-75.0071,1368,Forest,0,0,No_rain
17423,G51_20180630_095200,G51,2018/06/30,09:52:00,G51_20180630_095200.wav,San Rafael,Area proteccion embalse EPM,6.3602,-75.0071,1368,Forest,0,0,No_rain
17424,G51_20180630_100800,G51,2018/06/30,10:08:00,G51_20180630_100800.wav,San Rafael,Area proteccion embalse EPM,6.3602,-75.0071,1368,Forest,0,0,No_rain
17425,G51_20180630_102400,G51,2018/06/30,10:24:00,G51_20180630_102400.wav,San Rafael,Area proteccion embalse EPM,6.3602,-75.0071,1368,Forest,0,0,No_rain
17426,G51_20180630_104000,G51,2018/06/30,10:40:00,G51_20180630_104000.wav,San Rafael,Area proteccion embalse EPM,6.3602,-75.0071,1368,Forest,0,0,No_rain
17427,G51_20180630_105600,G51,2018/06/30,10:56:00,G51_20180630_105600.wav,San Rafael,Area proteccion embalse EPM,6.3602,-75.0071,1368,Forest,0,0,No_rain
17428,G51_20180630_111200,G51,2018/06/30,11:12:00,G51_20180630_111200.wav,San Rafael,Area proteccion embalse EPM,6.3602,-75.0071,1368,Forest,0,0,No_rain
17429,G51_20180630_120000,G51,2018/06/30,12:00:00,G51_20180630_120000.wav,San Rafael,Area proteccion embalse EPM,6.3602,-75.0071,1368,Forest,0,0,No_rain
17430,G51_20180630_121600,G51,2018/06/30,12:16:00,G51_20180630_121600.wav,San Rafael,Area proteccion embalse EPM,6.3602,-75.0071,1368,Forest,0,0,No_rain
17431,G51_20180630_123200,G51,2018/06/30,12:32:00,G51_20180630_123200.wav,San Rafael,Area proteccion embalse EPM,6.3602,-75.0071,1368,Forest,0,0,No_rain
17432,G51_20180630_124800,G51,2018/06/30,12:48:00,G51_20180630_124800.wav,San Rafael,Area proteccion embalse EPM,6.3602,-75.0071,1368,Forest,0,0,No_rain
17433,G51_20180630_130400,G51,2018/06/30,13:04:00,G51_20180630_130400.wav,San Rafael,Area proteccion embalse EPM,6.3602,-75.0071,1368,Forest,0,0,No_rain
17434,G51_20180630_133600,G51,2018/06/30,13:36:00,G51_20180630_133600.wav,San Rafael,Area proteccion embalse EPM,6.3602,-75.0071,1368,Forest,0,0,No_rain
17435,G51_20180630_135200,G51,2018/06/30,13:52:00,G51_20180630_135200.wav,San Rafael,Area proteccion embalse EPM,6.3602,-75.0071,1368,Forest,0,0,No_rain
17436,G51_20180630_144000,G51,2018/06/30,14:40:00,G51_20180630_144000.wav,San Rafael,Area proteccion embalse EPM,6.3602,-75.0071,1368,Forest,0,0,No_rain
17437,G51_20180630_145600,G51,2018/06/30,14:56:00,G51_20180630_145600.wav,San Rafael,Area proteccion embalse EPM,6.3602,-75.0071,1368,Forest,0,0,No_rain
17438,G51_20180630_151200,G51,2018/06/30,15:12:00,G51_20180630_151200.wav,San Rafael,Area proteccion embalse EPM,6.3602,-75.0071,1368,Forest,0,0,No_rain
17439,G51_20180630_160000,G51,2018/06/30,16:00:00,G51_20180630_160000.wav,San Rafael,Area proteccion embalse EPM,6.3602,-75.0071,1368,Forest,0,0,No_rain
17440,G51_20180630_161600,G51,2018/06/30,16:16:00,G51_20180630_161600.wav,San Rafael,Area proteccion embalse EPM,6.3602,-75.0071,1368,Forest,0,0,No_rain
17441,G51_20180630_164800,G51,2018/06/30,16:48:00,G51_20180630_164800.wav,San Rafael,Area proteccion embalse EPM,6.3602,-75.0071,1368,Forest,0,0,No_rain
17442,G51_20180630_200000,G51,2018/06/30,20:00:00,G51_20180630_200000.wav,San Rafael,Area proteccion embalse EPM,6.3602,-75.0071,1368,Forest,0,0,No_rain
17443,G51_20180630_203200,G51,2018/06/30,20:32:00,G51_20180630_203200.wav,San Rafael,Area proteccion embalse EPM,6.3602,-75.0071,1368,Forest,1,1,Light
17444,G51_20180630_204800,G51,2018/06/30,20:48:00,G51_20180630_204800.wav,San Rafael,Area proteccion embalse EPM,6.3602,-75.0071,1368,Forest,1,2,Moderate
17445,G51_20180630_210400,G51,2018/06/30,21:04:00,G51_20180630_210400.wav,San Rafael,Area proteccion embalse EPM,6.3602,-75.0071,1368,Forest,1,3,Heavy
17446,G51_20180630_212000,G51,2018/06/30,21:20:00,G51_20180630_212000.wav,San Rafael,Area proteccion embalse EPM,6.3602,-75.0071,1368,Forest,1,3,Heavy
17447,G51_20180630_213600,G51,2018/06/30,21:36:00,G51_20180630_213600.wav,San Rafael,Area proteccion embalse EPM,6.3602,-75.0071,1368,Forest,1,2,Moderate
17448,G51_20180630_215200,G51,2018/06/30,21:52:00,G51_20180630_215200.wav,San Rafael,Area proteccion embalse EPM,6.3602,-75.0071,1368,Forest,1,1,Light
17449,G51_20180630_220800,G51,2018/06/30,22:08:00,G51_20180630_220800.wav,San Rafael,Area proteccion embalse EPM,6.3602,-75.0071,1368,Forest,1,1,Light
17450,G51_20180630_222400,G51,2018/06/30,22:24:00,G51_20180630_222400.wav,San Rafael,Area proteccion embalse EPM,6.3602,-75.0071,1368,Forest,0,0,No_rain
17451,G51_20180630_224000,G51,2018/06/30,22:40:00,G51_20180630_224000.wav,San Rafael,Area proteccion embalse EPM,6.3602,-75.0071,1368,Forest,0,0,No_rain
17452,G51_20180630_225600,G51,2018/06/30,22:56:00,G51_20180630_225600.wav,San Rafael,Area proteccion embalse EPM,6.3602,-75.0071,1368,Forest,0,0,No_rain
17453,G51_20180630_231200,G51,2018/06/30,23:12:00,G51_20180630_231200.wav,San Rafael,Area proteccion embalse EPM,6.3602,-75.0071,1368,Forest,0,0,No_rain
17454,G51_20180630_232800,G51,2018/06/30,23:28:00,G51_20180630_232800.wav,San Rafael,Area proteccion embalse EPM,6.3602,-75.0071,1368,Forest,0,0,No_rain
17455,G51_20180630_234400,G51,2018/06/30,23:44:00,G51_20180630_234400.wav,San Rafael,Area proteccion embalse EPM,6.3602,-75.0071,1368,Forest,0,0,No_rain
17456,G51_20180701_000000,G51,2018/07/01,00:00:00,G51_20180701_000000.wav,San Rafael,Area proteccion embalse EPM,6.3602,-75.0071,1368,Forest,0,0,No_rain
17457,G51_20180701_001600,G51,2018/07/01,00:16:00,G51_20180701_001600.wav,San Rafael,Area proteccion embalse EPM,6.3602,-75.0071,1368,Forest,0,0,No_rain
17458,G51_20180701_003200,G51,2018/07/01,00:32:00,G51_20180701_003200.wav,San Rafael,Area proteccion embalse EPM,6.3602,-75.0071,1368,Forest,0,0,No_rain
17459,G51_20180701_004800,G51,2018/07/01,00:48:00,G51_20180701_004800.wav,San Rafael,Area proteccion embalse EPM,6.3602,-75.0071,1368,Forest,0,0,No_rain
17460,G51_20180701_010400,G51,2018/07/01,01:04:00,G51_20180701_010400.wav,San Rafael,Area proteccion embalse EPM,6.3602,-75.0071,1368,Forest,0,0,No_rain
17461,G51_20180701_012000,G51,2018/07/01,01:20:00,G51_20180701_012000.wav,San Rafael,Area proteccion embalse EPM,6.3602,-75.0071,1368,Forest,0,0,No_rain
17462,G51_20180701_013600,G51,2018/07/01,01:36:00,G51_20180701_013600.wav,San Rafael,Area proteccion embalse EPM,6.3602,-75.0071,1368,Forest,0,0,No_rain
17463,G51_20180701_015200,G51,2018/07/01,01:52:00,G51_20180701_015200.wav,San Rafael,Area proteccion embalse EPM,6.3602,-75.0071,1368,Forest,0,0,No_rain
17464,G51_20180701_020800,G51,2018/07/01,02:08:00,G51_20180701_020800.wav,San Rafael,Area proteccion embalse EPM,6.3602,-75.0071,1368,Forest,0,0,No_rain
17465,G51_20180701_022400,G51,2018/07/01,02:24:00,G51_20180701_022400.wav,San Rafael,Area proteccion embalse EPM,6.3602,-75.0071,1368,Forest,0,0,No_rain
17466,G51_20180701_024000,G51,2018/07/01,02:40:00,G51_20180701_024000.wav,San Rafael,Area proteccion embalse EPM,6.3602,-75.0071,1368,Forest,0,0,No_rain
17467,G51_20180701_025600,G51,2018/07/01,02:56:00,G51_20180701_025600.wav,San Rafael,Area proteccion embalse EPM,6.3602,-75.0071,1368,Forest,0,0,No_rain
17468,G51_20180701_031200,G51,2018/07/01,03:12:00,G51_20180701_031200.wav,San Rafael,Area proteccion embalse EPM,6.3602,-75.0071,1368,Forest,0,0,No_rain
17469,G51_20180701_032800,G51,2018/07/01,03:28:00,G51_20180701_032800.wav,San Rafael,Area proteccion embalse EPM,6.3602,-75.0071,1368,Forest,0,0,No_rain
17470,G51_20180701_034400,G51,2018/07/01,03:44:00,G51_20180701_034400.wav,San Rafael,Area proteccion embalse EPM,6.3602,-75.0071,1368,Forest,0,0,No_rain
17471,G51_20180701_040000,G51,2018/07/01,04:00:00,G51_20180701_040000.wav,San Rafael,Area proteccion embalse EPM,6.3602,-75.0071,1368,Forest,0,0,No_rain
17472,G51_20180701_041600,G51,2018/07/01,04:16:00,G51_20180701_041600.wav,San Rafael,Area proteccion embalse EPM,6.3602,-75.0071,1368,Forest,0,0,No_rain
17473,G51_20180701_043200,G51,2018/07/01,04:32:00,G51_20180701_043200.wav,San Rafael,Area proteccion embalse EPM,6.3602,-75.0071,1368,Forest,0,0,No_rain
17474,G51_20180701_044800,G51,2018/07/01,04:48:00,G51_20180701_044800.wav,San Rafael,Area proteccion embalse EPM,6.3602,-75.0071,1368,Forest,0,0,No_rain
17475,G51_20180701_080000,G51,2018/07/01,08:00:00,G51_20180701_080000.wav,San Rafael,Area proteccion embalse EPM,6.3602,-75.0071,1368,Forest,0,0,No_rain
17476,G51_20180701_081600,G51,2018/07/01,08:16:00,G51_20180701_081600.wav,San Rafael,Area proteccion embalse EPM,6.3602,-75.0071,1368,Forest,0,0,No_rain
17477,G51_20180701_083200,G51,2018/07/01,08:32:00,G51_20180701_083200.wav,San Rafael,Area proteccion embalse EPM,6.3602,-75.0071,1368,Forest,0,0,No_rain
17478,G51_20180701_084800,G51,2018/07/01,08:48:00,G51_20180701_084800.wav,San Rafael,Area proteccion embalse EPM,6.3602,-75.0071,1368,Forest,0,0,No_rain
17479,G51_20180701_090400,G51,2018/07/01,09:04:00,G51_20180701_090400.wav,San Rafael,Area proteccion embalse EPM,6.3602,-75.0071,1368,Forest,0,0,No_rain
17480,G51_20180701_092000,G51,2018/07/01,09:20:00,G51_20180701_092000.wav,San Rafael,Area proteccion embalse EPM,6.3602,-75.0071,1368,Forest,0,0,No_rain
17481,G51_20180701_093600,G51,2018/07/01,09:36:00,G51_20180701_093600.wav,San Rafael,Area proteccion embalse EPM,6.3602,-75.0071,1368,Forest,0,0,No_rain
17482,G51_20180701_095200,G51,2018/07/01,09:52:00,G51_20180701_095200.wav,San Rafael,Area proteccion embalse EPM,6.3602,-75.0071,1368,Forest,0,0,No_rain
17483,G51_20180701_100800,G51,2018/07/01,10:08:00,G51_20180701_100800.wav,San Rafael,Area proteccion embalse EPM,6.3602,-75.0071,1368,Forest,0,0,No_rain
17484,G51_20180701_102400,G51,2018/07/01,10:24:00,G51_20180701_102400.wav,San Rafael,Area proteccion embalse EPM,6.3602,-75.0071,1368,Forest,0,0,No_rain
17485,G51_20180701_104000,G51,2018/07/01,10:40:00,G51_20180701_104000.wav,San Rafael,Area proteccion embalse EPM,6.3602,-75.0071,1368,Forest,0,0,No_rain
17486,G51_20180701_105600,G51,2018/07/01,10:56:00,G51_20180701_105600.wav,San Rafael,Area proteccion embalse EPM,6.3602,-75.0071,1368,Forest,0,0,No_rain
17487,G51_20180701_111200,G51,2018/07/01,11:12:00,G51_20180701_111200.wav,San Rafael,Area proteccion embalse EPM,6.3602,-75.0071,1368,Forest,0,0,No_rain
17488,G51_20180701_112800,G51,2018/07/01,11:28:00,G51_20180701_112800.wav,San Rafael,Area proteccion embalse EPM,6.3602,-75.0071,1368,Forest,0,0,No_rain
17489,G51_20180701_114400,G51,2018/07/01,11:44:00,G51_20180701_114400.wav,San Rafael,Area proteccion embalse EPM,6.3602,-75.0071,1368,Forest,0,0,No_rain
17490,G51_20180701_120000,G51,2018/07/01,12:00:00,G51_20180701_120000.wav,San Rafael,Area proteccion embalse EPM,6.3602,-75.0071,1368,Forest,0,0,No_rain
17491,G51_20180701_123200,G51,2018/07/01,12:32:00,G51_20180701_123200.wav,San Rafael,Area proteccion embalse EPM,6.3602,-75.0071,1368,Forest,0,0,No_rain
17492,G51_20180701_124800,G51,2018/07/01,12:48:00,G51_20180701_124800.wav,San Rafael,Area proteccion embalse EPM,6.3602,-75.0071,1368,Forest,0,0,No_rain
17493,G51_20180701_132000,G51,2018/07/01,13:20:00,G51_20180701_132000.wav,San Rafael,Area proteccion embalse EPM,6.3602,-75.0071,1368,Forest,0,0,No_rain
17494,G51_20180701_133600,G51,2018/07/01,13:36:00,G51_20180701_133600.wav,San Rafael,Area proteccion embalse EPM,6.3602,-75.0071,1368,Forest,0,0,No_rain
17495,G51_20180701_140800,G51,2018/07/01,14:08:00,G51_20180701_140800.wav,San Rafael,Area proteccion embalse EPM,6.3602,-75.0071,1368,Forest,0,0,No_rain
17496,G51_20180701_142400,G51,2018/07/01,14:24:00,G51_20180701_142400.wav,San Rafael,Area proteccion embalse EPM,6.3602,-75.0071,1368,Forest,0,0,No_rain
17497,G51_20180701_144000,G51,2018/07/01,14:40:00,G51_20180701_144000.wav,San Rafael,Area proteccion embalse EPM,6.3602,-75.0071,1368,Forest,0,0,No_rain
17498,G51_20180701_145600,G51,2018/07/01,14:56:00,G51_20180701_145600.wav,San Rafael,Area proteccion embalse EPM,6.3602,-75.0071,1368,Forest,0,0,No_rain
17499,G51_20180701_151200,G51,2018/07/01,15:12:00,G51_20180701_151200.wav,San Rafael,Area proteccion embalse EPM,6.3602,-75.0071,1368,Forest,0,0,No_rain
17500,G51_20180701_160000,G51,2018/07/01,16:00:00,G51_20180701_160000.wav,San Rafael,Area proteccion embalse EPM,6.3602,-75.0071,1368,Forest,0,0,No_rain
17501,G51_20180701_161600,G51,2018/07/01,16:16:00,G51_20180701_161600.wav,San Rafael,Area proteccion embalse EPM,6.3602,-75.0071,1368,Forest,0,0,No_rain
17502,G51_20180701_163200,G51,2018/07/01,16:32:00,G51_20180701_163200.wav,San Rafael,Area proteccion embalse EPM,6.3602,-75.0071,1368,Forest,0,0,No_rain
17503,G51_20180701_164800,G51,2018/07/01,16:48:00,G51_20180701_164800.wav,San Rafael,Area proteccion embalse EPM,6.3602,-75.0071,1368,Forest,0,0,No_rain
17504,G51_20180701_200000,G51,2018/07/01,20:00:00,G51_20180701_200000.wav,San Rafael,Area proteccion embalse EPM,6.3602,-75.0071,1368,Forest,1,2,Moderate
17505,G51_20180701_201600,G51,2018/07/01,20:16:00,G51_20180701_201600.wav,San Rafael,Area proteccion embalse EPM,6.3602,-75.0071,1368,Forest,1,1,Light
17506,G51_20180701_203200,G51,2018/07/01,20:32:00,G51_20180701_203200.wav,San Rafael,Area proteccion embalse EPM,6.3602,-75.0071,1368,Forest,0,0,No_rain
17507,G51_20180701_204800,G51,2018/07/01,20:48:00,G51_20180701_204800.wav,San Rafael,Area proteccion embalse EPM,6.3602,-75.0071,1368,Forest,0,0,No_rain
17508,G51_20180701_210400,G51,2018/07/01,21:04:00,G51_20180701_210400.wav,San Rafael,Area proteccion embalse EPM,6.3602,-75.0071,1368,Forest,1,1,Light
17509,G51_20180701_212000,G51,2018/07/01,21:20:00,G51_20180701_212000.wav,San Rafael,Area proteccion embalse EPM,6.3602,-75.0071,1368,Forest,0,0,No_rain
17510,G51_20180701_213600,G51,2018/07/01,21:36:00,G51_20180701_213600.wav,San Rafael,Area proteccion embalse EPM,6.3602,-75.0071,1368,Forest,1,2,Moderate
17511,G51_20180701_220800,G51,2018/07/01,22:08:00,G51_20180701_220800.wav,San Rafael,Area proteccion embalse EPM,6.3602,-75.0071,1368,Forest,1,2,Moderate
17512,G51_20180701_222400,G51,2018/07/01,22:24:00,G51_20180701_222400.wav,San Rafael,Area proteccion embalse EPM,6.3602,-75.0071,1368,Forest,1,3,Heavy
17513,G51_20180701_224000,G51,2018/07/01,22:40:00,G51_20180701_224000.wav,San Rafael,Area proteccion embalse EPM,6.3602,-75.0071,1368,Forest,1,2,Moderate
17514,G51_20180701_225600,G51,2018/07/01,22:56:00,G51_20180701_225600.wav,San Rafael,Area proteccion embalse EPM,6.3602,-75.0071,1368,Forest,1,3,Heavy
17515,G51_20180701_231200,G51,2018/07/01,23:12:00,G51_20180701_231200.wav,San Rafael,Area proteccion embalse EPM,6.3602,-75.0071,1368,Forest,1,2,Moderate
17516,G51_20180701_232800,G51,2018/07/01,23:28:00,G51_20180701_232800.wav,San Rafael,Area proteccion embalse EPM,6.3602,-75.0071,1368,Forest,1,1,Light
17517,G51_20180701_234400,G51,2018/07/01,23:44:00,G51_20180701_234400.wav,San Rafael,Area proteccion embalse EPM,6.3602,-75.0071,1368,Forest,1,3,Heavy
17518,G51_20180702_000000,G51,2018/07/02,00:00:00,G51_20180702_000000.wav,San Rafael,Area proteccion embalse EPM,6.3602,-75.0071,1368,Forest,1,2,Moderate
17519,G51_20180702_001600,G51,2018/07/02,00:16:00,G51_20180702_001600.wav,San Rafael,Area proteccion embalse EPM,6.3602,-75.0071,1368,Forest,1,2,Moderate
17520,G51_20180702_003200,G51,2018/07/02,00:32:00,G51_20180702_003200.wav,San Rafael,Area proteccion embalse EPM,6.3602,-75.0071,1368,Forest,1,1,Light
17521,G51_20180702_004800,G51,2018/07/02,00:48:00,G51_20180702_004800.wav,San Rafael,Area proteccion embalse EPM,6.3602,-75.0071,1368,Forest,1,3,Heavy
17522,G51_20180702_010400,G51,2018/07/02,01:04:00,G51_20180702_010400.wav,San Rafael,Area proteccion embalse EPM,6.3602,-75.0071,1368,Forest,1,2,Moderate
17523,G51_20180702_012000,G51,2018/07/02,01:20:00,G51_20180702_012000.wav,San Rafael,Area proteccion embalse EPM,6.3602,-75.0071,1368,Forest,1,2,Moderate
17524,G51_20180702_013600,G51,2018/07/02,01:36:00,G51_20180702_013600.wav,San Rafael,Area proteccion embalse EPM,6.3602,-75.0071,1368,Forest,1,2,Moderate
17525,G51_20180702_015200,G51,2018/07/02,01:52:00,G51_20180702_015200.wav,San Rafael,Area proteccion embalse EPM,6.3602,-75.0071,1368,Forest,1,3,Heavy
17526,G51_20180702_020800,G51,2018/07/02,02:08:00,G51_20180702_020800.wav,San Rafael,Area proteccion embalse EPM,6.3602,-75.0071,1368,Forest,1,2,Moderate
17527,G51_20180702_022400,G51,2018/07/02,02:24:00,G51_20180702_022400.wav,San Rafael,Area proteccion embalse EPM,6.3602,-75.0071,1368,Forest,1,1,Light
17528,G51_20180702_024000,G51,2018/07/02,02:40:00,G51_20180702_024000.wav,San Rafael,Area proteccion embalse EPM,6.3602,-75.0071,1368,Forest,1,1,Light
17529,G51_20180702_025600,G51,2018/07/02,02:56:00,G51_20180702_025600.wav,San Rafael,Area proteccion embalse EPM,6.3602,-75.0071,1368,Forest,1,1,Light
17530,G51_20180702_031200,G51,2018/07/02,03:12:00,G51_20180702_031200.wav,San Rafael,Area proteccion embalse EPM,6.3602,-75.0071,1368,Forest,1,1,Light
17531,G51_20180702_032800,G51,2018/07/02,03:28:00,G51_20180702_032800.wav,San Rafael,Area proteccion embalse EPM,6.3602,-75.0071,1368,Forest,1,1,Light
17532,G51_20180702_034400,G51,2018/07/02,03:44:00,G51_20180702_034400.wav,San Rafael,Area proteccion embalse EPM,6.3602,-75.0071,1368,Forest,0,0,No_rain
17533,G51_20180702_040000,G51,2018/07/02,04:00:00,G51_20180702_040000.wav,San Rafael,Area proteccion embalse EPM,6.3602,-75.0071,1368,Forest,0,0,No_rain
17534,G51_20180702_041600,G51,2018/07/02,04:16:00,G51_20180702_041600.wav,San Rafael,Area proteccion embalse EPM,6.3602,-75.0071,1368,Forest,0,0,No_rain
17535,G51_20180702_043200,G51,2018/07/02,04:32:00,G51_20180702_043200.wav,San Rafael,Area proteccion embalse EPM,6.3602,-75.0071,1368,Forest,0,0,No_rain
17536,G51_20180702_044800,G51,2018/07/02,04:48:00,G51_20180702_044800.wav,San Rafael,Area proteccion embalse EPM,6.3602,-75.0071,1368,Forest,0,0,No_rain
17537,G51_20180702_080000,G51,2018/07/02,08:00:00,G51_20180702_080000.wav,San Rafael,Area proteccion embalse EPM,6.3602,-75.0071,1368,Forest,0,0,No_rain
17538,G51_20180702_081600,G51,2018/07/02,08:16:00,G51_20180702_081600.wav,San Rafael,Area proteccion embalse EPM,6.3602,-75.0071,1368,Forest,0,0,No_rain
17539,G51_20180702_083200,G51,2018/07/02,08:32:00,G51_20180702_083200.wav,San Rafael,Area proteccion embalse EPM,6.3602,-75.0071,1368,Forest,0,0,No_rain
17540,G51_20180702_084800,G51,2018/07/02,08:48:00,G51_20180702_084800.wav,San Rafael,Area proteccion embalse EPM,6.3602,-75.0071,1368,Forest,0,0,No_rain
17541,G51_20180702_090400,G51,2018/07/02,09:04:00,G51_20180702_090400.wav,San Rafael,Area proteccion embalse EPM,6.3602,-75.0071,1368,Forest,0,0,No_rain
17542,G51_20180702_092000,G51,2018/07/02,09:20:00,G51_20180702_092000.wav,San Rafael,Area proteccion embalse EPM,6.3602,-75.0071,1368,Forest,0,0,No_rain
17543,G51_20180702_093600,G51,2018/07/02,09:36:00,G51_20180702_093600.wav,San Rafael,Area proteccion embalse EPM,6.3602,-75.0071,1368,Forest,0,0,No_rain
17544,G51_20180702_095200,G51,2018/07/02,09:52:00,G51_20180702_095200.wav,San Rafael,Area proteccion embalse EPM,6.3602,-75.0071,1368,Forest,0,0,No_rain
17545,G51_20180702_100800,G51,2018/07/02,10:08:00,G51_20180702_100800.wav,San Rafael,Area proteccion embalse EPM,6.3602,-75.0071,1368,Forest,0,0,No_rain
17546,G51_20180702_102400,G51,2018/07/02,10:24:00,G51_20180702_102400.wav,San Rafael,Area proteccion embalse EPM,6.3602,-75.0071,1368,Forest,0,0,No_rain
17547,G51_20180702_104000,G51,2018/07/02,10:40:00,G51_20180702_104000.wav,San Rafael,Area proteccion embalse EPM,6.3602,-75.0071,1368,Forest,0,0,No_rain
17548,G51_20180702_105600,G51,2018/07/02,10:56:00,G51_20180702_105600.wav,San Rafael,Area proteccion embalse EPM,6.3602,-75.0071,1368,Forest,0,0,No_rain
17549,G51_20180702_111200,G51,2018/07/02,11:12:00,G51_20180702_111200.wav,San Rafael,Area proteccion embalse EPM,6.3602,-75.0071,1368,Forest,0,0,No_rain
17550,G51_20180702_112800,G51,2018/07/02,11:28:00,G51_20180702_112800.wav,San Rafael,Area proteccion embalse EPM,6.3602,-75.0071,1368,Forest,0,0,No_rain
17551,G51_20180702_120000,G51,2018/07/02,12:00:00,G51_20180702_120000.wav,San Rafael,Area proteccion embalse EPM,6.3602,-75.0071,1368,Forest,0,0,No_rain
17552,G51_20180702_121600,G51,2018/07/02,12:16:00,G51_20180702_121600.wav,San Rafael,Area proteccion embalse EPM,6.3602,-75.0071,1368,Forest,0,0,No_rain
17553,G51_20180702_123200,G51,2018/07/02,12:32:00,G51_20180702_123200.wav,San Rafael,Area proteccion embalse EPM,6.3602,-75.0071,1368,Forest,0,0,No_rain
17554,G51_20180702_124800,G51,2018/07/02,12:48:00,G51_20180702_124800.wav,San Rafael,Area proteccion embalse EPM,6.3602,-75.0071,1368,Forest,0,0,No_rain
17555,G51_20180702_132000,G51,2018/07/02,13:20:00,G51_20180702_132000.wav,San Rafael,Area proteccion embalse EPM,6.3602,-75.0071,1368,Forest,0,0,No_rain
17556,G51_20180702_133600,G51,2018/07/02,13:36:00,G51_20180702_133600.wav,San Rafael,Area proteccion embalse EPM,6.3602,-75.0071,1368,Forest,0,0,No_rain
17557,G51_20180702_135200,G51,2018/07/02,13:52:00,G51_20180702_135200.wav,San Rafael,Area proteccion embalse EPM,6.3602,-75.0071,1368,Forest,0,0,No_rain
17558,G51_20180702_140800,G51,2018/07/02,14:08:00,G51_20180702_140800.wav,San Rafael,Area proteccion embalse EPM,6.3602,-75.0071,1368,Forest,0,0,No_rain
17559,G51_20180702_142400,G51,2018/07/02,14:24:00,G51_20180702_142400.wav,San Rafael,Area proteccion embalse EPM,6.3602,-75.0071,1368,Forest,0,0,No_rain
17560,G51_20180702_144000,G51,2018/07/02,14:40:00,G51_20180702_144000.wav,San Rafael,Area proteccion embalse EPM,6.3602,-75.0071,1368,Forest,0,0,No_rain
17561,G51_20180702_145600,G51,2018/07/02,14:56:00,G51_20180702_145600.wav,San Rafael,Area proteccion embalse EPM,6.3602,-75.0071,1368,Forest,0,0,No_rain
17562,G51_20180702_152800,G51,2018/07/02,15:28:00,G51_20180702_152800.wav,San Rafael,Area proteccion embalse EPM,6.3602,-75.0071,1368,Forest,0,0,No_rain
17563,G51_20180625_170000,G51,2018/06/25,17:00:00,G51_20180625_170000.wav,San Rafael,Area proteccion embalse EPM,6.3602,-75.0071,1368,Forest,0,0,No_rain
17564,G51_20180625_173000,G51,2018/06/25,17:30:00,G51_20180625_173000.wav,San Rafael,Area proteccion embalse EPM,6.3602,-75.0071,1368,Forest,0,0,No_rain
17565,G51_20180625_171500,G51,2018/06/25,17:15:00,G51_20180625_171500.wav,San Rafael,Area proteccion embalse EPM,6.3602,-75.0071,1368,Forest,0,0,No_rain
17566,G51_20180625_174500,G51,2018/06/25,17:45:00,G51_20180625_174500.wav,San Rafael,Area proteccion embalse EPM,6.3602,-75.0071,1368,Forest,0,0,No_rain
17567,G51_20180625_180000,G51,2018/06/25,18:00:00,G51_20180625_180000.wav,San Rafael,Area proteccion embalse EPM,6.3602,-75.0071,1368,Forest,0,0,No_rain
17568,G51_20180625_183000,G51,2018/06/25,18:30:00,G51_20180625_183000.wav,San Rafael,Area proteccion embalse EPM,6.3602,-75.0071,1368,Forest,0,0,No_rain
17569,G51_20180625_184500,G51,2018/06/25,18:45:00,G51_20180625_184500.wav,San Rafael,Area proteccion embalse EPM,6.3602,-75.0071,1368,Forest,0,0,No_rain
17570,G51_20180625_190000,G51,2018/06/25,19:00:00,G51_20180625_190000.wav,San Rafael,Area proteccion embalse EPM,6.3602,-75.0071,1368,Forest,0,0,No_rain
17571,G51_20180625_191500,G51,2018/06/25,19:15:00,G51_20180625_191500.wav,San Rafael,Area proteccion embalse EPM,6.3602,-75.0071,1368,Forest,0,0,No_rain
17572,G51_20180625_193000,G51,2018/06/25,19:30:00,G51_20180625_193000.wav,San Rafael,Area proteccion embalse EPM,6.3602,-75.0071,1368,Forest,0,0,No_rain
17573,G51_20180625_194500,G51,2018/06/25,19:45:00,G51_20180625_194500.wav,San Rafael,Area proteccion embalse EPM,6.3602,-75.0071,1368,Forest,0,0,No_rain
17574,G51_20180626_050000,G51,2018/06/26,05:00:00,G51_20180626_050000.wav,San Rafael,Area proteccion embalse EPM,6.3602,-75.0071,1368,Forest,0,0,No_rain
17575,G51_20180626_051500,G51,2018/06/26,05:15:00,G51_20180626_051500.wav,San Rafael,Area proteccion embalse EPM,6.3602,-75.0071,1368,Forest,1,1,Light
17576,G51_20180626_053000,G51,2018/06/26,05:30:00,G51_20180626_053000.wav,San Rafael,Area proteccion embalse EPM,6.3602,-75.0071,1368,Forest,0,0,No_rain
17577,G51_20180626_054500,G51,2018/06/26,05:45:00,G51_20180626_054500.wav,San Rafael,Area proteccion embalse EPM,6.3602,-75.0071,1368,Forest,0,0,No_rain
17578,G51_20180626_060000,G51,2018/06/26,06:00:00,G51_20180626_060000.wav,San Rafael,Area proteccion embalse EPM,6.3602,-75.0071,1368,Forest,0,0,No_rain
17579,G51_20180626_063000,G51,2018/06/26,06:30:00,G51_20180626_063000.wav,San Rafael,Area proteccion embalse EPM,6.3602,-75.0071,1368,Forest,0,0,No_rain
17580,G51_20180626_061500,G51,2018/06/26,06:15:00,G51_20180626_061500.wav,San Rafael,Area proteccion embalse EPM,6.3602,-75.0071,1368,Forest,0,0,No_rain
17581,G51_20180626_070000,G51,2018/06/26,07:00:00,G51_20180626_070000.wav,San Rafael,Area proteccion embalse EPM,6.3602,-75.0071,1368,Forest,0,0,No_rain
17582,G51_20180626_064500,G51,2018/06/26,06:45:00,G51_20180626_064500.wav,San Rafael,Area proteccion embalse EPM,6.3602,-75.0071,1368,Forest,0,0,No_rain
17583,G51_20180626_071500,G51,2018/06/26,07:15:00,G51_20180626_071500.wav,San Rafael,Area proteccion embalse EPM,6.3602,-75.0071,1368,Forest,0,0,No_rain
17584,G51_20180626_074500,G51,2018/06/26,07:45:00,G51_20180626_074500.wav,San Rafael,Area proteccion embalse EPM,6.3602,-75.0071,1368,Forest,0,0,No_rain
17585,G51_20180626_073000,G51,2018/06/26,07:30:00,G51_20180626_073000.wav,San Rafael,Area proteccion embalse EPM,6.3602,-75.0071,1368,Forest,0,0,No_rain
17586,G51_20180626_170000,G51,2018/06/26,17:00:00,G51_20180626_170000.wav,San Rafael,Area proteccion embalse EPM,6.3602,-75.0071,1368,Forest,0,0,No_rain
17587,G51_20180626_171500,G51,2018/06/26,17:15:00,G51_20180626_171500.wav,San Rafael,Area proteccion embalse EPM,6.3602,-75.0071,1368,Forest,0,0,No_rain
17588,G51_20180626_174500,G51,2018/06/26,17:45:00,G51_20180626_174500.wav,San Rafael,Area proteccion embalse EPM,6.3602,-75.0071,1368,Forest,0,0,No_rain
17589,G51_20180626_180000,G51,2018/06/26,18:00:00,G51_20180626_180000.wav,San Rafael,Area proteccion embalse EPM,6.3602,-75.0071,1368,Forest,0,0,No_rain
17590,G51_20180626_181500,G51,2018/06/26,18:15:00,G51_20180626_181500.wav,San Rafael,Area proteccion embalse EPM,6.3602,-75.0071,1368,Forest,0,0,No_rain
17591,G51_20180626_183000,G51,2018/06/26,18:30:00,G51_20180626_183000.wav,San Rafael,Area proteccion embalse EPM,6.3602,-75.0071,1368,Forest,0,0,No_rain
17592,G51_20180626_191500,G51,2018/06/26,19:15:00,G51_20180626_191500.wav,San Rafael,Area proteccion embalse EPM,6.3602,-75.0071,1368,Forest,0,0,No_rain
17593,G51_20180626_184500,G51,2018/06/26,18:45:00,G51_20180626_184500.wav,San Rafael,Area proteccion embalse EPM,6.3602,-75.0071,1368,Forest,0,0,No_rain
17594,G51_20180626_194500,G51,2018/06/26,19:45:00,G51_20180626_194500.wav,San Rafael,Area proteccion embalse EPM,6.3602,-75.0071,1368,Forest,0,0,No_rain
17595,G51_20180627_050000,G51,2018/06/27,05:00:00,G51_20180627_050000.wav,San Rafael,Area proteccion embalse EPM,6.3602,-75.0071,1368,Forest,0,0,No_rain
17596,G51_20180627_053000,G51,2018/06/27,05:30:00,G51_20180627_053000.wav,San Rafael,Area proteccion embalse EPM,6.3602,-75.0071,1368,Forest,0,0,No_rain
17597,G51_20180627_051500,G51,2018/06/27,05:15:00,G51_20180627_051500.wav,San Rafael,Area proteccion embalse EPM,6.3602,-75.0071,1368,Forest,0,0,No_rain
17598,G51_20180627_054500,G51,2018/06/27,05:45:00,G51_20180627_054500.wav,San Rafael,Area proteccion embalse EPM,6.3602,-75.0071,1368,Forest,0,0,No_rain
17599,G51_20180627_060000,G51,2018/06/27,06:00:00,G51_20180627_060000.wav,San Rafael,Area proteccion embalse EPM,6.3602,-75.0071,1368,Forest,0,0,No_rain
17600,G51_20180627_061500,G51,2018/06/27,06:15:00,G51_20180627_061500.wav,San Rafael,Area proteccion embalse EPM,6.3602,-75.0071,1368,Forest,0,0,No_rain
17601,G51_20180627_063000,G51,2018/06/27,06:30:00,G51_20180627_063000.wav,San Rafael,Area proteccion embalse EPM,6.3602,-75.0071,1368,Forest,0,0,No_rain
17602,G51_20180627_064500,G51,2018/06/27,06:45:00,G51_20180627_064500.wav,San Rafael,Area proteccion embalse EPM,6.3602,-75.0071,1368,Forest,0,0,No_rain
17603,G51_20180627_071500,G51,2018/06/27,07:15:00,G51_20180627_071500.wav,San Rafael,Area proteccion embalse EPM,6.3602,-75.0071,1368,Forest,0,0,No_rain
17604,G51_20180627_070000,G51,2018/06/27,07:00:00,G51_20180627_070000.wav,San Rafael,Area proteccion embalse EPM,6.3602,-75.0071,1368,Forest,0,0,No_rain
17605,G51_20180627_074500,G51,2018/06/27,07:45:00,G51_20180627_074500.wav,San Rafael,Area proteccion embalse EPM,6.3602,-75.0071,1368,Forest,0,0,No_rain
17606,G51_20180627_073000,G51,2018/06/27,07:30:00,G51_20180627_073000.wav,San Rafael,Area proteccion embalse EPM,6.3602,-75.0071,1368,Forest,0,0,No_rain
17607,G51_20180629_173000,G51,2018/06/29,17:30:00,G51_20180629_173000.wav,San Rafael,Area proteccion embalse EPM,6.3602,-75.0071,1368,Forest,1,1,Light
17608,G51_20180629_170000,G51,2018/06/29,17:00:00,G51_20180629_170000.wav,San Rafael,Area proteccion embalse EPM,6.3602,-75.0071,1368,Forest,1,2,Moderate
17609,G51_20180629_174500,G51,2018/06/29,17:45:00,G51_20180629_174500.wav,San Rafael,Area proteccion embalse EPM,6.3602,-75.0071,1368,Forest,1,1,Light
17610,G51_20180629_180000,G51,2018/06/29,18:00:00,G51_20180629_180000.wav,San Rafael,Area proteccion embalse EPM,6.3602,-75.0071,1368,Forest,1,1,Light
17611,G51_20180629_183000,G51,2018/06/29,18:30:00,G51_20180629_183000.wav,San Rafael,Area proteccion embalse EPM,6.3602,-75.0071,1368,Forest,1,2,Moderate
17612,G51_20180629_181500,G51,2018/06/29,18:15:00,G51_20180629_181500.wav,San Rafael,Area proteccion embalse EPM,6.3602,-75.0071,1368,Forest,1,1,Light
17613,G51_20180629_191500,G51,2018/06/29,19:15:00,G51_20180629_191500.wav,San Rafael,Area proteccion embalse EPM,6.3602,-75.0071,1368,Forest,1,1,Light
17614,G51_20180629_190000,G51,2018/06/29,19:00:00,G51_20180629_190000.wav,San Rafael,Area proteccion embalse EPM,6.3602,-75.0071,1368,Forest,1,1,Light
17615,G51_20180629_194500,G51,2018/06/29,19:45:00,G51_20180629_194500.wav,San Rafael,Area proteccion embalse EPM,6.3602,-75.0071,1368,Forest,0,0,No_rain
17616,G51_20180629_193000,G51,2018/06/29,19:30:00,G51_20180629_193000.wav,San Rafael,Area proteccion embalse EPM,6.3602,-75.0071,1368,Forest,0,0,No_rain
17617,G51_20180630_050000,G51,2018/06/30,05:00:00,G51_20180630_050000.wav,San Rafael,Area proteccion embalse EPM,6.3602,-75.0071,1368,Forest,0,0,No_rain
17618,G51_20180630_053000,G51,2018/06/30,05:30:00,G51_20180630_053000.wav,San Rafael,Area proteccion embalse EPM,6.3602,-75.0071,1368,Forest,0,0,No_rain
17619,G51_20180630_051500,G51,2018/06/30,05:15:00,G51_20180630_051500.wav,San Rafael,Area proteccion embalse EPM,6.3602,-75.0071,1368,Forest,0,0,No_rain
17620,G51_20180630_060000,G51,2018/06/30,06:00:00,G51_20180630_060000.wav,San Rafael,Area proteccion embalse EPM,6.3602,-75.0071,1368,Forest,0,0,No_rain
17621,G51_20180630_054500,G51,2018/06/30,05:45:00,G51_20180630_054500.wav,San Rafael,Area proteccion embalse EPM,6.3602,-75.0071,1368,Forest,0,0,No_rain
17622,G51_20180630_061500,G51,2018/06/30,06:15:00,G51_20180630_061500.wav,San Rafael,Area proteccion embalse EPM,6.3602,-75.0071,1368,Forest,0,0,No_rain
17623,G51_20180630_063000,G51,2018/06/30,06:30:00,G51_20180630_063000.wav,San Rafael,Area proteccion embalse EPM,6.3602,-75.0071,1368,Forest,0,0,No_rain
17624,G51_20180630_064500,G51,2018/06/30,06:45:00,G51_20180630_064500.wav,San Rafael,Area proteccion embalse EPM,6.3602,-75.0071,1368,Forest,0,0,No_rain
17625,G51_20180630_070000,G51,2018/06/30,07:00:00,G51_20180630_070000.wav,San Rafael,Area proteccion embalse EPM,6.3602,-75.0071,1368,Forest,0,0,No_rain
17626,G51_20180630_073000,G51,2018/06/30,07:30:00,G51_20180630_073000.wav,San Rafael,Area proteccion embalse EPM,6.3602,-75.0071,1368,Forest,0,0,No_rain
17627,G51_20180630_071500,G51,2018/06/30,07:15:00,G51_20180630_071500.wav,San Rafael,Area proteccion embalse EPM,6.3602,-75.0071,1368,Forest,0,0,No_rain
17628,G51_20180630_074500,G51,2018/06/30,07:45:00,G51_20180630_074500.wav,San Rafael,Area proteccion embalse EPM,6.3602,-75.0071,1368,Forest,0,0,No_rain
17629,G51_20180630_170000,G51,2018/06/30,17:00:00,G51_20180630_170000.wav,San Rafael,Area proteccion embalse EPM,6.3602,-75.0071,1368,Forest,0,0,No_rain
17630,G51_20180630_173000,G51,2018/06/30,17:30:00,G51_20180630_173000.wav,San Rafael,Area proteccion embalse EPM,6.3602,-75.0071,1368,Forest,0,0,No_rain
17631,G51_20180630_171500,G51,2018/06/30,17:15:00,G51_20180630_171500.wav,San Rafael,Area proteccion embalse EPM,6.3602,-75.0071,1368,Forest,0,0,No_rain
17632,G51_20180630_174500,G51,2018/06/30,17:45:00,G51_20180630_174500.wav,San Rafael,Area proteccion embalse EPM,6.3602,-75.0071,1368,Forest,0,0,No_rain
17633,G51_20180630_181500,G51,2018/06/30,18:15:00,G51_20180630_181500.wav,San Rafael,Area proteccion embalse EPM,6.3602,-75.0071,1368,Forest,0,0,No_rain
17634,G51_20180630_183000,G51,2018/06/30,18:30:00,G51_20180630_183000.wav,San Rafael,Area proteccion embalse EPM,6.3602,-75.0071,1368,Forest,0,0,No_rain
17635,G51_20180630_191500,G51,2018/06/30,19:15:00,G51_20180630_191500.wav,San Rafael,Area proteccion embalse EPM,6.3602,-75.0071,1368,Forest,0,0,No_rain
17636,G51_20180630_190000,G51,2018/06/30,19:00:00,G51_20180630_190000.wav,San Rafael,Area proteccion embalse EPM,6.3602,-75.0071,1368,Forest,0,0,No_rain
17637,G51_20180630_194500,G51,2018/06/30,19:45:00,G51_20180630_194500.wav,San Rafael,Area proteccion embalse EPM,6.3602,-75.0071,1368,Forest,0,0,No_rain
17638,G51_20180630_193000,G51,2018/06/30,19:30:00,G51_20180630_193000.wav,San Rafael,Area proteccion embalse EPM,6.3602,-75.0071,1368,Forest,0,0,No_rain
17639,G51_20180701_051500,G51,2018/07/01,05:15:00,G51_20180701_051500.wav,San Rafael,Area proteccion embalse EPM,6.3602,-75.0071,1368,Forest,0,0,No_rain
17640,G51_20180701_050000,G51,2018/07/01,05:00:00,G51_20180701_050000.wav,San Rafael,Area proteccion embalse EPM,6.3602,-75.0071,1368,Forest,0,0,No_rain
17641,G51_20180701_053000,G51,2018/07/01,05:30:00,G51_20180701_053000.wav,San Rafael,Area proteccion embalse EPM,6.3602,-75.0071,1368,Forest,0,0,No_rain
17642,G51_20180701_054500,G51,2018/07/01,05:45:00,G51_20180701_054500.wav,San Rafael,Area proteccion embalse EPM,6.3602,-75.0071,1368,Forest,0,0,No_rain
17643,G51_20180701_060000,G51,2018/07/01,06:00:00,G51_20180701_060000.wav,San Rafael,Area proteccion embalse EPM,6.3602,-75.0071,1368,Forest,0,0,No_rain
17644,G51_20180701_061500,G51,2018/07/01,06:15:00,G51_20180701_061500.wav,San Rafael,Area proteccion embalse EPM,6.3602,-75.0071,1368,Forest,0,0,No_rain
17645,G51_20180701_064500,G51,2018/07/01,06:45:00,G51_20180701_064500.wav,San Rafael,Area proteccion embalse EPM,6.3602,-75.0071,1368,Forest,0,0,No_rain
17646,G51_20180701_063000,G51,2018/07/01,06:30:00,G51_20180701_063000.wav,San Rafael,Area proteccion embalse EPM,6.3602,-75.0071,1368,Forest,0,0,No_rain
17647,G51_20180701_070000,G51,2018/07/01,07:00:00,G51_20180701_070000.wav,San Rafael,Area proteccion embalse EPM,6.3602,-75.0071,1368,Forest,0,0,No_rain
17648,G51_20180701_071500,G51,2018/07/01,07:15:00,G51_20180701_071500.wav,San Rafael,Area proteccion embalse EPM,6.3602,-75.0071,1368,Forest,0,0,No_rain
17649,G51_20180701_073000,G51,2018/07/01,07:30:00,G51_20180701_073000.wav,San Rafael,Area proteccion embalse EPM,6.3602,-75.0071,1368,Forest,0,0,No_rain
17650,G51_20180701_074500,G51,2018/07/01,07:45:00,G51_20180701_074500.wav,San Rafael,Area proteccion embalse EPM,6.3602,-75.0071,1368,Forest,0,0,No_rain
17651,G51_20180701_174500,G51,2018/07/01,17:45:00,G51_20180701_174500.wav,San Rafael,Area proteccion embalse EPM,6.3602,-75.0071,1368,Forest,0,0,No_rain
17652,G51_20180701_181500,G51,2018/07/01,18:15:00,G51_20180701_181500.wav,San Rafael,Area proteccion embalse EPM,6.3602,-75.0071,1368,Forest,0,0,No_rain
17653,G51_20180701_180000,G51,2018/07/01,18:00:00,G51_20180701_180000.wav,San Rafael,Area proteccion embalse EPM,6.3602,-75.0071,1368,Forest,0,0,No_rain
17654,G51_20180701_184500,G51,2018/07/01,18:45:00,G51_20180701_184500.wav,San Rafael,Area proteccion embalse EPM,6.3602,-75.0071,1368,Forest,0,0,No_rain
17655,G51_20180701_183000,G51,2018/07/01,18:30:00,G51_20180701_183000.wav,San Rafael,Area proteccion embalse EPM,6.3602,-75.0071,1368,Forest,0,0,No_rain
17656,G51_20180701_191500,G51,2018/07/01,19:15:00,G51_20180701_191500.wav,San Rafael,Area proteccion embalse EPM,6.3602,-75.0071,1368,Forest,0,0,No_rain
17657,G51_20180701_190000,G51,2018/07/01,19:00:00,G51_20180701_190000.wav,San Rafael,Area proteccion embalse EPM,6.3602,-75.0071,1368,Forest,0,0,No_rain
17658,G51_20180701_194500,G51,2018/07/01,19:45:00,G51_20180701_194500.wav,San Rafael,Area proteccion embalse EPM,6.3602,-75.0071,1368,Forest,1,1,Light
17659,G51_20180702_050000,G51,2018/07/02,05:00:00,G51_20180702_050000.wav,San Rafael,Area proteccion embalse EPM,6.3602,-75.0071,1368,Forest,0,0,No_rain
17660,G51_20180702_051500,G51,2018/07/02,05:15:00,G51_20180702_051500.wav,San Rafael,Area proteccion embalse EPM,6.3602,-75.0071,1368,Forest,0,0,No_rain
17661,G51_20180702_053000,G51,2018/07/02,05:30:00,G51_20180702_053000.wav,San Rafael,Area proteccion embalse EPM,6.3602,-75.0071,1368,Forest,0,0,No_rain
17662,G51_20180702_054500,G51,2018/07/02,05:45:00,G51_20180702_054500.wav,San Rafael,Area proteccion embalse EPM,6.3602,-75.0071,1368,Forest,0,0,No_rain
17663,G51_20180702_060000,G51,2018/07/02,06:00:00,G51_20180702_060000.wav,San Rafael,Area proteccion embalse EPM,6.3602,-75.0071,1368,Forest,0,0,No_rain
17664,G51_20180702_063000,G51,2018/07/02,06:30:00,G51_20180702_063000.wav,San Rafael,Area proteccion embalse EPM,6.3602,-75.0071,1368,Forest,0,0,No_rain
17665,G51_20180702_061500,G51,2018/07/02,06:15:00,G51_20180702_061500.wav,San Rafael,Area proteccion embalse EPM,6.3602,-75.0071,1368,Forest,0,0,No_rain
17666,G51_20180702_064500,G51,2018/07/02,06:45:00,G51_20180702_064500.wav,San Rafael,Area proteccion embalse EPM,6.3602,-75.0071,1368,Forest,0,0,No_rain
17667,G51_20180702_070000,G51,2018/07/02,07:00:00,G51_20180702_070000.wav,San Rafael,Area proteccion embalse EPM,6.3602,-75.0071,1368,Forest,0,0,No_rain
17668,G51_20180702_071500,G51,2018/07/02,07:15:00,G51_20180702_071500.wav,San Rafael,Area proteccion embalse EPM,6.3602,-75.0071,1368,Forest,1,1,Light
17669,G51_20180702_074500,G51,2018/07/02,07:45:00,G51_20180702_074500.wav,San Rafael,Area proteccion embalse EPM,6.3602,-75.0071,1368,Forest,1,1,Light
17670,G51_20180702_073000,G51,2018/07/02,07:30:00,G51_20180702_073000.wav,San Rafael,Area proteccion embalse EPM,6.3602,-75.0071,1368,Forest,1,2,Moderate
