,Recording,Recorder,Date,Time,Filename,Municipio,Vereda,Latitud,Longitud,Elevacion,Habitat,Rain_occurrence,Rain_Intesity,Intensity_Category
17671,G52_20180618_144000,G52,2018/06/18,14:40:00,G52_20180618_144000.wav,San Rafael,Area proteccion embalse EPM,6.3448,-74.9718,1324,Forest,0,0,No_rain
17672,G52_20180618_145600,G52,2018/06/18,14:56:00,G52_20180618_145600.wav,San Rafael,Area proteccion embalse EPM,6.3448,-74.9718,1324,Forest,0,0,No_rain
17673,G52_20180618_151200,G52,2018/06/18,15:12:00,G52_20180618_151200.wav,San Rafael,Area proteccion embalse EPM,6.3448,-74.9718,1324,Forest,0,0,No_rain
17674,G52_20180618_152800,G52,2018/06/18,15:28:00,G52_20180618_152800.wav,San Rafael,Area proteccion embalse EPM,6.3448,-74.9718,1324,Forest,0,0,No_rain
17675,G52_20180618_154400,G52,2018/06/18,15:44:00,G52_20180618_154400.wav,San Rafael,Area proteccion embalse EPM,6.3448,-74.9718,1324,Forest,0,0,No_rain
17676,G52_20180618_160000,G52,2018/06/18,16:00:00,G52_20180618_160000.wav,San Rafael,Area proteccion embalse EPM,6.3448,-74.9718,1324,Forest,0,0,No_rain
17677,G52_20180618_161600,G52,2018/06/18,16:16:00,G52_20180618_161600.wav,San Rafael,Area proteccion embalse EPM,6.3448,-74.9718,1324,Forest,0,0,No_rain
17678,G52_20180618_163200,G52,2018/06/18,16:32:00,G52_20180618_163200.wav,San Rafael,Area proteccion embalse EPM,6.3448,-74.9718,1324,Forest,0,0,No_rain
17679,G52_20180618_164800,G52,2018/06/18,16:48:00,G52_20180618_164800.wav,San Rafael,Area proteccion embalse EPM,6.3448,-74.9718,1324,Forest,0,0,No_rain
17680,G52_20180618_200000,G52,2018/06/18,20:00:00,G52_20180618_200000.wav,San Rafael,Area proteccion embalse EPM,6.3448,-74.9718,1324,Forest,1,2,Moderate
17681,G52_20180618_201600,G52,2018/06/18,20:16:00,G52_20180618_201600.wav,San Rafael,Area proteccion embalse EPM,6.3448,-74.9718,1324,Forest,1,1,Light
17682,G52_20180618_203200,G52,2018/06/18,20:32:00,G52_20180618_203200.wav,San Rafael,Area proteccion embalse EPM,6.3448,-74.9718,1324,Forest,1,1,Light
17683,G52_20180618_204800,G52,2018/06/18,20:48:00,G52_20180618_204800.wav,San Rafael,Area proteccion embalse EPM,6.3448,-74.9718,1324,Forest,1,1,Light
17684,G52_20180618_210400,G52,2018/06/18,21:04:00,G52_20180618_210400.wav,San Rafael,Area proteccion embalse EPM,6.3448,-74.9718,1324,Forest,0,0,No_rain
17685,G52_20180618_212000,G52,2018/06/18,21:20:00,G52_20180618_212000.wav,San Rafael,Area proteccion embalse EPM,6.3448,-74.9718,1324,Forest,0,0,No_rain
17686,G52_20180618_213600,G52,2018/06/18,21:36:00,G52_20180618_213600.wav,San Rafael,Area proteccion embalse EPM,6.3448,-74.9718,1324,Forest,0,0,No_rain
17687,G52_20180618_215200,G52,2018/06/18,21:52:00,G52_20180618_215200.wav,San Rafael,Area proteccion embalse EPM,6.3448,-74.9718,1324,Forest,0,0,No_rain
17688,G52_20180618_220800,G52,2018/06/18,22:08:00,G52_20180618_220800.wav,San Rafael,Area proteccion embalse EPM,6.3448,-74.9718,1324,Forest,0,0,No_rain
17689,G52_20180618_222400,G52,2018/06/18,22:24:00,G52_20180618_222400.wav,San Rafael,Area proteccion embalse EPM,6.3448,-74.9718,1324,Forest,0,0,No_rain
17690,G52_20180618_224000,G52,2018/06/18,22:40:00,G52_20180618_224000.wav,San Rafael,Area proteccion embalse EPM,6.3448,-74.9718,1324,Forest,0,0,No_rain
17691,G52_20180618_225600,G52,2018/06/18,22:56:00,G52_20180618_225600.wav,San Rafael,Area proteccion embalse EPM,6.3448,-74.9718,1324,Forest,0,0,No_rain
17692,G52_20180618_231200,G52,2018/06/18,23:12:00,G52_20180618_231200.wav,San Rafael,Area proteccion embalse EPM,6.3448,-74.9718,1324,Forest,0,0,No_rain
17693,G52_20180618_232800,G52,2018/06/18,23:28:00,G52_20180618_232800.wav,San Rafael,Area proteccion embalse EPM,6.3448,-74.9718,1324,Forest,0,0,No_rain
17694,G52_20180618_234400,G52,2018/06/18,23:44:00,G52_20180618_234400.wav,San Rafael,Area proteccion embalse EPM,6.3448,-74.9718,1324,Forest,0,0,No_rain
17695,G52_20180619_000000,G52,2018/06/19,00:00:00,G52_20180619_000000.wav,San Rafael,Area proteccion embalse EPM,6.3448,-74.9718,1324,Forest,0,0,No_rain
17696,G52_20180619_001600,G52,2018/06/19,00:16:00,G52_20180619_001600.wav,San Rafael,Area proteccion embalse EPM,6.3448,-74.9718,1324,Forest,0,0,No_rain
17697,G52_20180619_003200,G52,2018/06/19,00:32:00,G52_20180619_003200.wav,San Rafael,Area proteccion embalse EPM,6.3448,-74.9718,1324,Forest,0,0,No_rain
17698,G52_20180619_004800,G52,2018/06/19,00:48:00,G52_20180619_004800.wav,San Rafael,Area proteccion embalse EPM,6.3448,-74.9718,1324,Forest,0,0,No_rain
17699,G52_20180619_010400,G52,2018/06/19,01:04:00,G52_20180619_010400.wav,San Rafael,Area proteccion embalse EPM,6.3448,-74.9718,1324,Forest,0,0,No_rain
17700,G52_20180619_012000,G52,2018/06/19,01:20:00,G52_20180619_012000.wav,San Rafael,Area proteccion embalse EPM,6.3448,-74.9718,1324,Forest,0,0,No_rain
17701,G52_20180619_013600,G52,2018/06/19,01:36:00,G52_20180619_013600.wav,San Rafael,Area proteccion embalse EPM,6.3448,-74.9718,1324,Forest,0,0,No_rain
17702,G52_20180619_015200,G52,2018/06/19,01:52:00,G52_20180619_015200.wav,San Rafael,Area proteccion embalse EPM,6.3448,-74.9718,1324,Forest,0,0,No_rain
17703,G52_20180619_020800,G52,2018/06/19,02:08:00,G52_20180619_020800.wav,San Rafael,Area proteccion embalse EPM,6.3448,-74.9718,1324,Forest,0,0,No_rain
17704,G52_20180619_022400,G52,2018/06/19,02:24:00,G52_20180619_022400.wav,San Rafael,Area proteccion embalse EPM,6.3448,-74.9718,1324,Forest,0,0,No_rain
17705,G52_20180619_024000,G52,2018/06/19,02:40:00,G52_20180619_024000.wav,San Rafael,Area proteccion embalse EPM,6.3448,-74.9718,1324,Forest,0,0,No_rain
17706,G52_20180619_025600,G52,2018/06/19,02:56:00,G52_20180619_025600.wav,San Rafael,Area proteccion embalse EPM,6.3448,-74.9718,1324,Forest,0,0,No_rain
17707,G52_20180619_031200,G52,2018/06/19,03:12:00,G52_20180619_031200.wav,San Rafael,Area proteccion embalse EPM,6.3448,-74.9718,1324,Forest,0,0,No_rain
17708,G52_20180619_032800,G52,2018/06/19,03:28:00,G52_20180619_032800.wav,San Rafael,Area proteccion embalse EPM,6.3448,-74.9718,1324,Forest,0,0,No_rain
17709,G52_20180619_034400,G52,2018/06/19,03:44:00,G52_20180619_034400.wav,San Rafael,Area proteccion embalse EPM,6.3448,-74.9718,1324,Forest,0,0,No_rain
17710,G52_20180619_040000,G52,2018/06/19,04:00:00,G52_20180619_040000.wav,San Rafael,Area proteccion embalse EPM,6.3448,-74.9718,1324,Forest,0,0,No_rain
17711,G52_20180619_041600,G52,2018/06/19,04:16:00,G52_20180619_041600.wav,San Rafael,Area proteccion embalse EPM,6.3448,-74.9718,1324,Forest,0,0,No_rain
17712,G52_20180619_043200,G52,2018/06/19,04:32:00,G52_20180619_043200.wav,San Rafael,Area proteccion embalse EPM,6.3448,-74.9718,1324,Forest,0,0,No_rain
17713,G52_20180619_044800,G52,2018/06/19,04:48:00,G52_20180619_044800.wav,San Rafael,Area proteccion embalse EPM,6.3448,-74.9718,1324,Forest,0,0,No_rain
17714,G52_20180619_080000,G52,2018/06/19,08:00:00,G52_20180619_080000.wav,San Rafael,Area proteccion embalse EPM,6.3448,-74.9718,1324,Forest,0,0,No_rain
17715,G52_20180619_081600,G52,2018/06/19,08:16:00,G52_20180619_081600.wav,San Rafael,Area proteccion embalse EPM,6.3448,-74.9718,1324,Forest,0,0,No_rain
17716,G52_20180619_083200,G52,2018/06/19,08:32:00,G52_20180619_083200.wav,San Rafael,Area proteccion embalse EPM,6.3448,-74.9718,1324,Forest,0,0,No_rain
17717,G52_20180619_084800,G52,2018/06/19,08:48:00,G52_20180619_084800.wav,San Rafael,Area proteccion embalse EPM,6.3448,-74.9718,1324,Forest,0,0,No_rain
17718,G52_20180619_090400,G52,2018/06/19,09:04:00,G52_20180619_090400.wav,San Rafael,Area proteccion embalse EPM,6.3448,-74.9718,1324,Forest,0,0,No_rain
17719,G52_20180619_092000,G52,2018/06/19,09:20:00,G52_20180619_092000.wav,San Rafael,Area proteccion embalse EPM,6.3448,-74.9718,1324,Forest,0,0,No_rain
17720,G52_20180619_093600,G52,2018/06/19,09:36:00,G52_20180619_093600.wav,San Rafael,Area proteccion embalse EPM,6.3448,-74.9718,1324,Forest,0,0,No_rain
17721,G52_20180619_095200,G52,2018/06/19,09:52:00,G52_20180619_095200.wav,San Rafael,Area proteccion embalse EPM,6.3448,-74.9718,1324,Forest,0,0,No_rain
17722,G52_20180619_100800,G52,2018/06/19,10:08:00,G52_20180619_100800.wav,San Rafael,Area proteccion embalse EPM,6.3448,-74.9718,1324,Forest,0,0,No_rain
17723,G52_20180619_102400,G52,2018/06/19,10:24:00,G52_20180619_102400.wav,San Rafael,Area proteccion embalse EPM,6.3448,-74.9718,1324,Forest,0,0,No_rain
17724,G52_20180619_104000,G52,2018/06/19,10:40:00,G52_20180619_104000.wav,San Rafael,Area proteccion embalse EPM,6.3448,-74.9718,1324,Forest,0,0,No_rain
17725,G52_20180619_105600,G52,2018/06/19,10:56:00,G52_20180619_105600.wav,San Rafael,Area proteccion embalse EPM,6.3448,-74.9718,1324,Forest,0,0,No_rain
17726,G52_20180619_111200,G52,2018/06/19,11:12:00,G52_20180619_111200.wav,San Rafael,Area proteccion embalse EPM,6.3448,-74.9718,1324,Forest,0,0,No_rain
17727,G52_20180619_112800,G52,2018/06/19,11:28:00,G52_20180619_112800.wav,San Rafael,Area proteccion embalse EPM,6.3448,-74.9718,1324,Forest,0,0,No_rain
17728,G52_20180619_114400,G52,2018/06/19,11:44:00,G52_20180619_114400.wav,San Rafael,Area proteccion embalse EPM,6.3448,-74.9718,1324,Forest,0,0,No_rain
17729,G52_20180619_120000,G52,2018/06/19,12:00:00,G52_20180619_120000.wav,San Rafael,Area proteccion embalse EPM,6.3448,-74.9718,1324,Forest,0,0,No_rain
17730,G52_20180619_121600,G52,2018/06/19,12:16:00,G52_20180619_121600.wav,San Rafael,Area proteccion embalse EPM,6.3448,-74.9718,1324,Forest,0,0,No_rain
17731,G52_20180619_123200,G52,2018/06/19,12:32:00,G52_20180619_123200.wav,San Rafael,Area proteccion embalse EPM,6.3448,-74.9718,1324,Forest,0,0,No_rain
17732,G52_20180619_124800,G52,2018/06/19,12:48:00,G52_20180619_124800.wav,San Rafael,Area proteccion embalse EPM,6.3448,-74.9718,1324,Forest,0,0,No_rain
17733,G52_20180619_130400,G52,2018/06/19,13:04:00,G52_20180619_130400.wav,San Rafael,Area proteccion embalse EPM,6.3448,-74.9718,1324,Forest,0,0,No_rain
17734,G52_20180619_132000,G52,2018/06/19,13:20:00,G52_20180619_132000.wav,San Rafael,Area proteccion embalse EPM,6.3448,-74.9718,1324,Forest,0,0,No_rain
17735,G52_20180619_133600,G52,2018/06/19,13:36:00,G52_20180619_133600.wav,San Rafael,Area proteccion embalse EPM,6.3448,-74.9718,1324,Forest,0,0,No_rain
17736,G52_20180619_135200,G52,2018/06/19,13:52:00,G52_20180619_135200.wav,San Rafael,Area proteccion embalse EPM,6.3448,-74.9718,1324,Forest,0,0,No_rain
17737,G52_20180619_140800,G52,2018/06/19,14:08:00,G52_20180619_140800.wav,San Rafael,Area proteccion embalse EPM,6.3448,-74.9718,1324,Forest,0,0,No_rain
17738,G52_20180619_142400,G52,2018/06/19,14:24:00,G52_20180619_142400.wav,San Rafael,Area proteccion embalse EPM,6.3448,-74.9718,1324,Forest,0,0,No_rain
17739,G52_20180619_144000,G52,2018/06/19,14:40:00,G52_20180619_144000.wav,San Rafael,Area proteccion embalse EPM,6.3448,-74.9718,1324,Forest,0,0,No_rain
17740,G52_20180619_145600,G52,2018/06/19,14:56:00,G52_20180619_145600.wav,San Rafael,Area proteccion embalse EPM,6.3448,-74.9718,1324,Forest,0,0,No_rain
17741,G52_20180619_151200,G52,2018/06/19,15:12:00,G52_20180619_151200.wav,San Rafael,Area proteccion embalse EPM,6.3448,-74.9718,1324,Forest,0,0,No_rain
17742,G52_20180619_152800,G52,2018/06/19,15:28:00,G52_20180619_152800.wav,San Rafael,Area proteccion embalse EPM,6.3448,-74.9718,1324,Forest,0,0,No_rain
17743,G52_20180619_154400,G52,2018/06/19,15:44:00,G52_20180619_154400.wav,San Rafael,Area proteccion embalse EPM,6.3448,-74.9718,1324,Forest,0,0,No_rain
17744,G52_20180619_160000,G52,2018/06/19,16:00:00,G52_20180619_160000.wav,San Rafael,Area proteccion embalse EPM,6.3448,-74.9718,1324,Forest,0,0,No_rain
17745,G52_20180619_161600,G52,2018/06/19,16:16:00,G52_20180619_161600.wav,San Rafael,Area proteccion embalse EPM,6.3448,-74.9718,1324,Forest,0,0,No_rain
17746,G52_20180619_163200,G52,2018/06/19,16:32:00,G52_20180619_163200.wav,San Rafael,Area proteccion embalse EPM,6.3448,-74.9718,1324,Forest,0,0,No_rain
17747,G52_20180619_164800,G52,2018/06/19,16:48:00,G52_20180619_164800.wav,San Rafael,Area proteccion embalse EPM,6.3448,-74.9718,1324,Forest,0,0,No_rain
17748,G52_20180619_200000,G52,2018/06/19,20:00:00,G52_20180619_200000.wav,San Rafael,Area proteccion embalse EPM,6.3448,-74.9718,1324,Forest,0,0,No_rain
17749,G52_20180619_201600,G52,2018/06/19,20:16:00,G52_20180619_201600.wav,San Rafael,Area proteccion embalse EPM,6.3448,-74.9718,1324,Forest,0,0,No_rain
17750,G52_20180619_203200,G52,2018/06/19,20:32:00,G52_20180619_203200.wav,San Rafael,Area proteccion embalse EPM,6.3448,-74.9718,1324,Forest,0,0,No_rain
17751,G52_20180619_204800,G52,2018/06/19,20:48:00,G52_20180619_204800.wav,San Rafael,Area proteccion embalse EPM,6.3448,-74.9718,1324,Forest,0,0,No_rain
17752,G52_20180619_210400,G52,2018/06/19,21:04:00,G52_20180619_210400.wav,San Rafael,Area proteccion embalse EPM,6.3448,-74.9718,1324,Forest,1,1,Light
17753,G52_20180619_212000,G52,2018/06/19,21:20:00,G52_20180619_212000.wav,San Rafael,Area proteccion embalse EPM,6.3448,-74.9718,1324,Forest,1,1,Light
17754,G52_20180619_213600,G52,2018/06/19,21:36:00,G52_20180619_213600.wav,San Rafael,Area proteccion embalse EPM,6.3448,-74.9718,1324,Forest,1,1,Light
17755,G52_20180619_215200,G52,2018/06/19,21:52:00,G52_20180619_215200.wav,San Rafael,Area proteccion embalse EPM,6.3448,-74.9718,1324,Forest,1,1,Light
17756,G52_20180619_220800,G52,2018/06/19,22:08:00,G52_20180619_220800.wav,San Rafael,Area proteccion embalse EPM,6.3448,-74.9718,1324,Forest,1,1,Light
17757,G52_20180619_222400,G52,2018/06/19,22:24:00,G52_20180619_222400.wav,San Rafael,Area proteccion embalse EPM,6.3448,-74.9718,1324,Forest,0,0,No_rain
17758,G52_20180619_224000,G52,2018/06/19,22:40:00,G52_20180619_224000.wav,San Rafael,Area proteccion embalse EPM,6.3448,-74.9718,1324,Forest,0,0,No_rain
17759,G52_20180619_225600,G52,2018/06/19,22:56:00,G52_20180619_225600.wav,San Rafael,Area proteccion embalse EPM,6.3448,-74.9718,1324,Forest,0,0,No_rain
17760,G52_20180619_231200,G52,2018/06/19,23:12:00,G52_20180619_231200.wav,San Rafael,Area proteccion embalse EPM,6.3448,-74.9718,1324,Forest,0,0,No_rain
17761,G52_20180619_232800,G52,2018/06/19,23:28:00,G52_20180619_232800.wav,San Rafael,Area proteccion embalse EPM,6.3448,-74.9718,1324,Forest,0,0,No_rain
17762,G52_20180619_234400,G52,2018/06/19,23:44:00,G52_20180619_234400.wav,San Rafael,Area proteccion embalse EPM,6.3448,-74.9718,1324,Forest,0,0,No_rain
17763,G52_20180620_000000,G52,2018/06/20,00:00:00,G52_20180620_000000.wav,San Rafael,Area proteccion embalse EPM,6.3448,-74.9718,1324,Forest,0,0,No_rain
17764,G52_20180620_001600,G52,2018/06/20,00:16:00,G52_20180620_001600.wav,San Rafael,Area proteccion embalse EPM,6.3448,-74.9718,1324,Forest,0,0,No_rain
17765,G52_20180620_003200,G52,2018/06/20,00:32:00,G52_20180620_003200.wav,San Rafael,Area proteccion embalse EPM,6.3448,-74.9718,1324,Forest,0,0,No_rain
17766,G52_20180620_004800,G52,2018/06/20,00:48:00,G52_20180620_004800.wav,San Rafael,Area proteccion embalse EPM,6.3448,-74.9718,1324,Forest,1,3,Heavy
17767,G52_20180620_010400,G52,2018/06/20,01:04:00,G52_20180620_010400.wav,San Rafael,Area proteccion embalse EPM,6.3448,-74.9718,1324,Forest,1,3,Heavy
17768,G52_20180620_012000,G52,2018/06/20,01:20:00,G52_20180620_012000.wav,San Rafael,Area proteccion embalse EPM,6.3448,-74.9718,1324,Forest,1,1,Light
17769,G52_20180620_013600,G52,2018/06/20,01:36:00,G52_20180620_013600.wav,San Rafael,Area proteccion embalse EPM,6.3448,-74.9718,1324,Forest,1,2,Moderate
17770,G52_20180620_015200,G52,2018/06/20,01:52:00,G52_20180620_015200.wav,San Rafael,Area proteccion embalse EPM,6.3448,-74.9718,1324,Forest,1,3,Heavy
17771,G52_20180620_020800,G52,2018/06/20,02:08:00,G52_20180620_020800.wav,San Rafael,Area proteccion embalse EPM,6.3448,-74.9718,1324,Forest,1,1,Light
17772,G52_20180620_022400,G52,2018/06/20,02:24:00,G52_20180620_022400.wav,San Rafael,Area proteccion embalse EPM,6.3448,-74.9718,1324,Forest,1,1,Light
17773,G52_20180620_024000,G52,2018/06/20,02:40:00,G52_20180620_024000.wav,San Rafael,Area proteccion embalse EPM,6.3448,-74.9718,1324,Forest,1,1,Light
17774,G52_20180620_025600,G52,2018/06/20,02:56:00,G52_20180620_025600.wav,San Rafael,Area proteccion embalse EPM,6.3448,-74.9718,1324,Forest,1,1,Light
17775,G52_20180620_031200,G52,2018/06/20,03:12:00,G52_20180620_031200.wav,San Rafael,Area proteccion embalse EPM,6.3448,-74.9718,1324,Forest,1,1,Light
17776,G52_20180620_032800,G52,2018/06/20,03:28:00,G52_20180620_032800.wav,San Rafael,Area proteccion embalse EPM,6.3448,-74.9718,1324,Forest,1,1,Light
17777,G52_20180620_034400,G52,2018/06/20,03:44:00,G52_20180620_034400.wav,San Rafael,Area proteccion embalse EPM,6.3448,-74.9718,1324,Forest,1,1,Light
17778,G52_20180620_040000,G52,2018/06/20,04:00:00,G52_20180620_040000.wav,San Rafael,Area proteccion embalse EPM,6.3448,-74.9718,1324,Forest,1,1,Light
17779,G52_20180620_041600,G52,2018/06/20,04:16:00,G52_20180620_041600.wav,San Rafael,Area proteccion embalse EPM,6.3448,-74.9718,1324,Forest,1,1,Light
17780,G52_20180620_043200,G52,2018/06/20,04:32:00,G52_20180620_043200.wav,San Rafael,Area proteccion embalse EPM,6.3448,-74.9718,1324,Forest,1,1,Light
17781,G52_20180620_044800,G52,2018/06/20,04:48:00,G52_20180620_044800.wav,San Rafael,Area proteccion embalse EPM,6.3448,-74.9718,1324,Forest,1,1,Light
17782,G52_20180620_080000,G52,2018/06/20,08:00:00,G52_20180620_080000.wav,San Rafael,Area proteccion embalse EPM,6.3448,-74.9718,1324,Forest,0,0,No_rain
17783,G52_20180620_081600,G52,2018/06/20,08:16:00,G52_20180620_081600.wav,San Rafael,Area proteccion embalse EPM,6.3448,-74.9718,1324,Forest,0,0,No_rain
17784,G52_20180620_083200,G52,2018/06/20,08:32:00,G52_20180620_083200.wav,San Rafael,Area proteccion embalse EPM,6.3448,-74.9718,1324,Forest,0,0,No_rain
17785,G52_20180620_084800,G52,2018/06/20,08:48:00,G52_20180620_084800.wav,San Rafael,Area proteccion embalse EPM,6.3448,-74.9718,1324,Forest,0,0,No_rain
17786,G52_20180620_090400,G52,2018/06/20,09:04:00,G52_20180620_090400.wav,San Rafael,Area proteccion embalse EPM,6.3448,-74.9718,1324,Forest,0,0,No_rain
17787,G52_20180620_092000,G52,2018/06/20,09:20:00,G52_20180620_092000.wav,San Rafael,Area proteccion embalse EPM,6.3448,-74.9718,1324,Forest,0,0,No_rain
17788,G52_20180620_093600,G52,2018/06/20,09:36:00,G52_20180620_093600.wav,San Rafael,Area proteccion embalse EPM,6.3448,-74.9718,1324,Forest,0,0,No_rain
17789,G52_20180620_095200,G52,2018/06/20,09:52:00,G52_20180620_095200.wav,San Rafael,Area proteccion embalse EPM,6.3448,-74.9718,1324,Forest,0,0,No_rain
17790,G52_20180620_100800,G52,2018/06/20,10:08:00,G52_20180620_100800.wav,San Rafael,Area proteccion embalse EPM,6.3448,-74.9718,1324,Forest,0,0,No_rain
17791,G52_20180620_102400,G52,2018/06/20,10:24:00,G52_20180620_102400.wav,San Rafael,Area proteccion embalse EPM,6.3448,-74.9718,1324,Forest,0,0,No_rain
17792,G52_20180620_104000,G52,2018/06/20,10:40:00,G52_20180620_104000.wav,San Rafael,Area proteccion embalse EPM,6.3448,-74.9718,1324,Forest,0,0,No_rain
17793,G52_20180620_105600,G52,2018/06/20,10:56:00,G52_20180620_105600.wav,San Rafael,Area proteccion embalse EPM,6.3448,-74.9718,1324,Forest,0,0,No_rain
17794,G52_20180620_111200,G52,2018/06/20,11:12:00,G52_20180620_111200.wav,San Rafael,Area proteccion embalse EPM,6.3448,-74.9718,1324,Forest,0,0,No_rain
17795,G52_20180620_112800,G52,2018/06/20,11:28:00,G52_20180620_112800.wav,San Rafael,Area proteccion embalse EPM,6.3448,-74.9718,1324,Forest,0,0,No_rain
17796,G52_20180620_114400,G52,2018/06/20,11:44:00,G52_20180620_114400.wav,San Rafael,Area proteccion embalse EPM,6.3448,-74.9718,1324,Forest,0,0,No_rain
17797,G52_20180620_120000,G52,2018/06/20,12:00:00,G52_20180620_120000.wav,San Rafael,Area proteccion embalse EPM,6.3448,-74.9718,1324,Forest,0,0,No_rain
17798,G52_20180620_121600,G52,2018/06/20,12:16:00,G52_20180620_121600.wav,San Rafael,Area proteccion embalse EPM,6.3448,-74.9718,1324,Forest,0,0,No_rain
17799,G52_20180620_123200,G52,2018/06/20,12:32:00,G52_20180620_123200.wav,San Rafael,Area proteccion embalse EPM,6.3448,-74.9718,1324,Forest,0,0,No_rain
17800,G52_20180620_124800,G52,2018/06/20,12:48:00,G52_20180620_124800.wav,San Rafael,Area proteccion embalse EPM,6.3448,-74.9718,1324,Forest,0,0,No_rain
17801,G52_20180620_130400,G52,2018/06/20,13:04:00,G52_20180620_130400.wav,San Rafael,Area proteccion embalse EPM,6.3448,-74.9718,1324,Forest,0,0,No_rain
17802,G52_20180620_132000,G52,2018/06/20,13:20:00,G52_20180620_132000.wav,San Rafael,Area proteccion embalse EPM,6.3448,-74.9718,1324,Forest,0,0,No_rain
17803,G52_20180620_133600,G52,2018/06/20,13:36:00,G52_20180620_133600.wav,San Rafael,Area proteccion embalse EPM,6.3448,-74.9718,1324,Forest,0,0,No_rain
17804,G52_20180620_135200,G52,2018/06/20,13:52:00,G52_20180620_135200.wav,San Rafael,Area proteccion embalse EPM,6.3448,-74.9718,1324,Forest,0,0,No_rain
17805,G52_20180620_140800,G52,2018/06/20,14:08:00,G52_20180620_140800.wav,San Rafael,Area proteccion embalse EPM,6.3448,-74.9718,1324,Forest,0,0,No_rain
17806,G52_20180620_142400,G52,2018/06/20,14:24:00,G52_20180620_142400.wav,San Rafael,Area proteccion embalse EPM,6.3448,-74.9718,1324,Forest,0,0,No_rain
17807,G52_20180620_144000,G52,2018/06/20,14:40:00,G52_20180620_144000.wav,San Rafael,Area proteccion embalse EPM,6.3448,-74.9718,1324,Forest,0,0,No_rain
17808,G52_20180620_145600,G52,2018/06/20,14:56:00,G52_20180620_145600.wav,San Rafael,Area proteccion embalse EPM,6.3448,-74.9718,1324,Forest,0,0,No_rain
17809,G52_20180620_151200,G52,2018/06/20,15:12:00,G52_20180620_151200.wav,San Rafael,Area proteccion embalse EPM,6.3448,-74.9718,1324,Forest,0,0,No_rain
17810,G52_20180620_152800,G52,2018/06/20,15:28:00,G52_20180620_152800.wav,San Rafael,Area proteccion embalse EPM,6.3448,-74.9718,1324,Forest,0,0,No_rain
17811,G52_20180620_154400,G52,2018/06/20,15:44:00,G52_20180620_154400.wav,San Rafael,Area proteccion embalse EPM,6.3448,-74.9718,1324,Forest,0,0,No_rain
17812,G52_20180620_160000,G52,2018/06/20,16:00:00,G52_20180620_160000.wav,San Rafael,Area proteccion embalse EPM,6.3448,-74.9718,1324,Forest,0,0,No_rain
17813,G52_20180620_161600,G52,2018/06/20,16:16:00,G52_20180620_161600.wav,San Rafael,Area proteccion embalse EPM,6.3448,-74.9718,1324,Forest,0,0,No_rain
17814,G52_20180620_163200,G52,2018/06/20,16:32:00,G52_20180620_163200.wav,San Rafael,Area proteccion embalse EPM,6.3448,-74.9718,1324,Forest,0,0,No_rain
17815,G52_20180620_164800,G52,2018/06/20,16:48:00,G52_20180620_164800.wav,San Rafael,Area proteccion embalse EPM,6.3448,-74.9718,1324,Forest,0,0,No_rain
17816,G52_20180620_200000,G52,2018/06/20,20:00:00,G52_20180620_200000.wav,San Rafael,Area proteccion embalse EPM,6.3448,-74.9718,1324,Forest,0,0,No_rain
17817,G52_20180620_201600,G52,2018/06/20,20:16:00,G52_20180620_201600.wav,San Rafael,Area proteccion embalse EPM,6.3448,-74.9718,1324,Forest,0,0,No_rain
17818,G52_20180620_203200,G52,2018/06/20,20:32:00,G52_20180620_203200.wav,San Rafael,Area proteccion embalse EPM,6.3448,-74.9718,1324,Forest,0,0,No_rain
17819,G52_20180620_204800,G52,2018/06/20,20:48:00,G52_20180620_204800.wav,San Rafael,Area proteccion embalse EPM,6.3448,-74.9718,1324,Forest,0,0,No_rain
17820,G52_20180620_210400,G52,2018/06/20,21:04:00,G52_20180620_210400.wav,San Rafael,Area proteccion embalse EPM,6.3448,-74.9718,1324,Forest,0,0,No_rain
17821,G52_20180620_212000,G52,2018/06/20,21:20:00,G52_20180620_212000.wav,San Rafael,Area proteccion embalse EPM,6.3448,-74.9718,1324,Forest,0,0,No_rain
17822,G52_20180620_213600,G52,2018/06/20,21:36:00,G52_20180620_213600.wav,San Rafael,Area proteccion embalse EPM,6.3448,-74.9718,1324,Forest,0,0,No_rain
17823,G52_20180620_215200,G52,2018/06/20,21:52:00,G52_20180620_215200.wav,San Rafael,Area proteccion embalse EPM,6.3448,-74.9718,1324,Forest,1,1,Light
17824,G52_20180620_220800,G52,2018/06/20,22:08:00,G52_20180620_220800.wav,San Rafael,Area proteccion embalse EPM,6.3448,-74.9718,1324,Forest,1,1,Light
17825,G52_20180620_222400,G52,2018/06/20,22:24:00,G52_20180620_222400.wav,San Rafael,Area proteccion embalse EPM,6.3448,-74.9718,1324,Forest,1,1,Light
17826,G52_20180620_224000,G52,2018/06/20,22:40:00,G52_20180620_224000.wav,San Rafael,Area proteccion embalse EPM,6.3448,-74.9718,1324,Forest,1,1,Light
17827,G52_20180620_225600,G52,2018/06/20,22:56:00,G52_20180620_225600.wav,San Rafael,Area proteccion embalse EPM,6.3448,-74.9718,1324,Forest,1,1,Light
17828,G52_20180620_231200,G52,2018/06/20,23:12:00,G52_20180620_231200.wav,San Rafael,Area proteccion embalse EPM,6.3448,-74.9718,1324,Forest,0,0,No_rain
17829,G52_20180620_232800,G52,2018/06/20,23:28:00,G52_20180620_232800.wav,San Rafael,Area proteccion embalse EPM,6.3448,-74.9718,1324,Forest,0,0,No_rain
17830,G52_20180620_234400,G52,2018/06/20,23:44:00,G52_20180620_234400.wav,San Rafael,Area proteccion embalse EPM,6.3448,-74.9718,1324,Forest,0,0,No_rain
17831,G52_20180621_000000,G52,2018/06/21,00:00:00,G52_20180621_000000.wav,San Rafael,Area proteccion embalse EPM,6.3448,-74.9718,1324,Forest,0,0,No_rain
17832,G52_20180621_001600,G52,2018/06/21,00:16:00,G52_20180621_001600.wav,San Rafael,Area proteccion embalse EPM,6.3448,-74.9718,1324,Forest,0,0,No_rain
17833,G52_20180621_003200,G52,2018/06/21,00:32:00,G52_20180621_003200.wav,San Rafael,Area proteccion embalse EPM,6.3448,-74.9718,1324,Forest,1,2,Moderate
17834,G52_20180621_004800,G52,2018/06/21,00:48:00,G52_20180621_004800.wav,San Rafael,Area proteccion embalse EPM,6.3448,-74.9718,1324,Forest,1,2,Moderate
17835,G52_20180621_010400,G52,2018/06/21,01:04:00,G52_20180621_010400.wav,San Rafael,Area proteccion embalse EPM,6.3448,-74.9718,1324,Forest,1,1,Light
17836,G52_20180621_012000,G52,2018/06/21,01:20:00,G52_20180621_012000.wav,San Rafael,Area proteccion embalse EPM,6.3448,-74.9718,1324,Forest,1,1,Light
17837,G52_20180621_013600,G52,2018/06/21,01:36:00,G52_20180621_013600.wav,San Rafael,Area proteccion embalse EPM,6.3448,-74.9718,1324,Forest,1,1,Light
17838,G52_20180621_015200,G52,2018/06/21,01:52:00,G52_20180621_015200.wav,San Rafael,Area proteccion embalse EPM,6.3448,-74.9718,1324,Forest,1,1,Light
17839,G52_20180621_020800,G52,2018/06/21,02:08:00,G52_20180621_020800.wav,San Rafael,Area proteccion embalse EPM,6.3448,-74.9718,1324,Forest,1,1,Light
17840,G52_20180621_022400,G52,2018/06/21,02:24:00,G52_20180621_022400.wav,San Rafael,Area proteccion embalse EPM,6.3448,-74.9718,1324,Forest,1,1,Light
17841,G52_20180621_024000,G52,2018/06/21,02:40:00,G52_20180621_024000.wav,San Rafael,Area proteccion embalse EPM,6.3448,-74.9718,1324,Forest,1,1,Light
17842,G52_20180621_025600,G52,2018/06/21,02:56:00,G52_20180621_025600.wav,San Rafael,Area proteccion embalse EPM,6.3448,-74.9718,1324,Forest,0,0,No_rain
17843,G52_20180621_031200,G52,2018/06/21,03:12:00,G52_20180621_031200.wav,San Rafael,Area proteccion embalse EPM,6.3448,-74.9718,1324,Forest,0,0,No_rain
17844,G52_20180621_032800,G52,2018/06/21,03:28:00,G52_20180621_032800.wav,San Rafael,Area proteccion embalse EPM,6.3448,-74.9718,1324,Forest,0,0,No_rain
17845,G52_20180621_034400,G52,2018/06/21,03:44:00,G52_20180621_034400.wav,San Rafael,Area proteccion embalse EPM,6.3448,-74.9718,1324,Forest,0,0,No_rain
17846,G52_20180621_040000,G52,2018/06/21,04:00:00,G52_20180621_040000.wav,San Rafael,Area proteccion embalse EPM,6.3448,-74.9718,1324,Forest,0,0,No_rain
17847,G52_20180621_041600,G52,2018/06/21,04:16:00,G52_20180621_041600.wav,San Rafael,Area proteccion embalse EPM,6.3448,-74.9718,1324,Forest,0,0,No_rain
17848,G52_20180621_043200,G52,2018/06/21,04:32:00,G52_20180621_043200.wav,San Rafael,Area proteccion embalse EPM,6.3448,-74.9718,1324,Forest,0,0,No_rain
17849,G52_20180621_044800,G52,2018/06/21,04:48:00,G52_20180621_044800.wav,San Rafael,Area proteccion embalse EPM,6.3448,-74.9718,1324,Forest,0,0,No_rain
17850,G52_20180621_080000,G52,2018/06/21,08:00:00,G52_20180621_080000.wav,San Rafael,Area proteccion embalse EPM,6.3448,-74.9718,1324,Forest,0,0,No_rain
17851,G52_20180621_081600,G52,2018/06/21,08:16:00,G52_20180621_081600.wav,San Rafael,Area proteccion embalse EPM,6.3448,-74.9718,1324,Forest,0,0,No_rain
17852,G52_20180621_083200,G52,2018/06/21,08:32:00,G52_20180621_083200.wav,San Rafael,Area proteccion embalse EPM,6.3448,-74.9718,1324,Forest,0,0,No_rain
17853,G52_20180621_084800,G52,2018/06/21,08:48:00,G52_20180621_084800.wav,San Rafael,Area proteccion embalse EPM,6.3448,-74.9718,1324,Forest,0,0,No_rain
17854,G52_20180621_090400,G52,2018/06/21,09:04:00,G52_20180621_090400.wav,San Rafael,Area proteccion embalse EPM,6.3448,-74.9718,1324,Forest,0,0,No_rain
17855,G52_20180621_092000,G52,2018/06/21,09:20:00,G52_20180621_092000.wav,San Rafael,Area proteccion embalse EPM,6.3448,-74.9718,1324,Forest,0,0,No_rain
17856,G52_20180621_093600,G52,2018/06/21,09:36:00,G52_20180621_093600.wav,San Rafael,Area proteccion embalse EPM,6.3448,-74.9718,1324,Forest,0,0,No_rain
17857,G52_20180621_095200,G52,2018/06/21,09:52:00,G52_20180621_095200.wav,San Rafael,Area proteccion embalse EPM,6.3448,-74.9718,1324,Forest,0,0,No_rain
17858,G52_20180621_100800,G52,2018/06/21,10:08:00,G52_20180621_100800.wav,San Rafael,Area proteccion embalse EPM,6.3448,-74.9718,1324,Forest,0,0,No_rain
17859,G52_20180621_102400,G52,2018/06/21,10:24:00,G52_20180621_102400.wav,San Rafael,Area proteccion embalse EPM,6.3448,-74.9718,1324,Forest,0,0,No_rain
17860,G52_20180621_104000,G52,2018/06/21,10:40:00,G52_20180621_104000.wav,San Rafael,Area proteccion embalse EPM,6.3448,-74.9718,1324,Forest,0,0,No_rain
17861,G52_20180621_105600,G52,2018/06/21,10:56:00,G52_20180621_105600.wav,San Rafael,Area proteccion embalse EPM,6.3448,-74.9718,1324,Forest,0,0,No_rain
17862,G52_20180621_111200,G52,2018/06/21,11:12:00,G52_20180621_111200.wav,San Rafael,Area proteccion embalse EPM,6.3448,-74.9718,1324,Forest,0,0,No_rain
17863,G52_20180621_112800,G52,2018/06/21,11:28:00,G52_20180621_112800.wav,San Rafael,Area proteccion embalse EPM,6.3448,-74.9718,1324,Forest,0,0,No_rain
17864,G52_20180621_114400,G52,2018/06/21,11:44:00,G52_20180621_114400.wav,San Rafael,Area proteccion embalse EPM,6.3448,-74.9718,1324,Forest,0,0,No_rain
17865,G52_20180621_120000,G52,2018/06/21,12:00:00,G52_20180621_120000.wav,San Rafael,Area proteccion embalse EPM,6.3448,-74.9718,1324,Forest,0,0,No_rain
17866,G52_20180621_121600,G52,2018/06/21,12:16:00,G52_20180621_121600.wav,San Rafael,Area proteccion embalse EPM,6.3448,-74.9718,1324,Forest,0,0,No_rain
17867,G52_20180621_123200,G52,2018/06/21,12:32:00,G52_20180621_123200.wav,San Rafael,Area proteccion embalse EPM,6.3448,-74.9718,1324,Forest,0,0,No_rain
17868,G52_20180621_124800,G52,2018/06/21,12:48:00,G52_20180621_124800.wav,San Rafael,Area proteccion embalse EPM,6.3448,-74.9718,1324,Forest,0,0,No_rain
17869,G52_20180621_130400,G52,2018/06/21,13:04:00,G52_20180621_130400.wav,San Rafael,Area proteccion embalse EPM,6.3448,-74.9718,1324,Forest,0,0,No_rain
17870,G52_20180621_132000,G52,2018/06/21,13:20:00,G52_20180621_132000.wav,San Rafael,Area proteccion embalse EPM,6.3448,-74.9718,1324,Forest,0,0,No_rain
17871,G52_20180621_133600,G52,2018/06/21,13:36:00,G52_20180621_133600.wav,San Rafael,Area proteccion embalse EPM,6.3448,-74.9718,1324,Forest,0,0,No_rain
17872,G52_20180621_135200,G52,2018/06/21,13:52:00,G52_20180621_135200.wav,San Rafael,Area proteccion embalse EPM,6.3448,-74.9718,1324,Forest,0,0,No_rain
17873,G52_20180621_140800,G52,2018/06/21,14:08:00,G52_20180621_140800.wav,San Rafael,Area proteccion embalse EPM,6.3448,-74.9718,1324,Forest,0,0,No_rain
17874,G52_20180621_142400,G52,2018/06/21,14:24:00,G52_20180621_142400.wav,San Rafael,Area proteccion embalse EPM,6.3448,-74.9718,1324,Forest,0,0,No_rain
17875,G52_20180621_144000,G52,2018/06/21,14:40:00,G52_20180621_144000.wav,San Rafael,Area proteccion embalse EPM,6.3448,-74.9718,1324,Forest,0,0,No_rain
17876,G52_20180621_145600,G52,2018/06/21,14:56:00,G52_20180621_145600.wav,San Rafael,Area proteccion embalse EPM,6.3448,-74.9718,1324,Forest,0,0,No_rain
17877,G52_20180621_151200,G52,2018/06/21,15:12:00,G52_20180621_151200.wav,San Rafael,Area proteccion embalse EPM,6.3448,-74.9718,1324,Forest,0,0,No_rain
17878,G52_20180621_152800,G52,2018/06/21,15:28:00,G52_20180621_152800.wav,San Rafael,Area proteccion embalse EPM,6.3448,-74.9718,1324,Forest,0,0,No_rain
17879,G52_20180621_154400,G52,2018/06/21,15:44:00,G52_20180621_154400.wav,San Rafael,Area proteccion embalse EPM,6.3448,-74.9718,1324,Forest,0,0,No_rain
17880,G52_20180621_160000,G52,2018/06/21,16:00:00,G52_20180621_160000.wav,San Rafael,Area proteccion embalse EPM,6.3448,-74.9718,1324,Forest,0,0,No_rain
17881,G52_20180621_161600,G52,2018/06/21,16:16:00,G52_20180621_161600.wav,San Rafael,Area proteccion embalse EPM,6.3448,-74.9718,1324,Forest,0,0,No_rain
17882,G52_20180621_163200,G52,2018/06/21,16:32:00,G52_20180621_163200.wav,San Rafael,Area proteccion embalse EPM,6.3448,-74.9718,1324,Forest,0,0,No_rain
17883,G52_20180621_164800,G52,2018/06/21,16:48:00,G52_20180621_164800.wav,San Rafael,Area proteccion embalse EPM,6.3448,-74.9718,1324,Forest,0,0,No_rain
17884,G52_20180621_200000,G52,2018/06/21,20:00:00,G52_20180621_200000.wav,San Rafael,Area proteccion embalse EPM,6.3448,-74.9718,1324,Forest,0,0,No_rain
17885,G52_20180621_201600,G52,2018/06/21,20:16:00,G52_20180621_201600.wav,San Rafael,Area proteccion embalse EPM,6.3448,-74.9718,1324,Forest,0,0,No_rain
17886,G52_20180621_203200,G52,2018/06/21,20:32:00,G52_20180621_203200.wav,San Rafael,Area proteccion embalse EPM,6.3448,-74.9718,1324,Forest,0,0,No_rain
17887,G52_20180621_204800,G52,2018/06/21,20:48:00,G52_20180621_204800.wav,San Rafael,Area proteccion embalse EPM,6.3448,-74.9718,1324,Forest,0,0,No_rain
17888,G52_20180621_210400,G52,2018/06/21,21:04:00,G52_20180621_210400.wav,San Rafael,Area proteccion embalse EPM,6.3448,-74.9718,1324,Forest,1,3,Heavy
17889,G52_20180621_212000,G52,2018/06/21,21:20:00,G52_20180621_212000.wav,San Rafael,Area proteccion embalse EPM,6.3448,-74.9718,1324,Forest,1,3,Heavy
17890,G52_20180621_213600,G52,2018/06/21,21:36:00,G52_20180621_213600.wav,San Rafael,Area proteccion embalse EPM,6.3448,-74.9718,1324,Forest,1,2,Moderate
17891,G52_20180621_215200,G52,2018/06/21,21:52:00,G52_20180621_215200.wav,San Rafael,Area proteccion embalse EPM,6.3448,-74.9718,1324,Forest,1,1,Light
17892,G52_20180621_220800,G52,2018/06/21,22:08:00,G52_20180621_220800.wav,San Rafael,Area proteccion embalse EPM,6.3448,-74.9718,1324,Forest,1,2,Moderate
17893,G52_20180621_222400,G52,2018/06/21,22:24:00,G52_20180621_222400.wav,San Rafael,Area proteccion embalse EPM,6.3448,-74.9718,1324,Forest,1,1,Light
17894,G52_20180621_224000,G52,2018/06/21,22:40:00,G52_20180621_224000.wav,San Rafael,Area proteccion embalse EPM,6.3448,-74.9718,1324,Forest,1,1,Light
17895,G52_20180621_225600,G52,2018/06/21,22:56:00,G52_20180621_225600.wav,San Rafael,Area proteccion embalse EPM,6.3448,-74.9718,1324,Forest,1,1,Light
17896,G52_20180621_231200,G52,2018/06/21,23:12:00,G52_20180621_231200.wav,San Rafael,Area proteccion embalse EPM,6.3448,-74.9718,1324,Forest,1,1,Light
17897,G52_20180621_232800,G52,2018/06/21,23:28:00,G52_20180621_232800.wav,San Rafael,Area proteccion embalse EPM,6.3448,-74.9718,1324,Forest,1,1,Light
17898,G52_20180621_234400,G52,2018/06/21,23:44:00,G52_20180621_234400.wav,San Rafael,Area proteccion embalse EPM,6.3448,-74.9718,1324,Forest,1,1,Light
17899,G52_20180622_000000,G52,2018/06/22,00:00:00,G52_20180622_000000.wav,San Rafael,Area proteccion embalse EPM,6.3448,-74.9718,1324,Forest,1,1,Light
17900,G52_20180622_001600,G52,2018/06/22,00:16:00,G52_20180622_001600.wav,San Rafael,Area proteccion embalse EPM,6.3448,-74.9718,1324,Forest,1,1,Light
17901,G52_20180622_003200,G52,2018/06/22,00:32:00,G52_20180622_003200.wav,San Rafael,Area proteccion embalse EPM,6.3448,-74.9718,1324,Forest,0,0,No_rain
17902,G52_20180622_004800,G52,2018/06/22,00:48:00,G52_20180622_004800.wav,San Rafael,Area proteccion embalse EPM,6.3448,-74.9718,1324,Forest,0,0,No_rain
17903,G52_20180622_010400,G52,2018/06/22,01:04:00,G52_20180622_010400.wav,San Rafael,Area proteccion embalse EPM,6.3448,-74.9718,1324,Forest,0,0,No_rain
17904,G52_20180622_012000,G52,2018/06/22,01:20:00,G52_20180622_012000.wav,San Rafael,Area proteccion embalse EPM,6.3448,-74.9718,1324,Forest,0,0,No_rain
17905,G52_20180622_013600,G52,2018/06/22,01:36:00,G52_20180622_013600.wav,San Rafael,Area proteccion embalse EPM,6.3448,-74.9718,1324,Forest,1,2,Moderate
17906,G52_20180622_015200,G52,2018/06/22,01:52:00,G52_20180622_015200.wav,San Rafael,Area proteccion embalse EPM,6.3448,-74.9718,1324,Forest,1,1,Light
17907,G52_20180622_020800,G52,2018/06/22,02:08:00,G52_20180622_020800.wav,San Rafael,Area proteccion embalse EPM,6.3448,-74.9718,1324,Forest,1,1,Light
17908,G52_20180622_022400,G52,2018/06/22,02:24:00,G52_20180622_022400.wav,San Rafael,Area proteccion embalse EPM,6.3448,-74.9718,1324,Forest,1,1,Light
17909,G52_20180622_024000,G52,2018/06/22,02:40:00,G52_20180622_024000.wav,San Rafael,Area proteccion embalse EPM,6.3448,-74.9718,1324,Forest,1,1,Light
17910,G52_20180622_025600,G52,2018/06/22,02:56:00,G52_20180622_025600.wav,San Rafael,Area proteccion embalse EPM,6.3448,-74.9718,1324,Forest,1,1,Light
17911,G52_20180622_031200,G52,2018/06/22,03:12:00,G52_20180622_031200.wav,San Rafael,Area proteccion embalse EPM,6.3448,-74.9718,1324,Forest,0,0,No_rain
17912,G52_20180622_032800,G52,2018/06/22,03:28:00,G52_20180622_032800.wav,San Rafael,Area proteccion embalse EPM,6.3448,-74.9718,1324,Forest,0,0,No_rain
17913,G52_20180622_034400,G52,2018/06/22,03:44:00,G52_20180622_034400.wav,San Rafael,Area proteccion embalse EPM,6.3448,-74.9718,1324,Forest,0,0,No_rain
17914,G52_20180622_040000,G52,2018/06/22,04:00:00,G52_20180622_040000.wav,San Rafael,Area proteccion embalse EPM,6.3448,-74.9718,1324,Forest,0,0,No_rain
17915,G52_20180622_041600,G52,2018/06/22,04:16:00,G52_20180622_041600.wav,San Rafael,Area proteccion embalse EPM,6.3448,-74.9718,1324,Forest,0,0,No_rain
17916,G52_20180622_043200,G52,2018/06/22,04:32:00,G52_20180622_043200.wav,San Rafael,Area proteccion embalse EPM,6.3448,-74.9718,1324,Forest,0,0,No_rain
17917,G52_20180622_044800,G52,2018/06/22,04:48:00,G52_20180622_044800.wav,San Rafael,Area proteccion embalse EPM,6.3448,-74.9718,1324,Forest,0,0,No_rain
17918,G52_20180622_080000,G52,2018/06/22,08:00:00,G52_20180622_080000.wav,San Rafael,Area proteccion embalse EPM,6.3448,-74.9718,1324,Forest,0,0,No_rain
17919,G52_20180622_081600,G52,2018/06/22,08:16:00,G52_20180622_081600.wav,San Rafael,Area proteccion embalse EPM,6.3448,-74.9718,1324,Forest,0,0,No_rain
17920,G52_20180622_083200,G52,2018/06/22,08:32:00,G52_20180622_083200.wav,San Rafael,Area proteccion embalse EPM,6.3448,-74.9718,1324,Forest,0,0,No_rain
17921,G52_20180622_084800,G52,2018/06/22,08:48:00,G52_20180622_084800.wav,San Rafael,Area proteccion embalse EPM,6.3448,-74.9718,1324,Forest,0,0,No_rain
17922,G52_20180622_090400,G52,2018/06/22,09:04:00,G52_20180622_090400.wav,San Rafael,Area proteccion embalse EPM,6.3448,-74.9718,1324,Forest,0,0,No_rain
17923,G52_20180622_092000,G52,2018/06/22,09:20:00,G52_20180622_092000.wav,San Rafael,Area proteccion embalse EPM,6.3448,-74.9718,1324,Forest,0,0,No_rain
17924,G52_20180622_093600,G52,2018/06/22,09:36:00,G52_20180622_093600.wav,San Rafael,Area proteccion embalse EPM,6.3448,-74.9718,1324,Forest,0,0,No_rain
17925,G52_20180622_095200,G52,2018/06/22,09:52:00,G52_20180622_095200.wav,San Rafael,Area proteccion embalse EPM,6.3448,-74.9718,1324,Forest,0,0,No_rain
17926,G52_20180622_100800,G52,2018/06/22,10:08:00,G52_20180622_100800.wav,San Rafael,Area proteccion embalse EPM,6.3448,-74.9718,1324,Forest,0,0,No_rain
17927,G52_20180622_102400,G52,2018/06/22,10:24:00,G52_20180622_102400.wav,San Rafael,Area proteccion embalse EPM,6.3448,-74.9718,1324,Forest,0,0,No_rain
17928,G52_20180622_104000,G52,2018/06/22,10:40:00,G52_20180622_104000.wav,San Rafael,Area proteccion embalse EPM,6.3448,-74.9718,1324,Forest,0,0,No_rain
17929,G52_20180622_105600,G52,2018/06/22,10:56:00,G52_20180622_105600.wav,San Rafael,Area proteccion embalse EPM,6.3448,-74.9718,1324,Forest,0,0,No_rain
17930,G52_20180622_111200,G52,2018/06/22,11:12:00,G52_20180622_111200.wav,San Rafael,Area proteccion embalse EPM,6.3448,-74.9718,1324,Forest,0,0,No_rain
17931,G52_20180622_112800,G52,2018/06/22,11:28:00,G52_20180622_112800.wav,San Rafael,Area proteccion embalse EPM,6.3448,-74.9718,1324,Forest,0,0,No_rain
17932,G52_20180622_114400,G52,2018/06/22,11:44:00,G52_20180622_114400.wav,San Rafael,Area proteccion embalse EPM,6.3448,-74.9718,1324,Forest,0,0,No_rain
17933,G52_20180622_120000,G52,2018/06/22,12:00:00,G52_20180622_120000.wav,San Rafael,Area proteccion embalse EPM,6.3448,-74.9718,1324,Forest,0,0,No_rain
17934,G52_20180622_121600,G52,2018/06/22,12:16:00,G52_20180622_121600.wav,San Rafael,Area proteccion embalse EPM,6.3448,-74.9718,1324,Forest,0,0,No_rain
17935,G52_20180622_123200,G52,2018/06/22,12:32:00,G52_20180622_123200.wav,San Rafael,Area proteccion embalse EPM,6.3448,-74.9718,1324,Forest,0,0,No_rain
17936,G52_20180622_124800,G52,2018/06/22,12:48:00,G52_20180622_124800.wav,San Rafael,Area proteccion embalse EPM,6.3448,-74.9718,1324,Forest,0,0,No_rain
17937,G52_20180622_130400,G52,2018/06/22,13:04:00,G52_20180622_130400.wav,San Rafael,Area proteccion embalse EPM,6.3448,-74.9718,1324,Forest,0,0,No_rain
17938,G52_20180622_132000,G52,2018/06/22,13:20:00,G52_20180622_132000.wav,San Rafael,Area proteccion embalse EPM,6.3448,-74.9718,1324,Forest,0,0,No_rain
17939,G52_20180622_133600,G52,2018/06/22,13:36:00,G52_20180622_133600.wav,San Rafael,Area proteccion embalse EPM,6.3448,-74.9718,1324,Forest,0,0,No_rain
17940,G52_20180622_135200,G52,2018/06/22,13:52:00,G52_20180622_135200.wav,San Rafael,Area proteccion embalse EPM,6.3448,-74.9718,1324,Forest,0,0,No_rain
17941,G52_20180622_140800,G52,2018/06/22,14:08:00,G52_20180622_140800.wav,San Rafael,Area proteccion embalse EPM,6.3448,-74.9718,1324,Forest,0,0,No_rain
17942,G52_20180622_142400,G52,2018/06/22,14:24:00,G52_20180622_142400.wav,San Rafael,Area proteccion embalse EPM,6.3448,-74.9718,1324,Forest,0,0,No_rain
17943,G52_20180622_144000,G52,2018/06/22,14:40:00,G52_20180622_144000.wav,San Rafael,Area proteccion embalse EPM,6.3448,-74.9718,1324,Forest,0,0,No_rain
17944,G52_20180622_145600,G52,2018/06/22,14:56:00,G52_20180622_145600.wav,San Rafael,Area proteccion embalse EPM,6.3448,-74.9718,1324,Forest,0,0,No_rain
17945,G52_20180622_151200,G52,2018/06/22,15:12:00,G52_20180622_151200.wav,San Rafael,Area proteccion embalse EPM,6.3448,-74.9718,1324,Forest,0,0,No_rain
17946,G52_20180622_152800,G52,2018/06/22,15:28:00,G52_20180622_152800.wav,San Rafael,Area proteccion embalse EPM,6.3448,-74.9718,1324,Forest,0,0,No_rain
17947,G52_20180622_154400,G52,2018/06/22,15:44:00,G52_20180622_154400.wav,San Rafael,Area proteccion embalse EPM,6.3448,-74.9718,1324,Forest,0,0,No_rain
17948,G52_20180622_160000,G52,2018/06/22,16:00:00,G52_20180622_160000.wav,San Rafael,Area proteccion embalse EPM,6.3448,-74.9718,1324,Forest,0,0,No_rain
17949,G52_20180622_161600,G52,2018/06/22,16:16:00,G52_20180622_161600.wav,San Rafael,Area proteccion embalse EPM,6.3448,-74.9718,1324,Forest,0,0,No_rain
17950,G52_20180622_163200,G52,2018/06/22,16:32:00,G52_20180622_163200.wav,San Rafael,Area proteccion embalse EPM,6.3448,-74.9718,1324,Forest,0,0,No_rain
17951,G52_20180622_164800,G52,2018/06/22,16:48:00,G52_20180622_164800.wav,San Rafael,Area proteccion embalse EPM,6.3448,-74.9718,1324,Forest,0,0,No_rain
17952,G52_20180622_200000,G52,2018/06/22,20:00:00,G52_20180622_200000.wav,San Rafael,Area proteccion embalse EPM,6.3448,-74.9718,1324,Forest,0,0,No_rain
17953,G52_20180622_201600,G52,2018/06/22,20:16:00,G52_20180622_201600.wav,San Rafael,Area proteccion embalse EPM,6.3448,-74.9718,1324,Forest,0,0,No_rain
17954,G52_20180622_203200,G52,2018/06/22,20:32:00,G52_20180622_203200.wav,San Rafael,Area proteccion embalse EPM,6.3448,-74.9718,1324,Forest,0,0,No_rain
17955,G52_20180622_204800,G52,2018/06/22,20:48:00,G52_20180622_204800.wav,San Rafael,Area proteccion embalse EPM,6.3448,-74.9718,1324,Forest,0,0,No_rain
17956,G52_20180622_210400,G52,2018/06/22,21:04:00,G52_20180622_210400.wav,San Rafael,Area proteccion embalse EPM,6.3448,-74.9718,1324,Forest,0,0,No_rain
17957,G52_20180622_212000,G52,2018/06/22,21:20:00,G52_20180622_212000.wav,San Rafael,Area proteccion embalse EPM,6.3448,-74.9718,1324,Forest,0,0,No_rain
17958,G52_20180622_213600,G52,2018/06/22,21:36:00,G52_20180622_213600.wav,San Rafael,Area proteccion embalse EPM,6.3448,-74.9718,1324,Forest,0,0,No_rain
17959,G52_20180622_215200,G52,2018/06/22,21:52:00,G52_20180622_215200.wav,San Rafael,Area proteccion embalse EPM,6.3448,-74.9718,1324,Forest,0,0,No_rain
17960,G52_20180622_220800,G52,2018/06/22,22:08:00,G52_20180622_220800.wav,San Rafael,Area proteccion embalse EPM,6.3448,-74.9718,1324,Forest,0,0,No_rain
17961,G52_20180622_222400,G52,2018/06/22,22:24:00,G52_20180622_222400.wav,San Rafael,Area proteccion embalse EPM,6.3448,-74.9718,1324,Forest,0,0,No_rain
17962,G52_20180622_224000,G52,2018/06/22,22:40:00,G52_20180622_224000.wav,San Rafael,Area proteccion embalse EPM,6.3448,-74.9718,1324,Forest,1,3,Heavy
17963,G52_20180622_225600,G52,2018/06/22,22:56:00,G52_20180622_225600.wav,San Rafael,Area proteccion embalse EPM,6.3448,-74.9718,1324,Forest,1,2,Moderate
17964,G52_20180622_231200,G52,2018/06/22,23:12:00,G52_20180622_231200.wav,San Rafael,Area proteccion embalse EPM,6.3448,-74.9718,1324,Forest,1,2,Moderate
17965,G52_20180622_232800,G52,2018/06/22,23:28:00,G52_20180622_232800.wav,San Rafael,Area proteccion embalse EPM,6.3448,-74.9718,1324,Forest,1,3,Heavy
17966,G52_20180622_234400,G52,2018/06/22,23:44:00,G52_20180622_234400.wav,San Rafael,Area proteccion embalse EPM,6.3448,-74.9718,1324,Forest,1,2,Moderate
17967,G52_20180623_000000,G52,2018/06/23,00:00:00,G52_20180623_000000.wav,San Rafael,Area proteccion embalse EPM,6.3448,-74.9718,1324,Forest,1,1,Light
17968,G52_20180623_001600,G52,2018/06/23,00:16:00,G52_20180623_001600.wav,San Rafael,Area proteccion embalse EPM,6.3448,-74.9718,1324,Forest,1,1,Light
17969,G52_20180623_003200,G52,2018/06/23,00:32:00,G52_20180623_003200.wav,San Rafael,Area proteccion embalse EPM,6.3448,-74.9718,1324,Forest,1,2,Moderate
17970,G52_20180623_004800,G52,2018/06/23,00:48:00,G52_20180623_004800.wav,San Rafael,Area proteccion embalse EPM,6.3448,-74.9718,1324,Forest,1,3,Heavy
17971,G52_20180623_010400,G52,2018/06/23,01:04:00,G52_20180623_010400.wav,San Rafael,Area proteccion embalse EPM,6.3448,-74.9718,1324,Forest,1,2,Moderate
17972,G52_20180623_012000,G52,2018/06/23,01:20:00,G52_20180623_012000.wav,San Rafael,Area proteccion embalse EPM,6.3448,-74.9718,1324,Forest,1,2,Moderate
17973,G52_20180623_013600,G52,2018/06/23,01:36:00,G52_20180623_013600.wav,San Rafael,Area proteccion embalse EPM,6.3448,-74.9718,1324,Forest,1,1,Light
17974,G52_20180623_015200,G52,2018/06/23,01:52:00,G52_20180623_015200.wav,San Rafael,Area proteccion embalse EPM,6.3448,-74.9718,1324,Forest,1,1,Light
17975,G52_20180623_020800,G52,2018/06/23,02:08:00,G52_20180623_020800.wav,San Rafael,Area proteccion embalse EPM,6.3448,-74.9718,1324,Forest,1,2,Moderate
17976,G52_20180623_022400,G52,2018/06/23,02:24:00,G52_20180623_022400.wav,San Rafael,Area proteccion embalse EPM,6.3448,-74.9718,1324,Forest,1,1,Light
17977,G52_20180623_024000,G52,2018/06/23,02:40:00,G52_20180623_024000.wav,San Rafael,Area proteccion embalse EPM,6.3448,-74.9718,1324,Forest,1,1,Light
17978,G52_20180623_025600,G52,2018/06/23,02:56:00,G52_20180623_025600.wav,San Rafael,Area proteccion embalse EPM,6.3448,-74.9718,1324,Forest,1,1,Light
17979,G52_20180623_031200,G52,2018/06/23,03:12:00,G52_20180623_031200.wav,San Rafael,Area proteccion embalse EPM,6.3448,-74.9718,1324,Forest,1,1,Light
17980,G52_20180623_032800,G52,2018/06/23,03:28:00,G52_20180623_032800.wav,San Rafael,Area proteccion embalse EPM,6.3448,-74.9718,1324,Forest,1,1,Light
17981,G52_20180623_034400,G52,2018/06/23,03:44:00,G52_20180623_034400.wav,San Rafael,Area proteccion embalse EPM,6.3448,-74.9718,1324,Forest,1,1,Light
17982,G52_20180623_040000,G52,2018/06/23,04:00:00,G52_20180623_040000.wav,San Rafael,Area proteccion embalse EPM,6.3448,-74.9718,1324,Forest,1,1,Light
17983,G52_20180623_041600,G52,2018/06/23,04:16:00,G52_20180623_041600.wav,San Rafael,Area proteccion embalse EPM,6.3448,-74.9718,1324,Forest,0,0,No_rain
17984,G52_20180623_043200,G52,2018/06/23,04:32:00,G52_20180623_043200.wav,San Rafael,Area proteccion embalse EPM,6.3448,-74.9718,1324,Forest,0,0,No_rain
17985,G52_20180623_044800,G52,2018/06/23,04:48:00,G52_20180623_044800.wav,San Rafael,Area proteccion embalse EPM,6.3448,-74.9718,1324,Forest,0,0,No_rain
17986,G52_20180623_080000,G52,2018/06/23,08:00:00,G52_20180623_080000.wav,San Rafael,Area proteccion embalse EPM,6.3448,-74.9718,1324,Forest,0,0,No_rain
17987,G52_20180623_081600,G52,2018/06/23,08:16:00,G52_20180623_081600.wav,San Rafael,Area proteccion embalse EPM,6.3448,-74.9718,1324,Forest,0,0,No_rain
17988,G52_20180623_083200,G52,2018/06/23,08:32:00,G52_20180623_083200.wav,San Rafael,Area proteccion embalse EPM,6.3448,-74.9718,1324,Forest,0,0,No_rain
17989,G52_20180623_084800,G52,2018/06/23,08:48:00,G52_20180623_084800.wav,San Rafael,Area proteccion embalse EPM,6.3448,-74.9718,1324,Forest,0,0,No_rain
17990,G52_20180623_090400,G52,2018/06/23,09:04:00,G52_20180623_090400.wav,San Rafael,Area proteccion embalse EPM,6.3448,-74.9718,1324,Forest,0,0,No_rain
17991,G52_20180623_092000,G52,2018/06/23,09:20:00,G52_20180623_092000.wav,San Rafael,Area proteccion embalse EPM,6.3448,-74.9718,1324,Forest,0,0,No_rain
17992,G52_20180623_093600,G52,2018/06/23,09:36:00,G52_20180623_093600.wav,San Rafael,Area proteccion embalse EPM,6.3448,-74.9718,1324,Forest,0,0,No_rain
17993,G52_20180623_095200,G52,2018/06/23,09:52:00,G52_20180623_095200.wav,San Rafael,Area proteccion embalse EPM,6.3448,-74.9718,1324,Forest,0,0,No_rain
17994,G52_20180623_100800,G52,2018/06/23,10:08:00,G52_20180623_100800.wav,San Rafael,Area proteccion embalse EPM,6.3448,-74.9718,1324,Forest,0,0,No_rain
17995,G52_20180623_102400,G52,2018/06/23,10:24:00,G52_20180623_102400.wav,San Rafael,Area proteccion embalse EPM,6.3448,-74.9718,1324,Forest,0,0,No_rain
17996,G52_20180623_104000,G52,2018/06/23,10:40:00,G52_20180623_104000.wav,San Rafael,Area proteccion embalse EPM,6.3448,-74.9718,1324,Forest,0,0,No_rain
17997,G52_20180623_105600,G52,2018/06/23,10:56:00,G52_20180623_105600.wav,San Rafael,Area proteccion embalse EPM,6.3448,-74.9718,1324,Forest,0,0,No_rain
17998,G52_20180623_111200,G52,2018/06/23,11:12:00,G52_20180623_111200.wav,San Rafael,Area proteccion embalse EPM,6.3448,-74.9718,1324,Forest,0,0,No_rain
17999,G52_20180623_112800,G52,2018/06/23,11:28:00,G52_20180623_112800.wav,San Rafael,Area proteccion embalse EPM,6.3448,-74.9718,1324,Forest,0,0,No_rain
18000,G52_20180623_114400,G52,2018/06/23,11:44:00,G52_20180623_114400.wav,San Rafael,Area proteccion embalse EPM,6.3448,-74.9718,1324,Forest,0,0,No_rain
18001,G52_20180623_120000,G52,2018/06/23,12:00:00,G52_20180623_120000.wav,San Rafael,Area proteccion embalse EPM,6.3448,-74.9718,1324,Forest,0,0,No_rain
18002,G52_20180623_121600,G52,2018/06/23,12:16:00,G52_20180623_121600.wav,San Rafael,Area proteccion embalse EPM,6.3448,-74.9718,1324,Forest,0,0,No_rain
18003,G52_20180623_123200,G52,2018/06/23,12:32:00,G52_20180623_123200.wav,San Rafael,Area proteccion embalse EPM,6.3448,-74.9718,1324,Forest,0,0,No_rain
18004,G52_20180623_124800,G52,2018/06/23,12:48:00,G52_20180623_124800.wav,San Rafael,Area proteccion embalse EPM,6.3448,-74.9718,1324,Forest,0,0,No_rain
18005,G52_20180623_130400,G52,2018/06/23,13:04:00,G52_20180623_130400.wav,San Rafael,Area proteccion embalse EPM,6.3448,-74.9718,1324,Forest,0,0,No_rain
18006,G52_20180623_132000,G52,2018/06/23,13:20:00,G52_20180623_132000.wav,San Rafael,Area proteccion embalse EPM,6.3448,-74.9718,1324,Forest,0,0,No_rain
18007,G52_20180623_133600,G52,2018/06/23,13:36:00,G52_20180623_133600.wav,San Rafael,Area proteccion embalse EPM,6.3448,-74.9718,1324,Forest,0,0,No_rain
18008,G52_20180623_135200,G52,2018/06/23,13:52:00,G52_20180623_135200.wav,San Rafael,Area proteccion embalse EPM,6.3448,-74.9718,1324,Forest,0,0,No_rain
18009,G52_20180623_140800,G52,2018/06/23,14:08:00,G52_20180623_140800.wav,San Rafael,Area proteccion embalse EPM,6.3448,-74.9718,1324,Forest,0,0,No_rain
18010,G52_20180623_142400,G52,2018/06/23,14:24:00,G52_20180623_142400.wav,San Rafael,Area proteccion embalse EPM,6.3448,-74.9718,1324,Forest,0,0,No_rain
18011,G52_20180623_144000,G52,2018/06/23,14:40:00,G52_20180623_144000.wav,San Rafael,Area proteccion embalse EPM,6.3448,-74.9718,1324,Forest,0,0,No_rain
18012,G52_20180623_145600,G52,2018/06/23,14:56:00,G52_20180623_145600.wav,San Rafael,Area proteccion embalse EPM,6.3448,-74.9718,1324,Forest,0,0,No_rain
18013,G52_20180623_151200,G52,2018/06/23,15:12:00,G52_20180623_151200.wav,San Rafael,Area proteccion embalse EPM,6.3448,-74.9718,1324,Forest,0,0,No_rain
18014,G52_20180623_152800,G52,2018/06/23,15:28:00,G52_20180623_152800.wav,San Rafael,Area proteccion embalse EPM,6.3448,-74.9718,1324,Forest,0,0,No_rain
18015,G52_20180623_154400,G52,2018/06/23,15:44:00,G52_20180623_154400.wav,San Rafael,Area proteccion embalse EPM,6.3448,-74.9718,1324,Forest,0,0,No_rain
18016,G52_20180618_170000,G52,2018/06/18,17:00:00,G52_20180618_170000.wav,San Rafael,Area proteccion embalse EPM,6.3448,-74.9718,1324,Forest,0,0,No_rain
18017,G52_20180618_171500,G52,2018/06/18,17:15:00,G52_20180618_171500.wav,San Rafael,Area proteccion embalse EPM,6.3448,-74.9718,1324,Forest,0,0,No_rain
18018,G52_20180618_173000,G52,2018/06/18,17:30:00,G52_20180618_173000.wav,San Rafael,Area proteccion embalse EPM,6.3448,-74.9718,1324,Forest,0,0,No_rain
18019,G52_20180618_174500,G52,2018/06/18,17:45:00,G52_20180618_174500.wav,San Rafael,Area proteccion embalse EPM,6.3448,-74.9718,1324,Forest,0,0,No_rain
18020,G52_20180618_180000,G52,2018/06/18,18:00:00,G52_20180618_180000.wav,San Rafael,Area proteccion embalse EPM,6.3448,-74.9718,1324,Forest,0,0,No_rain
18021,G52_20180618_183000,G52,2018/06/18,18:30:00,G52_20180618_183000.wav,San Rafael,Area proteccion embalse EPM,6.3448,-74.9718,1324,Forest,0,0,No_rain
18022,G52_20180618_181500,G52,2018/06/18,18:15:00,G52_20180618_181500.wav,San Rafael,Area proteccion embalse EPM,6.3448,-74.9718,1324,Forest,0,0,No_rain
18023,G52_20180618_190000,G52,2018/06/18,19:00:00,G52_20180618_190000.wav,San Rafael,Area proteccion embalse EPM,6.3448,-74.9718,1324,Forest,0,0,No_rain
18024,G52_20180618_184500,G52,2018/06/18,18:45:00,G52_20180618_184500.wav,San Rafael,Area proteccion embalse EPM,6.3448,-74.9718,1324,Forest,0,0,No_rain
18025,G52_20180618_191500,G52,2018/06/18,19:15:00,G52_20180618_191500.wav,San Rafael,Area proteccion embalse EPM,6.3448,-74.9718,1324,Forest,0,0,No_rain
18026,G52_20180618_193000,G52,2018/06/18,19:30:00,G52_20180618_193000.wav,San Rafael,Area proteccion embalse EPM,6.3448,-74.9718,1324,Forest,0,0,No_rain
18027,G52_20180618_194500,G52,2018/06/18,19:45:00,G52_20180618_194500.wav,San Rafael,Area proteccion embalse EPM,6.3448,-74.9718,1324,Forest,1,1,Light
18028,G52_20180619_050000,G52,2018/06/19,05:00:00,G52_20180619_050000.wav,San Rafael,Area proteccion embalse EPM,6.3448,-74.9718,1324,Forest,0,0,No_rain
18029,G52_20180619_051500,G52,2018/06/19,05:15:00,G52_20180619_051500.wav,San Rafael,Area proteccion embalse EPM,6.3448,-74.9718,1324,Forest,0,0,No_rain
18030,G52_20180619_053000,G52,2018/06/19,05:30:00,G52_20180619_053000.wav,San Rafael,Area proteccion embalse EPM,6.3448,-74.9718,1324,Forest,0,0,No_rain
18031,G52_20180619_060000,G52,2018/06/19,06:00:00,G52_20180619_060000.wav,San Rafael,Area proteccion embalse EPM,6.3448,-74.9718,1324,Forest,0,0,No_rain
18032,G52_20180619_054500,G52,2018/06/19,05:45:00,G52_20180619_054500.wav,San Rafael,Area proteccion embalse EPM,6.3448,-74.9718,1324,Forest,0,0,No_rain
18033,G52_20180619_063000,G52,2018/06/19,06:30:00,G52_20180619_063000.wav,San Rafael,Area proteccion embalse EPM,6.3448,-74.9718,1324,Forest,0,0,No_rain
18034,G52_20180619_061500,G52,2018/06/19,06:15:00,G52_20180619_061500.wav,San Rafael,Area proteccion embalse EPM,6.3448,-74.9718,1324,Forest,0,0,No_rain
18035,G52_20180619_064500,G52,2018/06/19,06:45:00,G52_20180619_064500.wav,San Rafael,Area proteccion embalse EPM,6.3448,-74.9718,1324,Forest,0,0,No_rain
18036,G52_20180619_070000,G52,2018/06/19,07:00:00,G52_20180619_070000.wav,San Rafael,Area proteccion embalse EPM,6.3448,-74.9718,1324,Forest,0,0,No_rain
18037,G52_20180619_071500,G52,2018/06/19,07:15:00,G52_20180619_071500.wav,San Rafael,Area proteccion embalse EPM,6.3448,-74.9718,1324,Forest,0,0,No_rain
18038,G52_20180619_074500,G52,2018/06/19,07:45:00,G52_20180619_074500.wav,San Rafael,Area proteccion embalse EPM,6.3448,-74.9718,1324,Forest,0,0,No_rain
18039,G52_20180619_073000,G52,2018/06/19,07:30:00,G52_20180619_073000.wav,San Rafael,Area proteccion embalse EPM,6.3448,-74.9718,1324,Forest,0,0,No_rain
18040,G52_20180619_171500,G52,2018/06/19,17:15:00,G52_20180619_171500.wav,San Rafael,Area proteccion embalse EPM,6.3448,-74.9718,1324,Forest,0,0,No_rain
18041,G52_20180619_170000,G52,2018/06/19,17:00:00,G52_20180619_170000.wav,San Rafael,Area proteccion embalse EPM,6.3448,-74.9718,1324,Forest,0,0,No_rain
18042,G52_20180619_173000,G52,2018/06/19,17:30:00,G52_20180619_173000.wav,San Rafael,Area proteccion embalse EPM,6.3448,-74.9718,1324,Forest,0,0,No_rain
18043,G52_20180619_174500,G52,2018/06/19,17:45:00,G52_20180619_174500.wav,San Rafael,Area proteccion embalse EPM,6.3448,-74.9718,1324,Forest,0,0,No_rain
18044,G52_20180619_180000,G52,2018/06/19,18:00:00,G52_20180619_180000.wav,San Rafael,Area proteccion embalse EPM,6.3448,-74.9718,1324,Forest,0,0,No_rain
18045,G52_20180619_181500,G52,2018/06/19,18:15:00,G52_20180619_181500.wav,San Rafael,Area proteccion embalse EPM,6.3448,-74.9718,1324,Forest,0,0,No_rain
18046,G52_20180619_183000,G52,2018/06/19,18:30:00,G52_20180619_183000.wav,San Rafael,Area proteccion embalse EPM,6.3448,-74.9718,1324,Forest,0,0,No_rain
18047,G52_20180619_184500,G52,2018/06/19,18:45:00,G52_20180619_184500.wav,San Rafael,Area proteccion embalse EPM,6.3448,-74.9718,1324,Forest,0,0,No_rain
18048,G52_20180619_190000,G52,2018/06/19,19:00:00,G52_20180619_190000.wav,San Rafael,Area proteccion embalse EPM,6.3448,-74.9718,1324,Forest,0,0,No_rain
18049,G52_20180619_191500,G52,2018/06/19,19:15:00,G52_20180619_191500.wav,San Rafael,Area proteccion embalse EPM,6.3448,-74.9718,1324,Forest,0,0,No_rain
18050,G52_20180619_193000,G52,2018/06/19,19:30:00,G52_20180619_193000.wav,San Rafael,Area proteccion embalse EPM,6.3448,-74.9718,1324,Forest,0,0,No_rain
18051,G52_20180619_194500,G52,2018/06/19,19:45:00,G52_20180619_194500.wav,San Rafael,Area proteccion embalse EPM,6.3448,-74.9718,1324,Forest,0,0,No_rain
18052,G52_20180620_050000,G52,2018/06/20,05:00:00,G52_20180620_050000.wav,San Rafael,Area proteccion embalse EPM,6.3448,-74.9718,1324,Forest,1,1,Light
18053,G52_20180620_053000,G52,2018/06/20,05:30:00,G52_20180620_053000.wav,San Rafael,Area proteccion embalse EPM,6.3448,-74.9718,1324,Forest,1,1,Light
18054,G52_20180620_051500,G52,2018/06/20,05:15:00,G52_20180620_051500.wav,San Rafael,Area proteccion embalse EPM,6.3448,-74.9718,1324,Forest,1,2,Moderate
18055,G52_20180620_060000,G52,2018/06/20,06:00:00,G52_20180620_060000.wav,San Rafael,Area proteccion embalse EPM,6.3448,-74.9718,1324,Forest,1,2,Moderate
18056,G52_20180620_054500,G52,2018/06/20,05:45:00,G52_20180620_054500.wav,San Rafael,Area proteccion embalse EPM,6.3448,-74.9718,1324,Forest,1,2,Moderate
18057,G52_20180620_061500,G52,2018/06/20,06:15:00,G52_20180620_061500.wav,San Rafael,Area proteccion embalse EPM,6.3448,-74.9718,1324,Forest,1,1,Light
18058,G52_20180620_063000,G52,2018/06/20,06:30:00,G52_20180620_063000.wav,San Rafael,Area proteccion embalse EPM,6.3448,-74.9718,1324,Forest,1,1,Light
18059,G52_20180620_064500,G52,2018/06/20,06:45:00,G52_20180620_064500.wav,San Rafael,Area proteccion embalse EPM,6.3448,-74.9718,1324,Forest,1,1,Light
18060,G52_20180620_070000,G52,2018/06/20,07:00:00,G52_20180620_070000.wav,San Rafael,Area proteccion embalse EPM,6.3448,-74.9718,1324,Forest,1,1,Light
18061,G52_20180620_073000,G52,2018/06/20,07:30:00,G52_20180620_073000.wav,San Rafael,Area proteccion embalse EPM,6.3448,-74.9718,1324,Forest,1,1,Light
18062,G52_20180620_071500,G52,2018/06/20,07:15:00,G52_20180620_071500.wav,San Rafael,Area proteccion embalse EPM,6.3448,-74.9718,1324,Forest,1,1,Light
18063,G52_20180620_074500,G52,2018/06/20,07:45:00,G52_20180620_074500.wav,San Rafael,Area proteccion embalse EPM,6.3448,-74.9718,1324,Forest,0,0,No_rain
18064,G52_20180620_170000,G52,2018/06/20,17:00:00,G52_20180620_170000.wav,San Rafael,Area proteccion embalse EPM,6.3448,-74.9718,1324,Forest,0,0,No_rain
18065,G52_20180620_173000,G52,2018/06/20,17:30:00,G52_20180620_173000.wav,San Rafael,Area proteccion embalse EPM,6.3448,-74.9718,1324,Forest,0,0,No_rain
18066,G52_20180620_171500,G52,2018/06/20,17:15:00,G52_20180620_171500.wav,San Rafael,Area proteccion embalse EPM,6.3448,-74.9718,1324,Forest,0,0,No_rain
18067,G52_20180620_180000,G52,2018/06/20,18:00:00,G52_20180620_180000.wav,San Rafael,Area proteccion embalse EPM,6.3448,-74.9718,1324,Forest,0,0,No_rain
18068,G52_20180620_174500,G52,2018/06/20,17:45:00,G52_20180620_174500.wav,San Rafael,Area proteccion embalse EPM,6.3448,-74.9718,1324,Forest,0,0,No_rain
18069,G52_20180620_181500,G52,2018/06/20,18:15:00,G52_20180620_181500.wav,San Rafael,Area proteccion embalse EPM,6.3448,-74.9718,1324,Forest,0,0,No_rain
18070,G52_20180620_184500,G52,2018/06/20,18:45:00,G52_20180620_184500.wav,San Rafael,Area proteccion embalse EPM,6.3448,-74.9718,1324,Forest,0,0,No_rain
18071,G52_20180620_183000,G52,2018/06/20,18:30:00,G52_20180620_183000.wav,San Rafael,Area proteccion embalse EPM,6.3448,-74.9718,1324,Forest,0,0,No_rain
18072,G52_20180620_190000,G52,2018/06/20,19:00:00,G52_20180620_190000.wav,San Rafael,Area proteccion embalse EPM,6.3448,-74.9718,1324,Forest,0,0,No_rain
18073,G52_20180620_191500,G52,2018/06/20,19:15:00,G52_20180620_191500.wav,San Rafael,Area proteccion embalse EPM,6.3448,-74.9718,1324,Forest,0,0,No_rain
18074,G52_20180620_194500,G52,2018/06/20,19:45:00,G52_20180620_194500.wav,San Rafael,Area proteccion embalse EPM,6.3448,-74.9718,1324,Forest,0,0,No_rain
18075,G52_20180620_193000,G52,2018/06/20,19:30:00,G52_20180620_193000.wav,San Rafael,Area proteccion embalse EPM,6.3448,-74.9718,1324,Forest,0,0,No_rain
18076,G52_20180621_050000,G52,2018/06/21,05:00:00,G52_20180621_050000.wav,San Rafael,Area proteccion embalse EPM,6.3448,-74.9718,1324,Forest,0,0,No_rain
18077,G52_20180621_051500,G52,2018/06/21,05:15:00,G52_20180621_051500.wav,San Rafael,Area proteccion embalse EPM,6.3448,-74.9718,1324,Forest,0,0,No_rain
18078,G52_20180621_054500,G52,2018/06/21,05:45:00,G52_20180621_054500.wav,San Rafael,Area proteccion embalse EPM,6.3448,-74.9718,1324,Forest,1,1,Light
18079,G52_20180621_053000,G52,2018/06/21,05:30:00,G52_20180621_053000.wav,San Rafael,Area proteccion embalse EPM,6.3448,-74.9718,1324,Forest,0,0,No_rain
18080,G52_20180621_060000,G52,2018/06/21,06:00:00,G52_20180621_060000.wav,San Rafael,Area proteccion embalse EPM,6.3448,-74.9718,1324,Forest,0,0,No_rain
18081,G52_20180621_061500,G52,2018/06/21,06:15:00,G52_20180621_061500.wav,San Rafael,Area proteccion embalse EPM,6.3448,-74.9718,1324,Forest,0,0,No_rain
18082,G52_20180621_063000,G52,2018/06/21,06:30:00,G52_20180621_063000.wav,San Rafael,Area proteccion embalse EPM,6.3448,-74.9718,1324,Forest,0,0,No_rain
18083,G52_20180621_064500,G52,2018/06/21,06:45:00,G52_20180621_064500.wav,San Rafael,Area proteccion embalse EPM,6.3448,-74.9718,1324,Forest,0,0,No_rain
18084,G52_20180621_071500,G52,2018/06/21,07:15:00,G52_20180621_071500.wav,San Rafael,Area proteccion embalse EPM,6.3448,-74.9718,1324,Forest,0,0,No_rain
18085,G52_20180621_070000,G52,2018/06/21,07:00:00,G52_20180621_070000.wav,San Rafael,Area proteccion embalse EPM,6.3448,-74.9718,1324,Forest,0,0,No_rain
18086,G52_20180621_073000,G52,2018/06/21,07:30:00,G52_20180621_073000.wav,San Rafael,Area proteccion embalse EPM,6.3448,-74.9718,1324,Forest,0,0,No_rain
18087,G52_20180621_170000,G52,2018/06/21,17:00:00,G52_20180621_170000.wav,San Rafael,Area proteccion embalse EPM,6.3448,-74.9718,1324,Forest,0,0,No_rain
18088,G52_20180621_074500,G52,2018/06/21,07:45:00,G52_20180621_074500.wav,San Rafael,Area proteccion embalse EPM,6.3448,-74.9718,1324,Forest,0,0,No_rain
18089,G52_20180621_173000,G52,2018/06/21,17:30:00,G52_20180621_173000.wav,San Rafael,Area proteccion embalse EPM,6.3448,-74.9718,1324,Forest,0,0,No_rain
18090,G52_20180621_171500,G52,2018/06/21,17:15:00,G52_20180621_171500.wav,San Rafael,Area proteccion embalse EPM,6.3448,-74.9718,1324,Forest,0,0,No_rain
18091,G52_20180621_174500,G52,2018/06/21,17:45:00,G52_20180621_174500.wav,San Rafael,Area proteccion embalse EPM,6.3448,-74.9718,1324,Forest,0,0,No_rain
18092,G52_20180621_180000,G52,2018/06/21,18:00:00,G52_20180621_180000.wav,San Rafael,Area proteccion embalse EPM,6.3448,-74.9718,1324,Forest,0,0,No_rain
18093,G52_20180621_183000,G52,2018/06/21,18:30:00,G52_20180621_183000.wav,San Rafael,Area proteccion embalse EPM,6.3448,-74.9718,1324,Forest,0,0,No_rain
18094,G52_20180621_181500,G52,2018/06/21,18:15:00,G52_20180621_181500.wav,San Rafael,Area proteccion embalse EPM,6.3448,-74.9718,1324,Forest,0,0,No_rain
18095,G52_20180621_184500,G52,2018/06/21,18:45:00,G52_20180621_184500.wav,San Rafael,Area proteccion embalse EPM,6.3448,-74.9718,1324,Forest,0,0,No_rain
18096,G52_20180621_190000,G52,2018/06/21,19:00:00,G52_20180621_190000.wav,San Rafael,Area proteccion embalse EPM,6.3448,-74.9718,1324,Forest,0,0,No_rain
18097,G52_20180621_193000,G52,2018/06/21,19:30:00,G52_20180621_193000.wav,San Rafael,Area proteccion embalse EPM,6.3448,-74.9718,1324,Forest,0,0,No_rain
18098,G52_20180621_191500,G52,2018/06/21,19:15:00,G52_20180621_191500.wav,San Rafael,Area proteccion embalse EPM,6.3448,-74.9718,1324,Forest,0,0,No_rain
18099,G52_20180621_194500,G52,2018/06/21,19:45:00,G52_20180621_194500.wav,San Rafael,Area proteccion embalse EPM,6.3448,-74.9718,1324,Forest,0,0,No_rain
18100,G52_20180622_050000,G52,2018/06/22,05:00:00,G52_20180622_050000.wav,San Rafael,Area proteccion embalse EPM,6.3448,-74.9718,1324,Forest,0,0,No_rain
18101,G52_20180622_053000,G52,2018/06/22,05:30:00,G52_20180622_053000.wav,San Rafael,Area proteccion embalse EPM,6.3448,-74.9718,1324,Forest,0,0,No_rain
18102,G52_20180622_051500,G52,2018/06/22,05:15:00,G52_20180622_051500.wav,San Rafael,Area proteccion embalse EPM,6.3448,-74.9718,1324,Forest,0,0,No_rain
18103,G52_20180622_054500,G52,2018/06/22,05:45:00,G52_20180622_054500.wav,San Rafael,Area proteccion embalse EPM,6.3448,-74.9718,1324,Forest,0,0,No_rain
18104,G52_20180622_060000,G52,2018/06/22,06:00:00,G52_20180622_060000.wav,San Rafael,Area proteccion embalse EPM,6.3448,-74.9718,1324,Forest,0,0,No_rain
18105,G52_20180622_061500,G52,2018/06/22,06:15:00,G52_20180622_061500.wav,San Rafael,Area proteccion embalse EPM,6.3448,-74.9718,1324,Forest,0,0,No_rain
18106,G52_20180622_064500,G52,2018/06/22,06:45:00,G52_20180622_064500.wav,San Rafael,Area proteccion embalse EPM,6.3448,-74.9718,1324,Forest,0,0,No_rain
18107,G52_20180622_063000,G52,2018/06/22,06:30:00,G52_20180622_063000.wav,San Rafael,Area proteccion embalse EPM,6.3448,-74.9718,1324,Forest,0,0,No_rain
18108,G52_20180622_070000,G52,2018/06/22,07:00:00,G52_20180622_070000.wav,San Rafael,Area proteccion embalse EPM,6.3448,-74.9718,1324,Forest,0,0,No_rain
18109,G52_20180622_071500,G52,2018/06/22,07:15:00,G52_20180622_071500.wav,San Rafael,Area proteccion embalse EPM,6.3448,-74.9718,1324,Forest,0,0,No_rain
18110,G52_20180622_073000,G52,2018/06/22,07:30:00,G52_20180622_073000.wav,San Rafael,Area proteccion embalse EPM,6.3448,-74.9718,1324,Forest,0,0,No_rain
18111,G52_20180622_074500,G52,2018/06/22,07:45:00,G52_20180622_074500.wav,San Rafael,Area proteccion embalse EPM,6.3448,-74.9718,1324,Forest,0,0,No_rain
18112,G52_20180622_171500,G52,2018/06/22,17:15:00,G52_20180622_171500.wav,San Rafael,Area proteccion embalse EPM,6.3448,-74.9718,1324,Forest,0,0,No_rain
18113,G52_20180622_170000,G52,2018/06/22,17:00:00,G52_20180622_170000.wav,San Rafael,Area proteccion embalse EPM,6.3448,-74.9718,1324,Forest,0,0,No_rain
18114,G52_20180622_174500,G52,2018/06/22,17:45:00,G52_20180622_174500.wav,San Rafael,Area proteccion embalse EPM,6.3448,-74.9718,1324,Forest,0,0,No_rain
18115,G52_20180622_173000,G52,2018/06/22,17:30:00,G52_20180622_173000.wav,San Rafael,Area proteccion embalse EPM,6.3448,-74.9718,1324,Forest,0,0,No_rain
18116,G52_20180622_181500,G52,2018/06/22,18:15:00,G52_20180622_181500.wav,San Rafael,Area proteccion embalse EPM,6.3448,-74.9718,1324,Forest,0,0,No_rain
18117,G52_20180622_180000,G52,2018/06/22,18:00:00,G52_20180622_180000.wav,San Rafael,Area proteccion embalse EPM,6.3448,-74.9718,1324,Forest,0,0,No_rain
18118,G52_20180622_184500,G52,2018/06/22,18:45:00,G52_20180622_184500.wav,San Rafael,Area proteccion embalse EPM,6.3448,-74.9718,1324,Forest,0,0,No_rain
18119,G52_20180622_183000,G52,2018/06/22,18:30:00,G52_20180622_183000.wav,San Rafael,Area proteccion embalse EPM,6.3448,-74.9718,1324,Forest,0,0,No_rain
18120,G52_20180622_190000,G52,2018/06/22,19:00:00,G52_20180622_190000.wav,San Rafael,Area proteccion embalse EPM,6.3448,-74.9718,1324,Forest,0,0,No_rain
18121,G52_20180622_191500,G52,2018/06/22,19:15:00,G52_20180622_191500.wav,San Rafael,Area proteccion embalse EPM,6.3448,-74.9718,1324,Forest,0,0,No_rain
18122,G52_20180622_193000,G52,2018/06/22,19:30:00,G52_20180622_193000.wav,San Rafael,Area proteccion embalse EPM,6.3448,-74.9718,1324,Forest,0,0,No_rain
18123,G52_20180623_050000,G52,2018/06/23,05:00:00,G52_20180623_050000.wav,San Rafael,Area proteccion embalse EPM,6.3448,-74.9718,1324,Forest,0,0,No_rain
18124,G52_20180622_194500,G52,2018/06/22,19:45:00,G52_20180622_194500.wav,San Rafael,Area proteccion embalse EPM,6.3448,-74.9718,1324,Forest,0,0,No_rain
18125,G52_20180623_053000,G52,2018/06/23,05:30:00,G52_20180623_053000.wav,San Rafael,Area proteccion embalse EPM,6.3448,-74.9718,1324,Forest,0,0,No_rain
18126,G52_20180623_051500,G52,2018/06/23,05:15:00,G52_20180623_051500.wav,San Rafael,Area proteccion embalse EPM,6.3448,-74.9718,1324,Forest,0,0,No_rain
18127,G52_20180623_054500,G52,2018/06/23,05:45:00,G52_20180623_054500.wav,San Rafael,Area proteccion embalse EPM,6.3448,-74.9718,1324,Forest,0,0,No_rain
18128,G52_20180623_060000,G52,2018/06/23,06:00:00,G52_20180623_060000.wav,San Rafael,Area proteccion embalse EPM,6.3448,-74.9718,1324,Forest,0,0,No_rain
18129,G52_20180623_063000,G52,2018/06/23,06:30:00,G52_20180623_063000.wav,San Rafael,Area proteccion embalse EPM,6.3448,-74.9718,1324,Forest,0,0,No_rain
18130,G52_20180623_061500,G52,2018/06/23,06:15:00,G52_20180623_061500.wav,San Rafael,Area proteccion embalse EPM,6.3448,-74.9718,1324,Forest,0,0,No_rain
18131,G52_20180623_064500,G52,2018/06/23,06:45:00,G52_20180623_064500.wav,San Rafael,Area proteccion embalse EPM,6.3448,-74.9718,1324,Forest,0,0,No_rain
18132,G52_20180623_070000,G52,2018/06/23,07:00:00,G52_20180623_070000.wav,San Rafael,Area proteccion embalse EPM,6.3448,-74.9718,1324,Forest,0,0,No_rain
18133,G52_20180623_071500,G52,2018/06/23,07:15:00,G52_20180623_071500.wav,San Rafael,Area proteccion embalse EPM,6.3448,-74.9718,1324,Forest,0,0,No_rain
18134,G52_20180623_073000,G52,2018/06/23,07:30:00,G52_20180623_073000.wav,San Rafael,Area proteccion embalse EPM,6.3448,-74.9718,1324,Forest,0,0,No_rain
18135,G52_20180623_074500,G52,2018/06/23,07:45:00,G52_20180623_074500.wav,San Rafael,Area proteccion embalse EPM,6.3448,-74.9718,1324,Forest,0,0,No_rain
