,Recording,Recorder,Date,Time,Filename,Municipio,Vereda,Latitud,Longitud,Elevacion,Habitat,Rain_occurrence,Rain_Intesity,Intensity_Category
18136,G54_20180619_104000,G54,2018/06/19,10:40:00,G54_20180619_104000.wav,San Rafael,Area proteccion embalse EPM,6.3586,-74.9896,1101,Forest,0,0,No_rain
18137,G54_20180619_105600,G54,2018/06/19,10:56:00,G54_20180619_105600.wav,San Rafael,Area proteccion embalse EPM,6.3586,-74.9896,1101,Forest,0,0,No_rain
18138,G54_20180619_111200,G54,2018/06/19,11:12:00,G54_20180619_111200.wav,San Rafael,Area proteccion embalse EPM,6.3586,-74.9896,1101,Forest,0,0,No_rain
18139,G54_20180619_112800,G54,2018/06/19,11:28:00,G54_20180619_112800.wav,San Rafael,Area proteccion embalse EPM,6.3586,-74.9896,1101,Forest,0,0,No_rain
18140,G54_20180619_114400,G54,2018/06/19,11:44:00,G54_20180619_114400.wav,San Rafael,Area proteccion embalse EPM,6.3586,-74.9896,1101,Forest,0,0,No_rain
18141,G54_20180619_120000,G54,2018/06/19,12:00:00,G54_20180619_120000.wav,San Rafael,Area proteccion embalse EPM,6.3586,-74.9896,1101,Forest,0,0,No_rain
18142,G54_20180619_121600,G54,2018/06/19,12:16:00,G54_20180619_121600.wav,San Rafael,Area proteccion embalse EPM,6.3586,-74.9896,1101,Forest,0,0,No_rain
18143,G54_20180619_123200,G54,2018/06/19,12:32:00,G54_20180619_123200.wav,San Rafael,Area proteccion embalse EPM,6.3586,-74.9896,1101,Forest,0,0,No_rain
18144,G54_20180619_124800,G54,2018/06/19,12:48:00,G54_20180619_124800.wav,San Rafael,Area proteccion embalse EPM,6.3586,-74.9896,1101,Forest,0,0,No_rain
18145,G54_20180619_130400,G54,2018/06/19,13:04:00,G54_20180619_130400.wav,San Rafael,Area proteccion embalse EPM,6.3586,-74.9896,1101,Forest,0,0,No_rain
18146,G54_20180619_132000,G54,2018/06/19,13:20:00,G54_20180619_132000.wav,San Rafael,Area proteccion embalse EPM,6.3586,-74.9896,1101,Forest,0,0,No_rain
18147,G54_20180619_133600,G54,2018/06/19,13:36:00,G54_20180619_133600.wav,San Rafael,Area proteccion embalse EPM,6.3586,-74.9896,1101,Forest,0,0,No_rain
18148,G54_20180619_135200,G54,2018/06/19,13:52:00,G54_20180619_135200.wav,San Rafael,Area proteccion embalse EPM,6.3586,-74.9896,1101,Forest,0,0,No_rain
18149,G54_20180619_140800,G54,2018/06/19,14:08:00,G54_20180619_140800.wav,San Rafael,Area proteccion embalse EPM,6.3586,-74.9896,1101,Forest,0,0,No_rain
18150,G54_20180619_142400,G54,2018/06/19,14:24:00,G54_20180619_142400.wav,San Rafael,Area proteccion embalse EPM,6.3586,-74.9896,1101,Forest,0,0,No_rain
18151,G54_20180619_144000,G54,2018/06/19,14:40:00,G54_20180619_144000.wav,San Rafael,Area proteccion embalse EPM,6.3586,-74.9896,1101,Forest,0,0,No_rain
18152,G54_20180619_145600,G54,2018/06/19,14:56:00,G54_20180619_145600.wav,San Rafael,Area proteccion embalse EPM,6.3586,-74.9896,1101,Forest,0,0,No_rain
18153,G54_20180619_151200,G54,2018/06/19,15:12:00,G54_20180619_151200.wav,San Rafael,Area proteccion embalse EPM,6.3586,-74.9896,1101,Forest,0,0,No_rain
18154,G54_20180619_152800,G54,2018/06/19,15:28:00,G54_20180619_152800.wav,San Rafael,Area proteccion embalse EPM,6.3586,-74.9896,1101,Forest,0,0,No_rain
18155,G54_20180619_154400,G54,2018/06/19,15:44:00,G54_20180619_154400.wav,San Rafael,Area proteccion embalse EPM,6.3586,-74.9896,1101,Forest,0,0,No_rain
18156,G54_20180619_160000,G54,2018/06/19,16:00:00,G54_20180619_160000.wav,San Rafael,Area proteccion embalse EPM,6.3586,-74.9896,1101,Forest,0,0,No_rain
18157,G54_20180619_161600,G54,2018/06/19,16:16:00,G54_20180619_161600.wav,San Rafael,Area proteccion embalse EPM,6.3586,-74.9896,1101,Forest,0,0,No_rain
18158,G54_20180619_163200,G54,2018/06/19,16:32:00,G54_20180619_163200.wav,San Rafael,Area proteccion embalse EPM,6.3586,-74.9896,1101,Forest,0,0,No_rain
18159,G54_20180619_164800,G54,2018/06/19,16:48:00,G54_20180619_164800.wav,San Rafael,Area proteccion embalse EPM,6.3586,-74.9896,1101,Forest,0,0,No_rain
18160,G54_20180619_200000,G54,2018/06/19,20:00:00,G54_20180619_200000.wav,San Rafael,Area proteccion embalse EPM,6.3586,-74.9896,1101,Forest,0,0,No_rain
18161,G54_20180619_201600,G54,2018/06/19,20:16:00,G54_20180619_201600.wav,San Rafael,Area proteccion embalse EPM,6.3586,-74.9896,1101,Forest,0,0,No_rain
18162,G54_20180619_203200,G54,2018/06/19,20:32:00,G54_20180619_203200.wav,San Rafael,Area proteccion embalse EPM,6.3586,-74.9896,1101,Forest,0,0,No_rain
18163,G54_20180619_204800,G54,2018/06/19,20:48:00,G54_20180619_204800.wav,San Rafael,Area proteccion embalse EPM,6.3586,-74.9896,1101,Forest,0,0,No_rain
18164,G54_20180619_210400,G54,2018/06/19,21:04:00,G54_20180619_210400.wav,San Rafael,Area proteccion embalse EPM,6.3586,-74.9896,1101,Forest,0,0,No_rain
18165,G54_20180619_212000,G54,2018/06/19,21:20:00,G54_20180619_212000.wav,San Rafael,Area proteccion embalse EPM,6.3586,-74.9896,1101,Forest,0,0,No_rain
18166,G54_20180619_213600,G54,2018/06/19,21:36:00,G54_20180619_213600.wav,San Rafael,Area proteccion embalse EPM,6.3586,-74.9896,1101,Forest,1,1,Light
18167,G54_20180619_215200,G54,2018/06/19,21:52:00,G54_20180619_215200.wav,San Rafael,Area proteccion embalse EPM,6.3586,-74.9896,1101,Forest,0,0,No_rain
18168,G54_20180619_220800,G54,2018/06/19,22:08:00,G54_20180619_220800.wav,San Rafael,Area proteccion embalse EPM,6.3586,-74.9896,1101,Forest,0,0,No_rain
18169,G54_20180619_222400,G54,2018/06/19,22:24:00,G54_20180619_222400.wav,San Rafael,Area proteccion embalse EPM,6.3586,-74.9896,1101,Forest,0,0,No_rain
18170,G54_20180619_224000,G54,2018/06/19,22:40:00,G54_20180619_224000.wav,San Rafael,Area proteccion embalse EPM,6.3586,-74.9896,1101,Forest,0,0,No_rain
18171,G54_20180619_225600,G54,2018/06/19,22:56:00,G54_20180619_225600.wav,San Rafael,Area proteccion embalse EPM,6.3586,-74.9896,1101,Forest,0,0,No_rain
18172,G54_20180619_231200,G54,2018/06/19,23:12:00,G54_20180619_231200.wav,San Rafael,Area proteccion embalse EPM,6.3586,-74.9896,1101,Forest,0,0,No_rain
18173,G54_20180619_232800,G54,2018/06/19,23:28:00,G54_20180619_232800.wav,San Rafael,Area proteccion embalse EPM,6.3586,-74.9896,1101,Forest,0,0,No_rain
18174,G54_20180619_234400,G54,2018/06/19,23:44:00,G54_20180619_234400.wav,San Rafael,Area proteccion embalse EPM,6.3586,-74.9896,1101,Forest,0,0,No_rain
18175,G54_20180620_000000,G54,2018/06/20,00:00:00,G54_20180620_000000.wav,San Rafael,Area proteccion embalse EPM,6.3586,-74.9896,1101,Forest,0,0,No_rain
18176,G54_20180620_001600,G54,2018/06/20,00:16:00,G54_20180620_001600.wav,San Rafael,Area proteccion embalse EPM,6.3586,-74.9896,1101,Forest,0,0,No_rain
18177,G54_20180620_003200,G54,2018/06/20,00:32:00,G54_20180620_003200.wav,San Rafael,Area proteccion embalse EPM,6.3586,-74.9896,1101,Forest,0,0,No_rain
18178,G54_20180620_004800,G54,2018/06/20,00:48:00,G54_20180620_004800.wav,San Rafael,Area proteccion embalse EPM,6.3586,-74.9896,1101,Forest,1,2,Moderate
18179,G54_20180620_010400,G54,2018/06/20,01:04:00,G54_20180620_010400.wav,San Rafael,Area proteccion embalse EPM,6.3586,-74.9896,1101,Forest,1,1,Light
18180,G54_20180620_012000,G54,2018/06/20,01:20:00,G54_20180620_012000.wav,San Rafael,Area proteccion embalse EPM,6.3586,-74.9896,1101,Forest,1,1,Light
18181,G54_20180620_013600,G54,2018/06/20,01:36:00,G54_20180620_013600.wav,San Rafael,Area proteccion embalse EPM,6.3586,-74.9896,1101,Forest,1,1,Light
18182,G54_20180620_015200,G54,2018/06/20,01:52:00,G54_20180620_015200.wav,San Rafael,Area proteccion embalse EPM,6.3586,-74.9896,1101,Forest,1,2,Moderate
18183,G54_20180620_020800,G54,2018/06/20,02:08:00,G54_20180620_020800.wav,San Rafael,Area proteccion embalse EPM,6.3586,-74.9896,1101,Forest,1,1,Light
18184,G54_20180620_022400,G54,2018/06/20,02:24:00,G54_20180620_022400.wav,San Rafael,Area proteccion embalse EPM,6.3586,-74.9896,1101,Forest,1,1,Light
18185,G54_20180620_024000,G54,2018/06/20,02:40:00,G54_20180620_024000.wav,San Rafael,Area proteccion embalse EPM,6.3586,-74.9896,1101,Forest,1,1,Light
18186,G54_20180620_025600,G54,2018/06/20,02:56:00,G54_20180620_025600.wav,San Rafael,Area proteccion embalse EPM,6.3586,-74.9896,1101,Forest,1,1,Light
18187,G54_20180620_031200,G54,2018/06/20,03:12:00,G54_20180620_031200.wav,San Rafael,Area proteccion embalse EPM,6.3586,-74.9896,1101,Forest,1,1,Light
18188,G54_20180620_032800,G54,2018/06/20,03:28:00,G54_20180620_032800.wav,San Rafael,Area proteccion embalse EPM,6.3586,-74.9896,1101,Forest,1,1,Light
18189,G54_20180620_034400,G54,2018/06/20,03:44:00,G54_20180620_034400.wav,San Rafael,Area proteccion embalse EPM,6.3586,-74.9896,1101,Forest,1,1,Light
18190,G54_20180620_040000,G54,2018/06/20,04:00:00,G54_20180620_040000.wav,San Rafael,Area proteccion embalse EPM,6.3586,-74.9896,1101,Forest,0,0,No_rain
18191,G54_20180620_041600,G54,2018/06/20,04:16:00,G54_20180620_041600.wav,San Rafael,Area proteccion embalse EPM,6.3586,-74.9896,1101,Forest,1,1,Light
18192,G54_20180620_043200,G54,2018/06/20,04:32:00,G54_20180620_043200.wav,San Rafael,Area proteccion embalse EPM,6.3586,-74.9896,1101,Forest,1,1,Light
18193,G54_20180620_044800,G54,2018/06/20,04:48:00,G54_20180620_044800.wav,San Rafael,Area proteccion embalse EPM,6.3586,-74.9896,1101,Forest,0,0,No_rain
18194,G54_20180620_080000,G54,2018/06/20,08:00:00,G54_20180620_080000.wav,San Rafael,Area proteccion embalse EPM,6.3586,-74.9896,1101,Forest,0,0,No_rain
18195,G54_20180620_081600,G54,2018/06/20,08:16:00,G54_20180620_081600.wav,San Rafael,Area proteccion embalse EPM,6.3586,-74.9896,1101,Forest,0,0,No_rain
18196,G54_20180620_083200,G54,2018/06/20,08:32:00,G54_20180620_083200.wav,San Rafael,Area proteccion embalse EPM,6.3586,-74.9896,1101,Forest,0,0,No_rain
18197,G54_20180620_084800,G54,2018/06/20,08:48:00,G54_20180620_084800.wav,San Rafael,Area proteccion embalse EPM,6.3586,-74.9896,1101,Forest,0,0,No_rain
18198,G54_20180620_090400,G54,2018/06/20,09:04:00,G54_20180620_090400.wav,San Rafael,Area proteccion embalse EPM,6.3586,-74.9896,1101,Forest,0,0,No_rain
18199,G54_20180620_092000,G54,2018/06/20,09:20:00,G54_20180620_092000.wav,San Rafael,Area proteccion embalse EPM,6.3586,-74.9896,1101,Forest,0,0,No_rain
18200,G54_20180620_093600,G54,2018/06/20,09:36:00,G54_20180620_093600.wav,San Rafael,Area proteccion embalse EPM,6.3586,-74.9896,1101,Forest,0,0,No_rain
18201,G54_20180620_095200,G54,2018/06/20,09:52:00,G54_20180620_095200.wav,San Rafael,Area proteccion embalse EPM,6.3586,-74.9896,1101,Forest,0,0,No_rain
18202,G54_20180620_100800,G54,2018/06/20,10:08:00,G54_20180620_100800.wav,San Rafael,Area proteccion embalse EPM,6.3586,-74.9896,1101,Forest,0,0,No_rain
18203,G54_20180620_102400,G54,2018/06/20,10:24:00,G54_20180620_102400.wav,San Rafael,Area proteccion embalse EPM,6.3586,-74.9896,1101,Forest,0,0,No_rain
18204,G54_20180620_104000,G54,2018/06/20,10:40:00,G54_20180620_104000.wav,San Rafael,Area proteccion embalse EPM,6.3586,-74.9896,1101,Forest,0,0,No_rain
18205,G54_20180620_105600,G54,2018/06/20,10:56:00,G54_20180620_105600.wav,San Rafael,Area proteccion embalse EPM,6.3586,-74.9896,1101,Forest,0,0,No_rain
18206,G54_20180620_111200,G54,2018/06/20,11:12:00,G54_20180620_111200.wav,San Rafael,Area proteccion embalse EPM,6.3586,-74.9896,1101,Forest,0,0,No_rain
18207,G54_20180620_112800,G54,2018/06/20,11:28:00,G54_20180620_112800.wav,San Rafael,Area proteccion embalse EPM,6.3586,-74.9896,1101,Forest,0,0,No_rain
18208,G54_20180620_114400,G54,2018/06/20,11:44:00,G54_20180620_114400.wav,San Rafael,Area proteccion embalse EPM,6.3586,-74.9896,1101,Forest,0,0,No_rain
18209,G54_20180620_120000,G54,2018/06/20,12:00:00,G54_20180620_120000.wav,San Rafael,Area proteccion embalse EPM,6.3586,-74.9896,1101,Forest,0,0,No_rain
18210,G54_20180620_121600,G54,2018/06/20,12:16:00,G54_20180620_121600.wav,San Rafael,Area proteccion embalse EPM,6.3586,-74.9896,1101,Forest,0,0,No_rain
18211,G54_20180620_123200,G54,2018/06/20,12:32:00,G54_20180620_123200.wav,San Rafael,Area proteccion embalse EPM,6.3586,-74.9896,1101,Forest,0,0,No_rain
18212,G54_20180620_124800,G54,2018/06/20,12:48:00,G54_20180620_124800.wav,San Rafael,Area proteccion embalse EPM,6.3586,-74.9896,1101,Forest,0,0,No_rain
18213,G54_20180620_130400,G54,2018/06/20,13:04:00,G54_20180620_130400.wav,San Rafael,Area proteccion embalse EPM,6.3586,-74.9896,1101,Forest,0,0,No_rain
18214,G54_20180620_132000,G54,2018/06/20,13:20:00,G54_20180620_132000.wav,San Rafael,Area proteccion embalse EPM,6.3586,-74.9896,1101,Forest,0,0,No_rain
18215,G54_20180620_133600,G54,2018/06/20,13:36:00,G54_20180620_133600.wav,San Rafael,Area proteccion embalse EPM,6.3586,-74.9896,1101,Forest,0,0,No_rain
18216,G54_20180620_135200,G54,2018/06/20,13:52:00,G54_20180620_135200.wav,San Rafael,Area proteccion embalse EPM,6.3586,-74.9896,1101,Forest,0,0,No_rain
18217,G54_20180620_140800,G54,2018/06/20,14:08:00,G54_20180620_140800.wav,San Rafael,Area proteccion embalse EPM,6.3586,-74.9896,1101,Forest,0,0,No_rain
18218,G54_20180620_142400,G54,2018/06/20,14:24:00,G54_20180620_142400.wav,San Rafael,Area proteccion embalse EPM,6.3586,-74.9896,1101,Forest,0,0,No_rain
18219,G54_20180620_144000,G54,2018/06/20,14:40:00,G54_20180620_144000.wav,San Rafael,Area proteccion embalse EPM,6.3586,-74.9896,1101,Forest,0,0,No_rain
18220,G54_20180620_145600,G54,2018/06/20,14:56:00,G54_20180620_145600.wav,San Rafael,Area proteccion embalse EPM,6.3586,-74.9896,1101,Forest,0,0,No_rain
18221,G54_20180620_151200,G54,2018/06/20,15:12:00,G54_20180620_151200.wav,San Rafael,Area proteccion embalse EPM,6.3586,-74.9896,1101,Forest,0,0,No_rain
18222,G54_20180620_152800,G54,2018/06/20,15:28:00,G54_20180620_152800.wav,San Rafael,Area proteccion embalse EPM,6.3586,-74.9896,1101,Forest,0,0,No_rain
18223,G54_20180620_154400,G54,2018/06/20,15:44:00,G54_20180620_154400.wav,San Rafael,Area proteccion embalse EPM,6.3586,-74.9896,1101,Forest,0,0,No_rain
18224,G54_20180620_160000,G54,2018/06/20,16:00:00,G54_20180620_160000.wav,San Rafael,Area proteccion embalse EPM,6.3586,-74.9896,1101,Forest,0,0,No_rain
18225,G54_20180620_161600,G54,2018/06/20,16:16:00,G54_20180620_161600.wav,San Rafael,Area proteccion embalse EPM,6.3586,-74.9896,1101,Forest,0,0,No_rain
18226,G54_20180620_163200,G54,2018/06/20,16:32:00,G54_20180620_163200.wav,San Rafael,Area proteccion embalse EPM,6.3586,-74.9896,1101,Forest,0,0,No_rain
18227,G54_20180620_164800,G54,2018/06/20,16:48:00,G54_20180620_164800.wav,San Rafael,Area proteccion embalse EPM,6.3586,-74.9896,1101,Forest,0,0,No_rain
18228,G54_20180620_200000,G54,2018/06/20,20:00:00,G54_20180620_200000.wav,San Rafael,Area proteccion embalse EPM,6.3586,-74.9896,1101,Forest,0,0,No_rain
18229,G54_20180620_201600,G54,2018/06/20,20:16:00,G54_20180620_201600.wav,San Rafael,Area proteccion embalse EPM,6.3586,-74.9896,1101,Forest,0,0,No_rain
18230,G54_20180620_203200,G54,2018/06/20,20:32:00,G54_20180620_203200.wav,San Rafael,Area proteccion embalse EPM,6.3586,-74.9896,1101,Forest,1,1,Light
18231,G54_20180620_204800,G54,2018/06/20,20:48:00,G54_20180620_204800.wav,San Rafael,Area proteccion embalse EPM,6.3586,-74.9896,1101,Forest,1,1,Light
18232,G54_20180620_210400,G54,2018/06/20,21:04:00,G54_20180620_210400.wav,San Rafael,Area proteccion embalse EPM,6.3586,-74.9896,1101,Forest,0,0,No_rain
18233,G54_20180620_212000,G54,2018/06/20,21:20:00,G54_20180620_212000.wav,San Rafael,Area proteccion embalse EPM,6.3586,-74.9896,1101,Forest,0,0,No_rain
18234,G54_20180620_213600,G54,2018/06/20,21:36:00,G54_20180620_213600.wav,San Rafael,Area proteccion embalse EPM,6.3586,-74.9896,1101,Forest,0,0,No_rain
18235,G54_20180620_215200,G54,2018/06/20,21:52:00,G54_20180620_215200.wav,San Rafael,Area proteccion embalse EPM,6.3586,-74.9896,1101,Forest,0,0,No_rain
18236,G54_20180620_220800,G54,2018/06/20,22:08:00,G54_20180620_220800.wav,San Rafael,Area proteccion embalse EPM,6.3586,-74.9896,1101,Forest,1,1,Light
18237,G54_20180620_222400,G54,2018/06/20,22:24:00,G54_20180620_222400.wav,San Rafael,Area proteccion embalse EPM,6.3586,-74.9896,1101,Forest,1,1,Light
18238,G54_20180620_224000,G54,2018/06/20,22:40:00,G54_20180620_224000.wav,San Rafael,Area proteccion embalse EPM,6.3586,-74.9896,1101,Forest,1,1,Light
18239,G54_20180620_225600,G54,2018/06/20,22:56:00,G54_20180620_225600.wav,San Rafael,Area proteccion embalse EPM,6.3586,-74.9896,1101,Forest,1,1,Light
18240,G54_20180620_231200,G54,2018/06/20,23:12:00,G54_20180620_231200.wav,San Rafael,Area proteccion embalse EPM,6.3586,-74.9896,1101,Forest,0,0,No_rain
18241,G54_20180620_232800,G54,2018/06/20,23:28:00,G54_20180620_232800.wav,San Rafael,Area proteccion embalse EPM,6.3586,-74.9896,1101,Forest,0,0,No_rain
18242,G54_20180620_234400,G54,2018/06/20,23:44:00,G54_20180620_234400.wav,San Rafael,Area proteccion embalse EPM,6.3586,-74.9896,1101,Forest,0,0,No_rain
18243,G54_20180621_000000,G54,2018/06/21,00:00:00,G54_20180621_000000.wav,San Rafael,Area proteccion embalse EPM,6.3586,-74.9896,1101,Forest,0,0,No_rain
18244,G54_20180621_001600,G54,2018/06/21,00:16:00,G54_20180621_001600.wav,San Rafael,Area proteccion embalse EPM,6.3586,-74.9896,1101,Forest,0,0,No_rain
18245,G54_20180621_003200,G54,2018/06/21,00:32:00,G54_20180621_003200.wav,San Rafael,Area proteccion embalse EPM,6.3586,-74.9896,1101,Forest,0,0,No_rain
18246,G54_20180621_004800,G54,2018/06/21,00:48:00,G54_20180621_004800.wav,San Rafael,Area proteccion embalse EPM,6.3586,-74.9896,1101,Forest,1,2,Moderate
18247,G54_20180621_010400,G54,2018/06/21,01:04:00,G54_20180621_010400.wav,San Rafael,Area proteccion embalse EPM,6.3586,-74.9896,1101,Forest,1,2,Moderate
18248,G54_20180621_012000,G54,2018/06/21,01:20:00,G54_20180621_012000.wav,San Rafael,Area proteccion embalse EPM,6.3586,-74.9896,1101,Forest,1,1,Light
18249,G54_20180621_013600,G54,2018/06/21,01:36:00,G54_20180621_013600.wav,San Rafael,Area proteccion embalse EPM,6.3586,-74.9896,1101,Forest,1,1,Light
18250,G54_20180621_015200,G54,2018/06/21,01:52:00,G54_20180621_015200.wav,San Rafael,Area proteccion embalse EPM,6.3586,-74.9896,1101,Forest,1,1,Light
18251,G54_20180621_020800,G54,2018/06/21,02:08:00,G54_20180621_020800.wav,San Rafael,Area proteccion embalse EPM,6.3586,-74.9896,1101,Forest,1,1,Light
18252,G54_20180621_022400,G54,2018/06/21,02:24:00,G54_20180621_022400.wav,San Rafael,Area proteccion embalse EPM,6.3586,-74.9896,1101,Forest,1,1,Light
18253,G54_20180621_024000,G54,2018/06/21,02:40:00,G54_20180621_024000.wav,San Rafael,Area proteccion embalse EPM,6.3586,-74.9896,1101,Forest,1,1,Light
18254,G54_20180621_025600,G54,2018/06/21,02:56:00,G54_20180621_025600.wav,San Rafael,Area proteccion embalse EPM,6.3586,-74.9896,1101,Forest,0,0,No_rain
18255,G54_20180621_031200,G54,2018/06/21,03:12:00,G54_20180621_031200.wav,San Rafael,Area proteccion embalse EPM,6.3586,-74.9896,1101,Forest,0,0,No_rain
18256,G54_20180621_032800,G54,2018/06/21,03:28:00,G54_20180621_032800.wav,San Rafael,Area proteccion embalse EPM,6.3586,-74.9896,1101,Forest,0,0,No_rain
18257,G54_20180621_034400,G54,2018/06/21,03:44:00,G54_20180621_034400.wav,San Rafael,Area proteccion embalse EPM,6.3586,-74.9896,1101,Forest,0,0,No_rain
18258,G54_20180621_040000,G54,2018/06/21,04:00:00,G54_20180621_040000.wav,San Rafael,Area proteccion embalse EPM,6.3586,-74.9896,1101,Forest,0,0,No_rain
18259,G54_20180621_041600,G54,2018/06/21,04:16:00,G54_20180621_041600.wav,San Rafael,Area proteccion embalse EPM,6.3586,-74.9896,1101,Forest,0,0,No_rain
18260,G54_20180621_043200,G54,2018/06/21,04:32:00,G54_20180621_043200.wav,San Rafael,Area proteccion embalse EPM,6.3586,-74.9896,1101,Forest,0,0,No_rain
18261,G54_20180621_044800,G54,2018/06/21,04:48:00,G54_20180621_044800.wav,San Rafael,Area proteccion embalse EPM,6.3586,-74.9896,1101,Forest,0,0,No_rain
18262,G54_20180621_080000,G54,2018/06/21,08:00:00,G54_20180621_080000.wav,San Rafael,Area proteccion embalse EPM,6.3586,-74.9896,1101,Forest,0,0,No_rain
18263,G54_20180621_081600,G54,2018/06/21,08:16:00,G54_20180621_081600.wav,San Rafael,Area proteccion embalse EPM,6.3586,-74.9896,1101,Forest,0,0,No_rain
18264,G54_20180621_083200,G54,2018/06/21,08:32:00,G54_20180621_083200.wav,San Rafael,Area proteccion embalse EPM,6.3586,-74.9896,1101,Forest,0,0,No_rain
18265,G54_20180621_084800,G54,2018/06/21,08:48:00,G54_20180621_084800.wav,San Rafael,Area proteccion embalse EPM,6.3586,-74.9896,1101,Forest,0,0,No_rain
18266,G54_20180621_090400,G54,2018/06/21,09:04:00,G54_20180621_090400.wav,San Rafael,Area proteccion embalse EPM,6.3586,-74.9896,1101,Forest,0,0,No_rain
18267,G54_20180621_092000,G54,2018/06/21,09:20:00,G54_20180621_092000.wav,San Rafael,Area proteccion embalse EPM,6.3586,-74.9896,1101,Forest,0,0,No_rain
18268,G54_20180621_093600,G54,2018/06/21,09:36:00,G54_20180621_093600.wav,San Rafael,Area proteccion embalse EPM,6.3586,-74.9896,1101,Forest,0,0,No_rain
18269,G54_20180621_095200,G54,2018/06/21,09:52:00,G54_20180621_095200.wav,San Rafael,Area proteccion embalse EPM,6.3586,-74.9896,1101,Forest,0,0,No_rain
18270,G54_20180621_100800,G54,2018/06/21,10:08:00,G54_20180621_100800.wav,San Rafael,Area proteccion embalse EPM,6.3586,-74.9896,1101,Forest,0,0,No_rain
18271,G54_20180621_102400,G54,2018/06/21,10:24:00,G54_20180621_102400.wav,San Rafael,Area proteccion embalse EPM,6.3586,-74.9896,1101,Forest,0,0,No_rain
18272,G54_20180621_104000,G54,2018/06/21,10:40:00,G54_20180621_104000.wav,San Rafael,Area proteccion embalse EPM,6.3586,-74.9896,1101,Forest,0,0,No_rain
18273,G54_20180621_105600,G54,2018/06/21,10:56:00,G54_20180621_105600.wav,San Rafael,Area proteccion embalse EPM,6.3586,-74.9896,1101,Forest,0,0,No_rain
18274,G54_20180621_111200,G54,2018/06/21,11:12:00,G54_20180621_111200.wav,San Rafael,Area proteccion embalse EPM,6.3586,-74.9896,1101,Forest,0,0,No_rain
18275,G54_20180621_112800,G54,2018/06/21,11:28:00,G54_20180621_112800.wav,San Rafael,Area proteccion embalse EPM,6.3586,-74.9896,1101,Forest,0,0,No_rain
18276,G54_20180621_114400,G54,2018/06/21,11:44:00,G54_20180621_114400.wav,San Rafael,Area proteccion embalse EPM,6.3586,-74.9896,1101,Forest,0,0,No_rain
18277,G54_20180621_120000,G54,2018/06/21,12:00:00,G54_20180621_120000.wav,San Rafael,Area proteccion embalse EPM,6.3586,-74.9896,1101,Forest,0,0,No_rain
18278,G54_20180621_121600,G54,2018/06/21,12:16:00,G54_20180621_121600.wav,San Rafael,Area proteccion embalse EPM,6.3586,-74.9896,1101,Forest,0,0,No_rain
18279,G54_20180621_123200,G54,2018/06/21,12:32:00,G54_20180621_123200.wav,San Rafael,Area proteccion embalse EPM,6.3586,-74.9896,1101,Forest,0,0,No_rain
18280,G54_20180621_124800,G54,2018/06/21,12:48:00,G54_20180621_124800.wav,San Rafael,Area proteccion embalse EPM,6.3586,-74.9896,1101,Forest,0,0,No_rain
18281,G54_20180621_130400,G54,2018/06/21,13:04:00,G54_20180621_130400.wav,San Rafael,Area proteccion embalse EPM,6.3586,-74.9896,1101,Forest,0,0,No_rain
18282,G54_20180621_132000,G54,2018/06/21,13:20:00,G54_20180621_132000.wav,San Rafael,Area proteccion embalse EPM,6.3586,-74.9896,1101,Forest,0,0,No_rain
18283,G54_20180621_133600,G54,2018/06/21,13:36:00,G54_20180621_133600.wav,San Rafael,Area proteccion embalse EPM,6.3586,-74.9896,1101,Forest,0,0,No_rain
18284,G54_20180621_135200,G54,2018/06/21,13:52:00,G54_20180621_135200.wav,San Rafael,Area proteccion embalse EPM,6.3586,-74.9896,1101,Forest,0,0,No_rain
18285,G54_20180621_140800,G54,2018/06/21,14:08:00,G54_20180621_140800.wav,San Rafael,Area proteccion embalse EPM,6.3586,-74.9896,1101,Forest,0,0,No_rain
18286,G54_20180621_142400,G54,2018/06/21,14:24:00,G54_20180621_142400.wav,San Rafael,Area proteccion embalse EPM,6.3586,-74.9896,1101,Forest,0,0,No_rain
18287,G54_20180621_144000,G54,2018/06/21,14:40:00,G54_20180621_144000.wav,San Rafael,Area proteccion embalse EPM,6.3586,-74.9896,1101,Forest,0,0,No_rain
18288,G54_20180621_145600,G54,2018/06/21,14:56:00,G54_20180621_145600.wav,San Rafael,Area proteccion embalse EPM,6.3586,-74.9896,1101,Forest,0,0,No_rain
18289,G54_20180621_151200,G54,2018/06/21,15:12:00,G54_20180621_151200.wav,San Rafael,Area proteccion embalse EPM,6.3586,-74.9896,1101,Forest,0,0,No_rain
18290,G54_20180621_152800,G54,2018/06/21,15:28:00,G54_20180621_152800.wav,San Rafael,Area proteccion embalse EPM,6.3586,-74.9896,1101,Forest,0,0,No_rain
18291,G54_20180621_154400,G54,2018/06/21,15:44:00,G54_20180621_154400.wav,San Rafael,Area proteccion embalse EPM,6.3586,-74.9896,1101,Forest,0,0,No_rain
18292,G54_20180621_160000,G54,2018/06/21,16:00:00,G54_20180621_160000.wav,San Rafael,Area proteccion embalse EPM,6.3586,-74.9896,1101,Forest,0,0,No_rain
18293,G54_20180621_161600,G54,2018/06/21,16:16:00,G54_20180621_161600.wav,San Rafael,Area proteccion embalse EPM,6.3586,-74.9896,1101,Forest,0,0,No_rain
18294,G54_20180621_163200,G54,2018/06/21,16:32:00,G54_20180621_163200.wav,San Rafael,Area proteccion embalse EPM,6.3586,-74.9896,1101,Forest,0,0,No_rain
18295,G54_20180621_164800,G54,2018/06/21,16:48:00,G54_20180621_164800.wav,San Rafael,Area proteccion embalse EPM,6.3586,-74.9896,1101,Forest,0,0,No_rain
18296,G54_20180621_200000,G54,2018/06/21,20:00:00,G54_20180621_200000.wav,San Rafael,Area proteccion embalse EPM,6.3586,-74.9896,1101,Forest,0,0,No_rain
18297,G54_20180621_201600,G54,2018/06/21,20:16:00,G54_20180621_201600.wav,San Rafael,Area proteccion embalse EPM,6.3586,-74.9896,1101,Forest,0,0,No_rain
18298,G54_20180621_203200,G54,2018/06/21,20:32:00,G54_20180621_203200.wav,San Rafael,Area proteccion embalse EPM,6.3586,-74.9896,1101,Forest,0,0,No_rain
18299,G54_20180621_204800,G54,2018/06/21,20:48:00,G54_20180621_204800.wav,San Rafael,Area proteccion embalse EPM,6.3586,-74.9896,1101,Forest,0,0,No_rain
18300,G54_20180621_210400,G54,2018/06/21,21:04:00,G54_20180621_210400.wav,San Rafael,Area proteccion embalse EPM,6.3586,-74.9896,1101,Forest,1,1,Light
18301,G54_20180621_212000,G54,2018/06/21,21:20:00,G54_20180621_212000.wav,San Rafael,Area proteccion embalse EPM,6.3586,-74.9896,1101,Forest,1,3,Heavy
18302,G54_20180621_213600,G54,2018/06/21,21:36:00,G54_20180621_213600.wav,San Rafael,Area proteccion embalse EPM,6.3586,-74.9896,1101,Forest,1,2,Moderate
18303,G54_20180621_215200,G54,2018/06/21,21:52:00,G54_20180621_215200.wav,San Rafael,Area proteccion embalse EPM,6.3586,-74.9896,1101,Forest,1,1,Light
18304,G54_20180621_220800,G54,2018/06/21,22:08:00,G54_20180621_220800.wav,San Rafael,Area proteccion embalse EPM,6.3586,-74.9896,1101,Forest,1,2,Moderate
18305,G54_20180621_222400,G54,2018/06/21,22:24:00,G54_20180621_222400.wav,San Rafael,Area proteccion embalse EPM,6.3586,-74.9896,1101,Forest,1,1,Light
18306,G54_20180621_224000,G54,2018/06/21,22:40:00,G54_20180621_224000.wav,San Rafael,Area proteccion embalse EPM,6.3586,-74.9896,1101,Forest,1,1,Light
18307,G54_20180621_225600,G54,2018/06/21,22:56:00,G54_20180621_225600.wav,San Rafael,Area proteccion embalse EPM,6.3586,-74.9896,1101,Forest,1,1,Light
18308,G54_20180621_231200,G54,2018/06/21,23:12:00,G54_20180621_231200.wav,San Rafael,Area proteccion embalse EPM,6.3586,-74.9896,1101,Forest,1,1,Light
18309,G54_20180621_232800,G54,2018/06/21,23:28:00,G54_20180621_232800.wav,San Rafael,Area proteccion embalse EPM,6.3586,-74.9896,1101,Forest,0,0,No_rain
18310,G54_20180621_234400,G54,2018/06/21,23:44:00,G54_20180621_234400.wav,San Rafael,Area proteccion embalse EPM,6.3586,-74.9896,1101,Forest,0,0,No_rain
18311,G54_20180622_000000,G54,2018/06/22,00:00:00,G54_20180622_000000.wav,San Rafael,Area proteccion embalse EPM,6.3586,-74.9896,1101,Forest,0,0,No_rain
18312,G54_20180622_001600,G54,2018/06/22,00:16:00,G54_20180622_001600.wav,San Rafael,Area proteccion embalse EPM,6.3586,-74.9896,1101,Forest,1,1,Light
18313,G54_20180622_003200,G54,2018/06/22,00:32:00,G54_20180622_003200.wav,San Rafael,Area proteccion embalse EPM,6.3586,-74.9896,1101,Forest,1,1,Light
18314,G54_20180622_004800,G54,2018/06/22,00:48:00,G54_20180622_004800.wav,San Rafael,Area proteccion embalse EPM,6.3586,-74.9896,1101,Forest,0,0,No_rain
18315,G54_20180622_010400,G54,2018/06/22,01:04:00,G54_20180622_010400.wav,San Rafael,Area proteccion embalse EPM,6.3586,-74.9896,1101,Forest,0,0,No_rain
18316,G54_20180622_012000,G54,2018/06/22,01:20:00,G54_20180622_012000.wav,San Rafael,Area proteccion embalse EPM,6.3586,-74.9896,1101,Forest,0,0,No_rain
18317,G54_20180622_013600,G54,2018/06/22,01:36:00,G54_20180622_013600.wav,San Rafael,Area proteccion embalse EPM,6.3586,-74.9896,1101,Forest,1,1,Light
18318,G54_20180622_015200,G54,2018/06/22,01:52:00,G54_20180622_015200.wav,San Rafael,Area proteccion embalse EPM,6.3586,-74.9896,1101,Forest,1,1,Light
18319,G54_20180622_020800,G54,2018/06/22,02:08:00,G54_20180622_020800.wav,San Rafael,Area proteccion embalse EPM,6.3586,-74.9896,1101,Forest,1,1,Light
18320,G54_20180622_022400,G54,2018/06/22,02:24:00,G54_20180622_022400.wav,San Rafael,Area proteccion embalse EPM,6.3586,-74.9896,1101,Forest,1,1,Light
18321,G54_20180622_024000,G54,2018/06/22,02:40:00,G54_20180622_024000.wav,San Rafael,Area proteccion embalse EPM,6.3586,-74.9896,1101,Forest,1,1,Light
18322,G54_20180622_025600,G54,2018/06/22,02:56:00,G54_20180622_025600.wav,San Rafael,Area proteccion embalse EPM,6.3586,-74.9896,1101,Forest,1,1,Light
18323,G54_20180622_031200,G54,2018/06/22,03:12:00,G54_20180622_031200.wav,San Rafael,Area proteccion embalse EPM,6.3586,-74.9896,1101,Forest,1,1,Light
18324,G54_20180622_032800,G54,2018/06/22,03:28:00,G54_20180622_032800.wav,San Rafael,Area proteccion embalse EPM,6.3586,-74.9896,1101,Forest,1,1,Light
18325,G54_20180622_034400,G54,2018/06/22,03:44:00,G54_20180622_034400.wav,San Rafael,Area proteccion embalse EPM,6.3586,-74.9896,1101,Forest,1,1,Light
18326,G54_20180622_040000,G54,2018/06/22,04:00:00,G54_20180622_040000.wav,San Rafael,Area proteccion embalse EPM,6.3586,-74.9896,1101,Forest,1,1,Light
18327,G54_20180622_041600,G54,2018/06/22,04:16:00,G54_20180622_041600.wav,San Rafael,Area proteccion embalse EPM,6.3586,-74.9896,1101,Forest,1,1,Light
18328,G54_20180622_043200,G54,2018/06/22,04:32:00,G54_20180622_043200.wav,San Rafael,Area proteccion embalse EPM,6.3586,-74.9896,1101,Forest,1,1,Light
18329,G54_20180622_044800,G54,2018/06/22,04:48:00,G54_20180622_044800.wav,San Rafael,Area proteccion embalse EPM,6.3586,-74.9896,1101,Forest,1,1,Light
18330,G54_20180622_080000,G54,2018/06/22,08:00:00,G54_20180622_080000.wav,San Rafael,Area proteccion embalse EPM,6.3586,-74.9896,1101,Forest,0,0,No_rain
18331,G54_20180622_081600,G54,2018/06/22,08:16:00,G54_20180622_081600.wav,San Rafael,Area proteccion embalse EPM,6.3586,-74.9896,1101,Forest,0,0,No_rain
18332,G54_20180622_083200,G54,2018/06/22,08:32:00,G54_20180622_083200.wav,San Rafael,Area proteccion embalse EPM,6.3586,-74.9896,1101,Forest,0,0,No_rain
18333,G54_20180622_084800,G54,2018/06/22,08:48:00,G54_20180622_084800.wav,San Rafael,Area proteccion embalse EPM,6.3586,-74.9896,1101,Forest,0,0,No_rain
18334,G54_20180622_090400,G54,2018/06/22,09:04:00,G54_20180622_090400.wav,San Rafael,Area proteccion embalse EPM,6.3586,-74.9896,1101,Forest,0,0,No_rain
18335,G54_20180622_092000,G54,2018/06/22,09:20:00,G54_20180622_092000.wav,San Rafael,Area proteccion embalse EPM,6.3586,-74.9896,1101,Forest,0,0,No_rain
18336,G54_20180622_093600,G54,2018/06/22,09:36:00,G54_20180622_093600.wav,San Rafael,Area proteccion embalse EPM,6.3586,-74.9896,1101,Forest,0,0,No_rain
18337,G54_20180622_095200,G54,2018/06/22,09:52:00,G54_20180622_095200.wav,San Rafael,Area proteccion embalse EPM,6.3586,-74.9896,1101,Forest,0,0,No_rain
18338,G54_20180622_100800,G54,2018/06/22,10:08:00,G54_20180622_100800.wav,San Rafael,Area proteccion embalse EPM,6.3586,-74.9896,1101,Forest,0,0,No_rain
18339,G54_20180622_102400,G54,2018/06/22,10:24:00,G54_20180622_102400.wav,San Rafael,Area proteccion embalse EPM,6.3586,-74.9896,1101,Forest,0,0,No_rain
18340,G54_20180622_104000,G54,2018/06/22,10:40:00,G54_20180622_104000.wav,San Rafael,Area proteccion embalse EPM,6.3586,-74.9896,1101,Forest,0,0,No_rain
18341,G54_20180622_105600,G54,2018/06/22,10:56:00,G54_20180622_105600.wav,San Rafael,Area proteccion embalse EPM,6.3586,-74.9896,1101,Forest,0,0,No_rain
18342,G54_20180622_111200,G54,2018/06/22,11:12:00,G54_20180622_111200.wav,San Rafael,Area proteccion embalse EPM,6.3586,-74.9896,1101,Forest,0,0,No_rain
18343,G54_20180622_112800,G54,2018/06/22,11:28:00,G54_20180622_112800.wav,San Rafael,Area proteccion embalse EPM,6.3586,-74.9896,1101,Forest,0,0,No_rain
18344,G54_20180622_114400,G54,2018/06/22,11:44:00,G54_20180622_114400.wav,San Rafael,Area proteccion embalse EPM,6.3586,-74.9896,1101,Forest,0,0,No_rain
18345,G54_20180622_120000,G54,2018/06/22,12:00:00,G54_20180622_120000.wav,San Rafael,Area proteccion embalse EPM,6.3586,-74.9896,1101,Forest,0,0,No_rain
18346,G54_20180622_121600,G54,2018/06/22,12:16:00,G54_20180622_121600.wav,San Rafael,Area proteccion embalse EPM,6.3586,-74.9896,1101,Forest,0,0,No_rain
18347,G54_20180622_123200,G54,2018/06/22,12:32:00,G54_20180622_123200.wav,San Rafael,Area proteccion embalse EPM,6.3586,-74.9896,1101,Forest,0,0,No_rain
18348,G54_20180622_124800,G54,2018/06/22,12:48:00,G54_20180622_124800.wav,San Rafael,Area proteccion embalse EPM,6.3586,-74.9896,1101,Forest,0,0,No_rain
18349,G54_20180622_130400,G54,2018/06/22,13:04:00,G54_20180622_130400.wav,San Rafael,Area proteccion embalse EPM,6.3586,-74.9896,1101,Forest,0,0,No_rain
18350,G54_20180622_132000,G54,2018/06/22,13:20:00,G54_20180622_132000.wav,San Rafael,Area proteccion embalse EPM,6.3586,-74.9896,1101,Forest,0,0,No_rain
18351,G54_20180622_133600,G54,2018/06/22,13:36:00,G54_20180622_133600.wav,San Rafael,Area proteccion embalse EPM,6.3586,-74.9896,1101,Forest,0,0,No_rain
18352,G54_20180622_135200,G54,2018/06/22,13:52:00,G54_20180622_135200.wav,San Rafael,Area proteccion embalse EPM,6.3586,-74.9896,1101,Forest,0,0,No_rain
18353,G54_20180622_140800,G54,2018/06/22,14:08:00,G54_20180622_140800.wav,San Rafael,Area proteccion embalse EPM,6.3586,-74.9896,1101,Forest,0,0,No_rain
18354,G54_20180622_142400,G54,2018/06/22,14:24:00,G54_20180622_142400.wav,San Rafael,Area proteccion embalse EPM,6.3586,-74.9896,1101,Forest,0,0,No_rain
18355,G54_20180622_144000,G54,2018/06/22,14:40:00,G54_20180622_144000.wav,San Rafael,Area proteccion embalse EPM,6.3586,-74.9896,1101,Forest,0,0,No_rain
18356,G54_20180622_145600,G54,2018/06/22,14:56:00,G54_20180622_145600.wav,San Rafael,Area proteccion embalse EPM,6.3586,-74.9896,1101,Forest,0,0,No_rain
18357,G54_20180622_151200,G54,2018/06/22,15:12:00,G54_20180622_151200.wav,San Rafael,Area proteccion embalse EPM,6.3586,-74.9896,1101,Forest,0,0,No_rain
18358,G54_20180622_152800,G54,2018/06/22,15:28:00,G54_20180622_152800.wav,San Rafael,Area proteccion embalse EPM,6.3586,-74.9896,1101,Forest,0,0,No_rain
18359,G54_20180622_154400,G54,2018/06/22,15:44:00,G54_20180622_154400.wav,San Rafael,Area proteccion embalse EPM,6.3586,-74.9896,1101,Forest,0,0,No_rain
18360,G54_20180622_160000,G54,2018/06/22,16:00:00,G54_20180622_160000.wav,San Rafael,Area proteccion embalse EPM,6.3586,-74.9896,1101,Forest,0,0,No_rain
18361,G54_20180622_161600,G54,2018/06/22,16:16:00,G54_20180622_161600.wav,San Rafael,Area proteccion embalse EPM,6.3586,-74.9896,1101,Forest,0,0,No_rain
18362,G54_20180622_163200,G54,2018/06/22,16:32:00,G54_20180622_163200.wav,San Rafael,Area proteccion embalse EPM,6.3586,-74.9896,1101,Forest,0,0,No_rain
18363,G54_20180622_164800,G54,2018/06/22,16:48:00,G54_20180622_164800.wav,San Rafael,Area proteccion embalse EPM,6.3586,-74.9896,1101,Forest,0,0,No_rain
18364,G54_20180622_200000,G54,2018/06/22,20:00:00,G54_20180622_200000.wav,San Rafael,Area proteccion embalse EPM,6.3586,-74.9896,1101,Forest,0,0,No_rain
18365,G54_20180622_201600,G54,2018/06/22,20:16:00,G54_20180622_201600.wav,San Rafael,Area proteccion embalse EPM,6.3586,-74.9896,1101,Forest,0,0,No_rain
18366,G54_20180622_203200,G54,2018/06/22,20:32:00,G54_20180622_203200.wav,San Rafael,Area proteccion embalse EPM,6.3586,-74.9896,1101,Forest,0,0,No_rain
18367,G54_20180622_204800,G54,2018/06/22,20:48:00,G54_20180622_204800.wav,San Rafael,Area proteccion embalse EPM,6.3586,-74.9896,1101,Forest,0,0,No_rain
18368,G54_20180622_210400,G54,2018/06/22,21:04:00,G54_20180622_210400.wav,San Rafael,Area proteccion embalse EPM,6.3586,-74.9896,1101,Forest,0,0,No_rain
18369,G54_20180622_212000,G54,2018/06/22,21:20:00,G54_20180622_212000.wav,San Rafael,Area proteccion embalse EPM,6.3586,-74.9896,1101,Forest,0,0,No_rain
18370,G54_20180622_213600,G54,2018/06/22,21:36:00,G54_20180622_213600.wav,San Rafael,Area proteccion embalse EPM,6.3586,-74.9896,1101,Forest,0,0,No_rain
18371,G54_20180622_215200,G54,2018/06/22,21:52:00,G54_20180622_215200.wav,San Rafael,Area proteccion embalse EPM,6.3586,-74.9896,1101,Forest,0,0,No_rain
18372,G54_20180622_220800,G54,2018/06/22,22:08:00,G54_20180622_220800.wav,San Rafael,Area proteccion embalse EPM,6.3586,-74.9896,1101,Forest,0,0,No_rain
18373,G54_20180622_222400,G54,2018/06/22,22:24:00,G54_20180622_222400.wav,San Rafael,Area proteccion embalse EPM,6.3586,-74.9896,1101,Forest,0,0,No_rain
18374,G54_20180622_224000,G54,2018/06/22,22:40:00,G54_20180622_224000.wav,San Rafael,Area proteccion embalse EPM,6.3586,-74.9896,1101,Forest,0,0,No_rain
18375,G54_20180622_225600,G54,2018/06/22,22:56:00,G54_20180622_225600.wav,San Rafael,Area proteccion embalse EPM,6.3586,-74.9896,1101,Forest,1,2,Moderate
18376,G54_20180622_231200,G54,2018/06/22,23:12:00,G54_20180622_231200.wav,San Rafael,Area proteccion embalse EPM,6.3586,-74.9896,1101,Forest,1,2,Moderate
18377,G54_20180622_232800,G54,2018/06/22,23:28:00,G54_20180622_232800.wav,San Rafael,Area proteccion embalse EPM,6.3586,-74.9896,1101,Forest,1,1,Light
18378,G54_20180622_234400,G54,2018/06/22,23:44:00,G54_20180622_234400.wav,San Rafael,Area proteccion embalse EPM,6.3586,-74.9896,1101,Forest,1,3,Heavy
18379,G54_20180623_000000,G54,2018/06/23,00:00:00,G54_20180623_000000.wav,San Rafael,Area proteccion embalse EPM,6.3586,-74.9896,1101,Forest,1,1,Light
18380,G54_20180623_001600,G54,2018/06/23,00:16:00,G54_20180623_001600.wav,San Rafael,Area proteccion embalse EPM,6.3586,-74.9896,1101,Forest,1,1,Light
18381,G54_20180623_003200,G54,2018/06/23,00:32:00,G54_20180623_003200.wav,San Rafael,Area proteccion embalse EPM,6.3586,-74.9896,1101,Forest,1,2,Moderate
18382,G54_20180623_004800,G54,2018/06/23,00:48:00,G54_20180623_004800.wav,San Rafael,Area proteccion embalse EPM,6.3586,-74.9896,1101,Forest,1,2,Moderate
18383,G54_20180623_010400,G54,2018/06/23,01:04:00,G54_20180623_010400.wav,San Rafael,Area proteccion embalse EPM,6.3586,-74.9896,1101,Forest,1,2,Moderate
18384,G54_20180623_012000,G54,2018/06/23,01:20:00,G54_20180623_012000.wav,San Rafael,Area proteccion embalse EPM,6.3586,-74.9896,1101,Forest,1,2,Moderate
18385,G54_20180623_013600,G54,2018/06/23,01:36:00,G54_20180623_013600.wav,San Rafael,Area proteccion embalse EPM,6.3586,-74.9896,1101,Forest,1,1,Light
18386,G54_20180623_015200,G54,2018/06/23,01:52:00,G54_20180623_015200.wav,San Rafael,Area proteccion embalse EPM,6.3586,-74.9896,1101,Forest,1,1,Light
18387,G54_20180623_020800,G54,2018/06/23,02:08:00,G54_20180623_020800.wav,San Rafael,Area proteccion embalse EPM,6.3586,-74.9896,1101,Forest,1,2,Moderate
18388,G54_20180623_022400,G54,2018/06/23,02:24:00,G54_20180623_022400.wav,San Rafael,Area proteccion embalse EPM,6.3586,-74.9896,1101,Forest,1,2,Moderate
18389,G54_20180623_024000,G54,2018/06/23,02:40:00,G54_20180623_024000.wav,San Rafael,Area proteccion embalse EPM,6.3586,-74.9896,1101,Forest,1,1,Light
18390,G54_20180623_025600,G54,2018/06/23,02:56:00,G54_20180623_025600.wav,San Rafael,Area proteccion embalse EPM,6.3586,-74.9896,1101,Forest,1,1,Light
18391,G54_20180623_031200,G54,2018/06/23,03:12:00,G54_20180623_031200.wav,San Rafael,Area proteccion embalse EPM,6.3586,-74.9896,1101,Forest,1,1,Light
18392,G54_20180623_032800,G54,2018/06/23,03:28:00,G54_20180623_032800.wav,San Rafael,Area proteccion embalse EPM,6.3586,-74.9896,1101,Forest,1,1,Light
18393,G54_20180623_034400,G54,2018/06/23,03:44:00,G54_20180623_034400.wav,San Rafael,Area proteccion embalse EPM,6.3586,-74.9896,1101,Forest,1,1,Light
18394,G54_20180623_040000,G54,2018/06/23,04:00:00,G54_20180623_040000.wav,San Rafael,Area proteccion embalse EPM,6.3586,-74.9896,1101,Forest,0,0,No_rain
18395,G54_20180623_041600,G54,2018/06/23,04:16:00,G54_20180623_041600.wav,San Rafael,Area proteccion embalse EPM,6.3586,-74.9896,1101,Forest,0,0,No_rain
18396,G54_20180623_043200,G54,2018/06/23,04:32:00,G54_20180623_043200.wav,San Rafael,Area proteccion embalse EPM,6.3586,-74.9896,1101,Forest,0,0,No_rain
18397,G54_20180623_044800,G54,2018/06/23,04:48:00,G54_20180623_044800.wav,San Rafael,Area proteccion embalse EPM,6.3586,-74.9896,1101,Forest,0,0,No_rain
18398,G54_20180623_080000,G54,2018/06/23,08:00:00,G54_20180623_080000.wav,San Rafael,Area proteccion embalse EPM,6.3586,-74.9896,1101,Forest,0,0,No_rain
18399,G54_20180623_081600,G54,2018/06/23,08:16:00,G54_20180623_081600.wav,San Rafael,Area proteccion embalse EPM,6.3586,-74.9896,1101,Forest,0,0,No_rain
18400,G54_20180623_083200,G54,2018/06/23,08:32:00,G54_20180623_083200.wav,San Rafael,Area proteccion embalse EPM,6.3586,-74.9896,1101,Forest,0,0,No_rain
18401,G54_20180623_084800,G54,2018/06/23,08:48:00,G54_20180623_084800.wav,San Rafael,Area proteccion embalse EPM,6.3586,-74.9896,1101,Forest,0,0,No_rain
18402,G54_20180623_090400,G54,2018/06/23,09:04:00,G54_20180623_090400.wav,San Rafael,Area proteccion embalse EPM,6.3586,-74.9896,1101,Forest,0,0,No_rain
18403,G54_20180623_092000,G54,2018/06/23,09:20:00,G54_20180623_092000.wav,San Rafael,Area proteccion embalse EPM,6.3586,-74.9896,1101,Forest,0,0,No_rain
18404,G54_20180623_093600,G54,2018/06/23,09:36:00,G54_20180623_093600.wav,San Rafael,Area proteccion embalse EPM,6.3586,-74.9896,1101,Forest,0,0,No_rain
18405,G54_20180623_095200,G54,2018/06/23,09:52:00,G54_20180623_095200.wav,San Rafael,Area proteccion embalse EPM,6.3586,-74.9896,1101,Forest,0,0,No_rain
18406,G54_20180623_100800,G54,2018/06/23,10:08:00,G54_20180623_100800.wav,San Rafael,Area proteccion embalse EPM,6.3586,-74.9896,1101,Forest,0,0,No_rain
18407,G54_20180623_102400,G54,2018/06/23,10:24:00,G54_20180623_102400.wav,San Rafael,Area proteccion embalse EPM,6.3586,-74.9896,1101,Forest,0,0,No_rain
18408,G54_20180623_104000,G54,2018/06/23,10:40:00,G54_20180623_104000.wav,San Rafael,Area proteccion embalse EPM,6.3586,-74.9896,1101,Forest,0,0,No_rain
18409,G54_20180623_105600,G54,2018/06/23,10:56:00,G54_20180623_105600.wav,San Rafael,Area proteccion embalse EPM,6.3586,-74.9896,1101,Forest,0,0,No_rain
18410,G54_20180623_111200,G54,2018/06/23,11:12:00,G54_20180623_111200.wav,San Rafael,Area proteccion embalse EPM,6.3586,-74.9896,1101,Forest,0,0,No_rain
18411,G54_20180623_112800,G54,2018/06/23,11:28:00,G54_20180623_112800.wav,San Rafael,Area proteccion embalse EPM,6.3586,-74.9896,1101,Forest,0,0,No_rain
18412,G54_20180623_114400,G54,2018/06/23,11:44:00,G54_20180623_114400.wav,San Rafael,Area proteccion embalse EPM,6.3586,-74.9896,1101,Forest,0,0,No_rain
18413,G54_20180623_120000,G54,2018/06/23,12:00:00,G54_20180623_120000.wav,San Rafael,Area proteccion embalse EPM,6.3586,-74.9896,1101,Forest,0,0,No_rain
18414,G54_20180623_121600,G54,2018/06/23,12:16:00,G54_20180623_121600.wav,San Rafael,Area proteccion embalse EPM,6.3586,-74.9896,1101,Forest,0,0,No_rain
18415,G54_20180623_123200,G54,2018/06/23,12:32:00,G54_20180623_123200.wav,San Rafael,Area proteccion embalse EPM,6.3586,-74.9896,1101,Forest,0,0,No_rain
18416,G54_20180623_124800,G54,2018/06/23,12:48:00,G54_20180623_124800.wav,San Rafael,Area proteccion embalse EPM,6.3586,-74.9896,1101,Forest,0,0,No_rain
18417,G54_20180623_130400,G54,2018/06/23,13:04:00,G54_20180623_130400.wav,San Rafael,Area proteccion embalse EPM,6.3586,-74.9896,1101,Forest,0,0,No_rain
18418,G54_20180623_132000,G54,2018/06/23,13:20:00,G54_20180623_132000.wav,San Rafael,Area proteccion embalse EPM,6.3586,-74.9896,1101,Forest,0,0,No_rain
18419,G54_20180623_133600,G54,2018/06/23,13:36:00,G54_20180623_133600.wav,San Rafael,Area proteccion embalse EPM,6.3586,-74.9896,1101,Forest,0,0,No_rain
18420,G54_20180623_135200,G54,2018/06/23,13:52:00,G54_20180623_135200.wav,San Rafael,Area proteccion embalse EPM,6.3586,-74.9896,1101,Forest,0,0,No_rain
18421,G54_20180623_140800,G54,2018/06/23,14:08:00,G54_20180623_140800.wav,San Rafael,Area proteccion embalse EPM,6.3586,-74.9896,1101,Forest,0,0,No_rain
18422,G54_20180623_142400,G54,2018/06/23,14:24:00,G54_20180623_142400.wav,San Rafael,Area proteccion embalse EPM,6.3586,-74.9896,1101,Forest,0,0,No_rain
18423,G54_20180623_144000,G54,2018/06/23,14:40:00,G54_20180623_144000.wav,San Rafael,Area proteccion embalse EPM,6.3586,-74.9896,1101,Forest,0,0,No_rain
18424,G54_20180623_145600,G54,2018/06/23,14:56:00,G54_20180623_145600.wav,San Rafael,Area proteccion embalse EPM,6.3586,-74.9896,1101,Forest,0,0,No_rain
18425,G54_20180623_151200,G54,2018/06/23,15:12:00,G54_20180623_151200.wav,San Rafael,Area proteccion embalse EPM,6.3586,-74.9896,1101,Forest,0,0,No_rain
18426,G54_20180623_152800,G54,2018/06/23,15:28:00,G54_20180623_152800.wav,San Rafael,Area proteccion embalse EPM,6.3586,-74.9896,1101,Forest,0,0,No_rain
18427,G54_20180623_154400,G54,2018/06/23,15:44:00,G54_20180623_154400.wav,San Rafael,Area proteccion embalse EPM,6.3586,-74.9896,1101,Forest,0,0,No_rain
18428,G54_20180623_160000,G54,2018/06/23,16:00:00,G54_20180623_160000.wav,San Rafael,Area proteccion embalse EPM,6.3586,-74.9896,1101,Forest,0,0,No_rain
18429,G54_20180623_161600,G54,2018/06/23,16:16:00,G54_20180623_161600.wav,San Rafael,Area proteccion embalse EPM,6.3586,-74.9896,1101,Forest,0,0,No_rain
18430,G54_20180623_163200,G54,2018/06/23,16:32:00,G54_20180623_163200.wav,San Rafael,Area proteccion embalse EPM,6.3586,-74.9896,1101,Forest,0,0,No_rain
18431,G54_20180623_164800,G54,2018/06/23,16:48:00,G54_20180623_164800.wav,San Rafael,Area proteccion embalse EPM,6.3586,-74.9896,1101,Forest,0,0,No_rain
18432,G54_20180623_200000,G54,2018/06/23,20:00:00,G54_20180623_200000.wav,San Rafael,Area proteccion embalse EPM,6.3586,-74.9896,1101,Forest,0,0,No_rain
18433,G54_20180623_201600,G54,2018/06/23,20:16:00,G54_20180623_201600.wav,San Rafael,Area proteccion embalse EPM,6.3586,-74.9896,1101,Forest,0,0,No_rain
18434,G54_20180623_203200,G54,2018/06/23,20:32:00,G54_20180623_203200.wav,San Rafael,Area proteccion embalse EPM,6.3586,-74.9896,1101,Forest,0,0,No_rain
18435,G54_20180623_204800,G54,2018/06/23,20:48:00,G54_20180623_204800.wav,San Rafael,Area proteccion embalse EPM,6.3586,-74.9896,1101,Forest,0,0,No_rain
18436,G54_20180623_210400,G54,2018/06/23,21:04:00,G54_20180623_210400.wav,San Rafael,Area proteccion embalse EPM,6.3586,-74.9896,1101,Forest,0,0,No_rain
18437,G54_20180623_212000,G54,2018/06/23,21:20:00,G54_20180623_212000.wav,San Rafael,Area proteccion embalse EPM,6.3586,-74.9896,1101,Forest,0,0,No_rain
18438,G54_20180623_213600,G54,2018/06/23,21:36:00,G54_20180623_213600.wav,San Rafael,Area proteccion embalse EPM,6.3586,-74.9896,1101,Forest,0,0,No_rain
18439,G54_20180623_215200,G54,2018/06/23,21:52:00,G54_20180623_215200.wav,San Rafael,Area proteccion embalse EPM,6.3586,-74.9896,1101,Forest,0,0,No_rain
18440,G54_20180623_220800,G54,2018/06/23,22:08:00,G54_20180623_220800.wav,San Rafael,Area proteccion embalse EPM,6.3586,-74.9896,1101,Forest,0,0,No_rain
18441,G54_20180623_222400,G54,2018/06/23,22:24:00,G54_20180623_222400.wav,San Rafael,Area proteccion embalse EPM,6.3586,-74.9896,1101,Forest,0,0,No_rain
18442,G54_20180623_224000,G54,2018/06/23,22:40:00,G54_20180623_224000.wav,San Rafael,Area proteccion embalse EPM,6.3586,-74.9896,1101,Forest,0,0,No_rain
18443,G54_20180623_225600,G54,2018/06/23,22:56:00,G54_20180623_225600.wav,San Rafael,Area proteccion embalse EPM,6.3586,-74.9896,1101,Forest,0,0,No_rain
18444,G54_20180623_231200,G54,2018/06/23,23:12:00,G54_20180623_231200.wav,San Rafael,Area proteccion embalse EPM,6.3586,-74.9896,1101,Forest,1,1,Light
18445,G54_20180623_232800,G54,2018/06/23,23:28:00,G54_20180623_232800.wav,San Rafael,Area proteccion embalse EPM,6.3586,-74.9896,1101,Forest,1,3,Heavy
18446,G54_20180623_234400,G54,2018/06/23,23:44:00,G54_20180623_234400.wav,San Rafael,Area proteccion embalse EPM,6.3586,-74.9896,1101,Forest,1,3,Heavy
18447,G54_20180624_000000,G54,2018/06/24,00:00:00,G54_20180624_000000.wav,San Rafael,Area proteccion embalse EPM,6.3586,-74.9896,1101,Forest,1,3,Heavy
18448,G54_20180624_001600,G54,2018/06/24,00:16:00,G54_20180624_001600.wav,San Rafael,Area proteccion embalse EPM,6.3586,-74.9896,1101,Forest,1,3,Heavy
18449,G54_20180624_003200,G54,2018/06/24,00:32:00,G54_20180624_003200.wav,San Rafael,Area proteccion embalse EPM,6.3586,-74.9896,1101,Forest,1,2,Moderate
18450,G54_20180624_004800,G54,2018/06/24,00:48:00,G54_20180624_004800.wav,San Rafael,Area proteccion embalse EPM,6.3586,-74.9896,1101,Forest,1,2,Moderate
18451,G54_20180624_010400,G54,2018/06/24,01:04:00,G54_20180624_010400.wav,San Rafael,Area proteccion embalse EPM,6.3586,-74.9896,1101,Forest,1,2,Moderate
18452,G54_20180624_012000,G54,2018/06/24,01:20:00,G54_20180624_012000.wav,San Rafael,Area proteccion embalse EPM,6.3586,-74.9896,1101,Forest,1,2,Moderate
18453,G54_20180624_013600,G54,2018/06/24,01:36:00,G54_20180624_013600.wav,San Rafael,Area proteccion embalse EPM,6.3586,-74.9896,1101,Forest,1,2,Moderate
18454,G54_20180624_015200,G54,2018/06/24,01:52:00,G54_20180624_015200.wav,San Rafael,Area proteccion embalse EPM,6.3586,-74.9896,1101,Forest,1,2,Moderate
18455,G54_20180624_020800,G54,2018/06/24,02:08:00,G54_20180624_020800.wav,San Rafael,Area proteccion embalse EPM,6.3586,-74.9896,1101,Forest,1,2,Moderate
18456,G54_20180624_022400,G54,2018/06/24,02:24:00,G54_20180624_022400.wav,San Rafael,Area proteccion embalse EPM,6.3586,-74.9896,1101,Forest,1,2,Moderate
18457,G54_20180624_024000,G54,2018/06/24,02:40:00,G54_20180624_024000.wav,San Rafael,Area proteccion embalse EPM,6.3586,-74.9896,1101,Forest,1,2,Moderate
18458,G54_20180624_025600,G54,2018/06/24,02:56:00,G54_20180624_025600.wav,San Rafael,Area proteccion embalse EPM,6.3586,-74.9896,1101,Forest,1,3,Heavy
18459,G54_20180624_031200,G54,2018/06/24,03:12:00,G54_20180624_031200.wav,San Rafael,Area proteccion embalse EPM,6.3586,-74.9896,1101,Forest,1,2,Moderate
18460,G54_20180624_032800,G54,2018/06/24,03:28:00,G54_20180624_032800.wav,San Rafael,Area proteccion embalse EPM,6.3586,-74.9896,1101,Forest,1,1,Light
18461,G54_20180624_034400,G54,2018/06/24,03:44:00,G54_20180624_034400.wav,San Rafael,Area proteccion embalse EPM,6.3586,-74.9896,1101,Forest,1,1,Light
18462,G54_20180624_040000,G54,2018/06/24,04:00:00,G54_20180624_040000.wav,San Rafael,Area proteccion embalse EPM,6.3586,-74.9896,1101,Forest,1,1,Light
18463,G54_20180624_041600,G54,2018/06/24,04:16:00,G54_20180624_041600.wav,San Rafael,Area proteccion embalse EPM,6.3586,-74.9896,1101,Forest,1,1,Light
18464,G54_20180624_043200,G54,2018/06/24,04:32:00,G54_20180624_043200.wav,San Rafael,Area proteccion embalse EPM,6.3586,-74.9896,1101,Forest,1,1,Light
18465,G54_20180624_044800,G54,2018/06/24,04:48:00,G54_20180624_044800.wav,San Rafael,Area proteccion embalse EPM,6.3586,-74.9896,1101,Forest,1,1,Light
18466,G54_20180624_080000,G54,2018/06/24,08:00:00,G54_20180624_080000.wav,San Rafael,Area proteccion embalse EPM,6.3586,-74.9896,1101,Forest,0,0,No_rain
18467,G54_20180624_081600,G54,2018/06/24,08:16:00,G54_20180624_081600.wav,San Rafael,Area proteccion embalse EPM,6.3586,-74.9896,1101,Forest,0,0,No_rain
18468,G54_20180624_083200,G54,2018/06/24,08:32:00,G54_20180624_083200.wav,San Rafael,Area proteccion embalse EPM,6.3586,-74.9896,1101,Forest,0,0,No_rain
18469,G54_20180624_084800,G54,2018/06/24,08:48:00,G54_20180624_084800.wav,San Rafael,Area proteccion embalse EPM,6.3586,-74.9896,1101,Forest,0,0,No_rain
18470,G54_20180624_090400,G54,2018/06/24,09:04:00,G54_20180624_090400.wav,San Rafael,Area proteccion embalse EPM,6.3586,-74.9896,1101,Forest,0,0,No_rain
18471,G54_20180624_092000,G54,2018/06/24,09:20:00,G54_20180624_092000.wav,San Rafael,Area proteccion embalse EPM,6.3586,-74.9896,1101,Forest,0,0,No_rain
18472,G54_20180624_093600,G54,2018/06/24,09:36:00,G54_20180624_093600.wav,San Rafael,Area proteccion embalse EPM,6.3586,-74.9896,1101,Forest,0,0,No_rain
18473,G54_20180624_095200,G54,2018/06/24,09:52:00,G54_20180624_095200.wav,San Rafael,Area proteccion embalse EPM,6.3586,-74.9896,1101,Forest,0,0,No_rain
18474,G54_20180624_100800,G54,2018/06/24,10:08:00,G54_20180624_100800.wav,San Rafael,Area proteccion embalse EPM,6.3586,-74.9896,1101,Forest,0,0,No_rain
18475,G54_20180624_102400,G54,2018/06/24,10:24:00,G54_20180624_102400.wav,San Rafael,Area proteccion embalse EPM,6.3586,-74.9896,1101,Forest,0,0,No_rain
18476,G54_20180624_104000,G54,2018/06/24,10:40:00,G54_20180624_104000.wav,San Rafael,Area proteccion embalse EPM,6.3586,-74.9896,1101,Forest,0,0,No_rain
18477,G54_20180624_105600,G54,2018/06/24,10:56:00,G54_20180624_105600.wav,San Rafael,Area proteccion embalse EPM,6.3586,-74.9896,1101,Forest,0,0,No_rain
18478,G54_20180624_111200,G54,2018/06/24,11:12:00,G54_20180624_111200.wav,San Rafael,Area proteccion embalse EPM,6.3586,-74.9896,1101,Forest,0,0,No_rain
18479,G54_20180624_112800,G54,2018/06/24,11:28:00,G54_20180624_112800.wav,San Rafael,Area proteccion embalse EPM,6.3586,-74.9896,1101,Forest,0,0,No_rain
18480,G54_20180624_114400,G54,2018/06/24,11:44:00,G54_20180624_114400.wav,San Rafael,Area proteccion embalse EPM,6.3586,-74.9896,1101,Forest,0,0,No_rain
18481,G54_20180624_120000,G54,2018/06/24,12:00:00,G54_20180624_120000.wav,San Rafael,Area proteccion embalse EPM,6.3586,-74.9896,1101,Forest,0,0,No_rain
18482,G54_20180624_121600,G54,2018/06/24,12:16:00,G54_20180624_121600.wav,San Rafael,Area proteccion embalse EPM,6.3586,-74.9896,1101,Forest,0,0,No_rain
18483,G54_20180624_123200,G54,2018/06/24,12:32:00,G54_20180624_123200.wav,San Rafael,Area proteccion embalse EPM,6.3586,-74.9896,1101,Forest,0,0,No_rain
18484,G54_20180624_124800,G54,2018/06/24,12:48:00,G54_20180624_124800.wav,San Rafael,Area proteccion embalse EPM,6.3586,-74.9896,1101,Forest,0,0,No_rain
18485,G54_20180624_130400,G54,2018/06/24,13:04:00,G54_20180624_130400.wav,San Rafael,Area proteccion embalse EPM,6.3586,-74.9896,1101,Forest,0,0,No_rain
18486,G54_20180624_132000,G54,2018/06/24,13:20:00,G54_20180624_132000.wav,San Rafael,Area proteccion embalse EPM,6.3586,-74.9896,1101,Forest,0,0,No_rain
18487,G54_20180624_133600,G54,2018/06/24,13:36:00,G54_20180624_133600.wav,San Rafael,Area proteccion embalse EPM,6.3586,-74.9896,1101,Forest,0,0,No_rain
18488,G54_20180624_135200,G54,2018/06/24,13:52:00,G54_20180624_135200.wav,San Rafael,Area proteccion embalse EPM,6.3586,-74.9896,1101,Forest,0,0,No_rain
18489,G54_20180624_140800,G54,2018/06/24,14:08:00,G54_20180624_140800.wav,San Rafael,Area proteccion embalse EPM,6.3586,-74.9896,1101,Forest,0,0,No_rain
18490,G54_20180624_142400,G54,2018/06/24,14:24:00,G54_20180624_142400.wav,San Rafael,Area proteccion embalse EPM,6.3586,-74.9896,1101,Forest,0,0,No_rain
18491,G54_20180624_144000,G54,2018/06/24,14:40:00,G54_20180624_144000.wav,San Rafael,Area proteccion embalse EPM,6.3586,-74.9896,1101,Forest,0,0,No_rain
18492,G54_20180624_145600,G54,2018/06/24,14:56:00,G54_20180624_145600.wav,San Rafael,Area proteccion embalse EPM,6.3586,-74.9896,1101,Forest,0,0,No_rain
18493,G54_20180624_151200,G54,2018/06/24,15:12:00,G54_20180624_151200.wav,San Rafael,Area proteccion embalse EPM,6.3586,-74.9896,1101,Forest,0,0,No_rain
18494,G54_20180624_152800,G54,2018/06/24,15:28:00,G54_20180624_152800.wav,San Rafael,Area proteccion embalse EPM,6.3586,-74.9896,1101,Forest,0,0,No_rain
18495,G54_20180624_154400,G54,2018/06/24,15:44:00,G54_20180624_154400.wav,San Rafael,Area proteccion embalse EPM,6.3586,-74.9896,1101,Forest,0,0,No_rain
18496,G54_20180624_160000,G54,2018/06/24,16:00:00,G54_20180624_160000.wav,San Rafael,Area proteccion embalse EPM,6.3586,-74.9896,1101,Forest,0,0,No_rain
18497,G54_20180624_161600,G54,2018/06/24,16:16:00,G54_20180624_161600.wav,San Rafael,Area proteccion embalse EPM,6.3586,-74.9896,1101,Forest,0,0,No_rain
18498,G54_20180624_163200,G54,2018/06/24,16:32:00,G54_20180624_163200.wav,San Rafael,Area proteccion embalse EPM,6.3586,-74.9896,1101,Forest,0,0,No_rain
18499,G54_20180624_164800,G54,2018/06/24,16:48:00,G54_20180624_164800.wav,San Rafael,Area proteccion embalse EPM,6.3586,-74.9896,1101,Forest,0,0,No_rain
18500,G54_20180624_200000,G54,2018/06/24,20:00:00,G54_20180624_200000.wav,San Rafael,Area proteccion embalse EPM,6.3586,-74.9896,1101,Forest,0,0,No_rain
18501,G54_20180624_201600,G54,2018/06/24,20:16:00,G54_20180624_201600.wav,San Rafael,Area proteccion embalse EPM,6.3586,-74.9896,1101,Forest,0,0,No_rain
18502,G54_20180624_203200,G54,2018/06/24,20:32:00,G54_20180624_203200.wav,San Rafael,Area proteccion embalse EPM,6.3586,-74.9896,1101,Forest,0,0,No_rain
18503,G54_20180624_204800,G54,2018/06/24,20:48:00,G54_20180624_204800.wav,San Rafael,Area proteccion embalse EPM,6.3586,-74.9896,1101,Forest,0,0,No_rain
18504,G54_20180624_210400,G54,2018/06/24,21:04:00,G54_20180624_210400.wav,San Rafael,Area proteccion embalse EPM,6.3586,-74.9896,1101,Forest,0,0,No_rain
18505,G54_20180624_212000,G54,2018/06/24,21:20:00,G54_20180624_212000.wav,San Rafael,Area proteccion embalse EPM,6.3586,-74.9896,1101,Forest,0,0,No_rain
18506,G54_20180624_213600,G54,2018/06/24,21:36:00,G54_20180624_213600.wav,San Rafael,Area proteccion embalse EPM,6.3586,-74.9896,1101,Forest,0,0,No_rain
18507,G54_20180624_215200,G54,2018/06/24,21:52:00,G54_20180624_215200.wav,San Rafael,Area proteccion embalse EPM,6.3586,-74.9896,1101,Forest,0,0,No_rain
18508,G54_20180624_220800,G54,2018/06/24,22:08:00,G54_20180624_220800.wav,San Rafael,Area proteccion embalse EPM,6.3586,-74.9896,1101,Forest,0,0,No_rain
18509,G54_20180624_222400,G54,2018/06/24,22:24:00,G54_20180624_222400.wav,San Rafael,Area proteccion embalse EPM,6.3586,-74.9896,1101,Forest,0,0,No_rain
18510,G54_20180624_224000,G54,2018/06/24,22:40:00,G54_20180624_224000.wav,San Rafael,Area proteccion embalse EPM,6.3586,-74.9896,1101,Forest,0,0,No_rain
18511,G54_20180624_225600,G54,2018/06/24,22:56:00,G54_20180624_225600.wav,San Rafael,Area proteccion embalse EPM,6.3586,-74.9896,1101,Forest,0,0,No_rain
18512,G54_20180624_231200,G54,2018/06/24,23:12:00,G54_20180624_231200.wav,San Rafael,Area proteccion embalse EPM,6.3586,-74.9896,1101,Forest,0,0,No_rain
18513,G54_20180624_232800,G54,2018/06/24,23:28:00,G54_20180624_232800.wav,San Rafael,Area proteccion embalse EPM,6.3586,-74.9896,1101,Forest,0,0,No_rain
18514,G54_20180624_234400,G54,2018/06/24,23:44:00,G54_20180624_234400.wav,San Rafael,Area proteccion embalse EPM,6.3586,-74.9896,1101,Forest,0,0,No_rain
18515,G54_20180625_000000,G54,2018/06/25,00:00:00,G54_20180625_000000.wav,San Rafael,Area proteccion embalse EPM,6.3586,-74.9896,1101,Forest,0,0,No_rain
18516,G54_20180625_001600,G54,2018/06/25,00:16:00,G54_20180625_001600.wav,San Rafael,Area proteccion embalse EPM,6.3586,-74.9896,1101,Forest,0,0,No_rain
18517,G54_20180625_003200,G54,2018/06/25,00:32:00,G54_20180625_003200.wav,San Rafael,Area proteccion embalse EPM,6.3586,-74.9896,1101,Forest,0,0,No_rain
18518,G54_20180625_004800,G54,2018/06/25,00:48:00,G54_20180625_004800.wav,San Rafael,Area proteccion embalse EPM,6.3586,-74.9896,1101,Forest,0,0,No_rain
18519,G54_20180625_010400,G54,2018/06/25,01:04:00,G54_20180625_010400.wav,San Rafael,Area proteccion embalse EPM,6.3586,-74.9896,1101,Forest,0,0,No_rain
18520,G54_20180625_012000,G54,2018/06/25,01:20:00,G54_20180625_012000.wav,San Rafael,Area proteccion embalse EPM,6.3586,-74.9896,1101,Forest,0,0,No_rain
18521,G54_20180625_013600,G54,2018/06/25,01:36:00,G54_20180625_013600.wav,San Rafael,Area proteccion embalse EPM,6.3586,-74.9896,1101,Forest,0,0,No_rain
18522,G54_20180625_015200,G54,2018/06/25,01:52:00,G54_20180625_015200.wav,San Rafael,Area proteccion embalse EPM,6.3586,-74.9896,1101,Forest,0,0,No_rain
18523,G54_20180625_020800,G54,2018/06/25,02:08:00,G54_20180625_020800.wav,San Rafael,Area proteccion embalse EPM,6.3586,-74.9896,1101,Forest,0,0,No_rain
18524,G54_20180625_022400,G54,2018/06/25,02:24:00,G54_20180625_022400.wav,San Rafael,Area proteccion embalse EPM,6.3586,-74.9896,1101,Forest,0,0,No_rain
18525,G54_20180625_024000,G54,2018/06/25,02:40:00,G54_20180625_024000.wav,San Rafael,Area proteccion embalse EPM,6.3586,-74.9896,1101,Forest,0,0,No_rain
18526,G54_20180625_025600,G54,2018/06/25,02:56:00,G54_20180625_025600.wav,San Rafael,Area proteccion embalse EPM,6.3586,-74.9896,1101,Forest,0,0,No_rain
18527,G54_20180625_031200,G54,2018/06/25,03:12:00,G54_20180625_031200.wav,San Rafael,Area proteccion embalse EPM,6.3586,-74.9896,1101,Forest,0,0,No_rain
18528,G54_20180625_032800,G54,2018/06/25,03:28:00,G54_20180625_032800.wav,San Rafael,Area proteccion embalse EPM,6.3586,-74.9896,1101,Forest,0,0,No_rain
18529,G54_20180625_034400,G54,2018/06/25,03:44:00,G54_20180625_034400.wav,San Rafael,Area proteccion embalse EPM,6.3586,-74.9896,1101,Forest,0,0,No_rain
18530,G54_20180625_040000,G54,2018/06/25,04:00:00,G54_20180625_040000.wav,San Rafael,Area proteccion embalse EPM,6.3586,-74.9896,1101,Forest,0,0,No_rain
18531,G54_20180625_041600,G54,2018/06/25,04:16:00,G54_20180625_041600.wav,San Rafael,Area proteccion embalse EPM,6.3586,-74.9896,1101,Forest,0,0,No_rain
18532,G54_20180625_043200,G54,2018/06/25,04:32:00,G54_20180625_043200.wav,San Rafael,Area proteccion embalse EPM,6.3586,-74.9896,1101,Forest,0,0,No_rain
18533,G54_20180625_044800,G54,2018/06/25,04:48:00,G54_20180625_044800.wav,San Rafael,Area proteccion embalse EPM,6.3586,-74.9896,1101,Forest,0,0,No_rain
18534,G54_20180625_080000,G54,2018/06/25,08:00:00,G54_20180625_080000.wav,San Rafael,Area proteccion embalse EPM,6.3586,-74.9896,1101,Forest,0,0,No_rain
18535,G54_20180625_081600,G54,2018/06/25,08:16:00,G54_20180625_081600.wav,San Rafael,Area proteccion embalse EPM,6.3586,-74.9896,1101,Forest,0,0,No_rain
18536,G54_20180625_083200,G54,2018/06/25,08:32:00,G54_20180625_083200.wav,San Rafael,Area proteccion embalse EPM,6.3586,-74.9896,1101,Forest,0,0,No_rain
18537,G54_20180625_084800,G54,2018/06/25,08:48:00,G54_20180625_084800.wav,San Rafael,Area proteccion embalse EPM,6.3586,-74.9896,1101,Forest,0,0,No_rain
18538,G54_20180625_090400,G54,2018/06/25,09:04:00,G54_20180625_090400.wav,San Rafael,Area proteccion embalse EPM,6.3586,-74.9896,1101,Forest,0,0,No_rain
18539,G54_20180625_092000,G54,2018/06/25,09:20:00,G54_20180625_092000.wav,San Rafael,Area proteccion embalse EPM,6.3586,-74.9896,1101,Forest,0,0,No_rain
18540,G54_20180625_093600,G54,2018/06/25,09:36:00,G54_20180625_093600.wav,San Rafael,Area proteccion embalse EPM,6.3586,-74.9896,1101,Forest,0,0,No_rain
18541,G54_20180625_095200,G54,2018/06/25,09:52:00,G54_20180625_095200.wav,San Rafael,Area proteccion embalse EPM,6.3586,-74.9896,1101,Forest,0,0,No_rain
18542,G54_20180625_100800,G54,2018/06/25,10:08:00,G54_20180625_100800.wav,San Rafael,Area proteccion embalse EPM,6.3586,-74.9896,1101,Forest,0,0,No_rain
18543,G54_20180625_102400,G54,2018/06/25,10:24:00,G54_20180625_102400.wav,San Rafael,Area proteccion embalse EPM,6.3586,-74.9896,1101,Forest,0,0,No_rain
18544,G54_20180625_104000,G54,2018/06/25,10:40:00,G54_20180625_104000.wav,San Rafael,Area proteccion embalse EPM,6.3586,-74.9896,1101,Forest,0,0,No_rain
18545,G54_20180625_105600,G54,2018/06/25,10:56:00,G54_20180625_105600.wav,San Rafael,Area proteccion embalse EPM,6.3586,-74.9896,1101,Forest,0,0,No_rain
18546,G54_20180625_111200,G54,2018/06/25,11:12:00,G54_20180625_111200.wav,San Rafael,Area proteccion embalse EPM,6.3586,-74.9896,1101,Forest,0,0,No_rain
18547,G54_20180625_112800,G54,2018/06/25,11:28:00,G54_20180625_112800.wav,San Rafael,Area proteccion embalse EPM,6.3586,-74.9896,1101,Forest,0,0,No_rain
18548,G54_20180625_114400,G54,2018/06/25,11:44:00,G54_20180625_114400.wav,San Rafael,Area proteccion embalse EPM,6.3586,-74.9896,1101,Forest,0,0,No_rain
18549,G54_20180625_120000,G54,2018/06/25,12:00:00,G54_20180625_120000.wav,San Rafael,Area proteccion embalse EPM,6.3586,-74.9896,1101,Forest,0,0,No_rain
18550,G54_20180625_121600,G54,2018/06/25,12:16:00,G54_20180625_121600.wav,San Rafael,Area proteccion embalse EPM,6.3586,-74.9896,1101,Forest,0,0,No_rain
18551,G54_20180625_123200,G54,2018/06/25,12:32:00,G54_20180625_123200.wav,San Rafael,Area proteccion embalse EPM,6.3586,-74.9896,1101,Forest,0,0,No_rain
18552,G54_20180625_124800,G54,2018/06/25,12:48:00,G54_20180625_124800.wav,San Rafael,Area proteccion embalse EPM,6.3586,-74.9896,1101,Forest,0,0,No_rain
18553,G54_20180625_130400,G54,2018/06/25,13:04:00,G54_20180625_130400.wav,San Rafael,Area proteccion embalse EPM,6.3586,-74.9896,1101,Forest,0,0,No_rain
18554,G54_20180625_132000,G54,2018/06/25,13:20:00,G54_20180625_132000.wav,San Rafael,Area proteccion embalse EPM,6.3586,-74.9896,1101,Forest,0,0,No_rain
18555,G54_20180625_133600,G54,2018/06/25,13:36:00,G54_20180625_133600.wav,San Rafael,Area proteccion embalse EPM,6.3586,-74.9896,1101,Forest,0,0,No_rain
18556,G54_20180625_135200,G54,2018/06/25,13:52:00,G54_20180625_135200.wav,San Rafael,Area proteccion embalse EPM,6.3586,-74.9896,1101,Forest,0,0,No_rain
18557,G54_20180625_140800,G54,2018/06/25,14:08:00,G54_20180625_140800.wav,San Rafael,Area proteccion embalse EPM,6.3586,-74.9896,1101,Forest,0,0,No_rain
18558,G54_20180625_142400,G54,2018/06/25,14:24:00,G54_20180625_142400.wav,San Rafael,Area proteccion embalse EPM,6.3586,-74.9896,1101,Forest,0,0,No_rain
18559,G54_20180625_144000,G54,2018/06/25,14:40:00,G54_20180625_144000.wav,San Rafael,Area proteccion embalse EPM,6.3586,-74.9896,1101,Forest,0,0,No_rain
18560,G54_20180625_145600,G54,2018/06/25,14:56:00,G54_20180625_145600.wav,San Rafael,Area proteccion embalse EPM,6.3586,-74.9896,1101,Forest,0,0,No_rain
18561,G54_20180625_151200,G54,2018/06/25,15:12:00,G54_20180625_151200.wav,San Rafael,Area proteccion embalse EPM,6.3586,-74.9896,1101,Forest,0,0,No_rain
18562,G54_20180625_152800,G54,2018/06/25,15:28:00,G54_20180625_152800.wav,San Rafael,Area proteccion embalse EPM,6.3586,-74.9896,1101,Forest,0,0,No_rain
18563,G54_20180625_154400,G54,2018/06/25,15:44:00,G54_20180625_154400.wav,San Rafael,Area proteccion embalse EPM,6.3586,-74.9896,1101,Forest,0,0,No_rain
18564,G54_20180625_160000,G54,2018/06/25,16:00:00,G54_20180625_160000.wav,San Rafael,Area proteccion embalse EPM,6.3586,-74.9896,1101,Forest,0,0,No_rain
18565,G54_20180625_161600,G54,2018/06/25,16:16:00,G54_20180625_161600.wav,San Rafael,Area proteccion embalse EPM,6.3586,-74.9896,1101,Forest,0,0,No_rain
18566,G54_20180625_163200,G54,2018/06/25,16:32:00,G54_20180625_163200.wav,San Rafael,Area proteccion embalse EPM,6.3586,-74.9896,1101,Forest,0,0,No_rain
18567,G54_20180625_164800,G54,2018/06/25,16:48:00,G54_20180625_164800.wav,San Rafael,Area proteccion embalse EPM,6.3586,-74.9896,1101,Forest,0,0,No_rain
18568,G54_20180619_170000,G54,2018/06/19,17:00:00,G54_20180619_170000.wav,San Rafael,Area proteccion embalse EPM,6.3586,-74.9896,1101,Forest,0,0,No_rain
18569,G54_20180619_173000,G54,2018/06/19,17:30:00,G54_20180619_173000.wav,San Rafael,Area proteccion embalse EPM,6.3586,-74.9896,1101,Forest,0,0,No_rain
18570,G54_20180619_171500,G54,2018/06/19,17:15:00,G54_20180619_171500.wav,San Rafael,Area proteccion embalse EPM,6.3586,-74.9896,1101,Forest,0,0,No_rain
18571,G54_20180619_174500,G54,2018/06/19,17:45:00,G54_20180619_174500.wav,San Rafael,Area proteccion embalse EPM,6.3586,-74.9896,1101,Forest,0,0,No_rain
18572,G54_20180619_180000,G54,2018/06/19,18:00:00,G54_20180619_180000.wav,San Rafael,Area proteccion embalse EPM,6.3586,-74.9896,1101,Forest,0,0,No_rain
18573,G54_20180619_181500,G54,2018/06/19,18:15:00,G54_20180619_181500.wav,San Rafael,Area proteccion embalse EPM,6.3586,-74.9896,1101,Forest,0,0,No_rain
18574,G54_20180619_183000,G54,2018/06/19,18:30:00,G54_20180619_183000.wav,San Rafael,Area proteccion embalse EPM,6.3586,-74.9896,1101,Forest,0,0,No_rain
18575,G54_20180619_184500,G54,2018/06/19,18:45:00,G54_20180619_184500.wav,San Rafael,Area proteccion embalse EPM,6.3586,-74.9896,1101,Forest,0,0,No_rain
18576,G54_20180619_191500,G54,2018/06/19,19:15:00,G54_20180619_191500.wav,San Rafael,Area proteccion embalse EPM,6.3586,-74.9896,1101,Forest,0,0,No_rain
18577,G54_20180619_190000,G54,2018/06/19,19:00:00,G54_20180619_190000.wav,San Rafael,Area proteccion embalse EPM,6.3586,-74.9896,1101,Forest,0,0,No_rain
18578,G54_20180619_193000,G54,2018/06/19,19:30:00,G54_20180619_193000.wav,San Rafael,Area proteccion embalse EPM,6.3586,-74.9896,1101,Forest,0,0,No_rain
18579,G54_20180619_194500,G54,2018/06/19,19:45:00,G54_20180619_194500.wav,San Rafael,Area proteccion embalse EPM,6.3586,-74.9896,1101,Forest,0,0,No_rain
18580,G54_20180620_050000,G54,2018/06/20,05:00:00,G54_20180620_050000.wav,San Rafael,Area proteccion embalse EPM,6.3586,-74.9896,1101,Forest,0,0,No_rain
18581,G54_20180620_051500,G54,2018/06/20,05:15:00,G54_20180620_051500.wav,San Rafael,Area proteccion embalse EPM,6.3586,-74.9896,1101,Forest,1,1,Light
18582,G54_20180620_054500,G54,2018/06/20,05:45:00,G54_20180620_054500.wav,San Rafael,Area proteccion embalse EPM,6.3586,-74.9896,1101,Forest,1,2,Moderate
18583,G54_20180620_053000,G54,2018/06/20,05:30:00,G54_20180620_053000.wav,San Rafael,Area proteccion embalse EPM,6.3586,-74.9896,1101,Forest,1,1,Light
18584,G54_20180620_060000,G54,2018/06/20,06:00:00,G54_20180620_060000.wav,San Rafael,Area proteccion embalse EPM,6.3586,-74.9896,1101,Forest,1,2,Moderate
18585,G54_20180620_061500,G54,2018/06/20,06:15:00,G54_20180620_061500.wav,San Rafael,Area proteccion embalse EPM,6.3586,-74.9896,1101,Forest,1,1,Light
18586,G54_20180620_063000,G54,2018/06/20,06:30:00,G54_20180620_063000.wav,San Rafael,Area proteccion embalse EPM,6.3586,-74.9896,1101,Forest,1,1,Light
18587,G54_20180620_070000,G54,2018/06/20,07:00:00,G54_20180620_070000.wav,San Rafael,Area proteccion embalse EPM,6.3586,-74.9896,1101,Forest,1,1,Light
18588,G54_20180620_064500,G54,2018/06/20,06:45:00,G54_20180620_064500.wav,San Rafael,Area proteccion embalse EPM,6.3586,-74.9896,1101,Forest,1,1,Light
18589,G54_20180620_073000,G54,2018/06/20,07:30:00,G54_20180620_073000.wav,San Rafael,Area proteccion embalse EPM,6.3586,-74.9896,1101,Forest,1,1,Light
18590,G54_20180620_071500,G54,2018/06/20,07:15:00,G54_20180620_071500.wav,San Rafael,Area proteccion embalse EPM,6.3586,-74.9896,1101,Forest,1,1,Light
18591,G54_20180620_170000,G54,2018/06/20,17:00:00,G54_20180620_170000.wav,San Rafael,Area proteccion embalse EPM,6.3586,-74.9896,1101,Forest,0,0,No_rain
18592,G54_20180620_074500,G54,2018/06/20,07:45:00,G54_20180620_074500.wav,San Rafael,Area proteccion embalse EPM,6.3586,-74.9896,1101,Forest,0,0,No_rain
18593,G54_20180620_173000,G54,2018/06/20,17:30:00,G54_20180620_173000.wav,San Rafael,Area proteccion embalse EPM,6.3586,-74.9896,1101,Forest,0,0,No_rain
18594,G54_20180620_171500,G54,2018/06/20,17:15:00,G54_20180620_171500.wav,San Rafael,Area proteccion embalse EPM,6.3586,-74.9896,1101,Forest,0,0,No_rain
18595,G54_20180620_180000,G54,2018/06/20,18:00:00,G54_20180620_180000.wav,San Rafael,Area proteccion embalse EPM,6.3586,-74.9896,1101,Forest,0,0,No_rain
18596,G54_20180620_174500,G54,2018/06/20,17:45:00,G54_20180620_174500.wav,San Rafael,Area proteccion embalse EPM,6.3586,-74.9896,1101,Forest,0,0,No_rain
18597,G54_20180620_181500,G54,2018/06/20,18:15:00,G54_20180620_181500.wav,San Rafael,Area proteccion embalse EPM,6.3586,-74.9896,1101,Forest,0,0,No_rain
18598,G54_20180620_183000,G54,2018/06/20,18:30:00,G54_20180620_183000.wav,San Rafael,Area proteccion embalse EPM,6.3586,-74.9896,1101,Forest,0,0,No_rain
18599,G54_20180620_184500,G54,2018/06/20,18:45:00,G54_20180620_184500.wav,San Rafael,Area proteccion embalse EPM,6.3586,-74.9896,1101,Forest,0,0,No_rain
18600,G54_20180620_190000,G54,2018/06/20,19:00:00,G54_20180620_190000.wav,San Rafael,Area proteccion embalse EPM,6.3586,-74.9896,1101,Forest,0,0,No_rain
18601,G54_20180620_191500,G54,2018/06/20,19:15:00,G54_20180620_191500.wav,San Rafael,Area proteccion embalse EPM,6.3586,-74.9896,1101,Forest,0,0,No_rain
18602,G54_20180620_193000,G54,2018/06/20,19:30:00,G54_20180620_193000.wav,San Rafael,Area proteccion embalse EPM,6.3586,-74.9896,1101,Forest,0,0,No_rain
18603,G54_20180620_194500,G54,2018/06/20,19:45:00,G54_20180620_194500.wav,San Rafael,Area proteccion embalse EPM,6.3586,-74.9896,1101,Forest,0,0,No_rain
18604,G54_20180621_051500,G54,2018/06/21,05:15:00,G54_20180621_051500.wav,San Rafael,Area proteccion embalse EPM,6.3586,-74.9896,1101,Forest,0,0,No_rain
18605,G54_20180621_050000,G54,2018/06/21,05:00:00,G54_20180621_050000.wav,San Rafael,Area proteccion embalse EPM,6.3586,-74.9896,1101,Forest,0,0,No_rain
18606,G54_20180621_053000,G54,2018/06/21,05:30:00,G54_20180621_053000.wav,San Rafael,Area proteccion embalse EPM,6.3586,-74.9896,1101,Forest,0,0,No_rain
18607,G54_20180621_054500,G54,2018/06/21,05:45:00,G54_20180621_054500.wav,San Rafael,Area proteccion embalse EPM,6.3586,-74.9896,1101,Forest,0,0,No_rain
18608,G54_20180621_060000,G54,2018/06/21,06:00:00,G54_20180621_060000.wav,San Rafael,Area proteccion embalse EPM,6.3586,-74.9896,1101,Forest,0,0,No_rain
18609,G54_20180621_061500,G54,2018/06/21,06:15:00,G54_20180621_061500.wav,San Rafael,Area proteccion embalse EPM,6.3586,-74.9896,1101,Forest,0,0,No_rain
18610,G54_20180621_063000,G54,2018/06/21,06:30:00,G54_20180621_063000.wav,San Rafael,Area proteccion embalse EPM,6.3586,-74.9896,1101,Forest,0,0,No_rain
18611,G54_20180621_070000,G54,2018/06/21,07:00:00,G54_20180621_070000.wav,San Rafael,Area proteccion embalse EPM,6.3586,-74.9896,1101,Forest,0,0,No_rain
18612,G54_20180621_064500,G54,2018/06/21,06:45:00,G54_20180621_064500.wav,San Rafael,Area proteccion embalse EPM,6.3586,-74.9896,1101,Forest,0,0,No_rain
18613,G54_20180621_071500,G54,2018/06/21,07:15:00,G54_20180621_071500.wav,San Rafael,Area proteccion embalse EPM,6.3586,-74.9896,1101,Forest,0,0,No_rain
18614,G54_20180621_073000,G54,2018/06/21,07:30:00,G54_20180621_073000.wav,San Rafael,Area proteccion embalse EPM,6.3586,-74.9896,1101,Forest,0,0,No_rain
18615,G54_20180621_170000,G54,2018/06/21,17:00:00,G54_20180621_170000.wav,San Rafael,Area proteccion embalse EPM,6.3586,-74.9896,1101,Forest,0,0,No_rain
18616,G54_20180621_074500,G54,2018/06/21,07:45:00,G54_20180621_074500.wav,San Rafael,Area proteccion embalse EPM,6.3586,-74.9896,1101,Forest,0,0,No_rain
18617,G54_20180621_173000,G54,2018/06/21,17:30:00,G54_20180621_173000.wav,San Rafael,Area proteccion embalse EPM,6.3586,-74.9896,1101,Forest,0,0,No_rain
18618,G54_20180621_171500,G54,2018/06/21,17:15:00,G54_20180621_171500.wav,San Rafael,Area proteccion embalse EPM,6.3586,-74.9896,1101,Forest,0,0,No_rain
18619,G54_20180621_180000,G54,2018/06/21,18:00:00,G54_20180621_180000.wav,San Rafael,Area proteccion embalse EPM,6.3586,-74.9896,1101,Forest,0,0,No_rain
18620,G54_20180621_174500,G54,2018/06/21,17:45:00,G54_20180621_174500.wav,San Rafael,Area proteccion embalse EPM,6.3586,-74.9896,1101,Forest,0,0,No_rain
18621,G54_20180621_183000,G54,2018/06/21,18:30:00,G54_20180621_183000.wav,San Rafael,Area proteccion embalse EPM,6.3586,-74.9896,1101,Forest,0,0,No_rain
18622,G54_20180621_181500,G54,2018/06/21,18:15:00,G54_20180621_181500.wav,San Rafael,Area proteccion embalse EPM,6.3586,-74.9896,1101,Forest,0,0,No_rain
18623,G54_20180621_184500,G54,2018/06/21,18:45:00,G54_20180621_184500.wav,San Rafael,Area proteccion embalse EPM,6.3586,-74.9896,1101,Forest,0,0,No_rain
18624,G54_20180621_191500,G54,2018/06/21,19:15:00,G54_20180621_191500.wav,San Rafael,Area proteccion embalse EPM,6.3586,-74.9896,1101,Forest,0,0,No_rain
18625,G54_20180621_190000,G54,2018/06/21,19:00:00,G54_20180621_190000.wav,San Rafael,Area proteccion embalse EPM,6.3586,-74.9896,1101,Forest,0,0,No_rain
18626,G54_20180621_194500,G54,2018/06/21,19:45:00,G54_20180621_194500.wav,San Rafael,Area proteccion embalse EPM,6.3586,-74.9896,1101,Forest,0,0,No_rain
18627,G54_20180621_193000,G54,2018/06/21,19:30:00,G54_20180621_193000.wav,San Rafael,Area proteccion embalse EPM,6.3586,-74.9896,1101,Forest,0,0,No_rain
18628,G54_20180622_050000,G54,2018/06/22,05:00:00,G54_20180622_050000.wav,San Rafael,Area proteccion embalse EPM,6.3586,-74.9896,1101,Forest,1,1,Light
18629,G54_20180622_051500,G54,2018/06/22,05:15:00,G54_20180622_051500.wav,San Rafael,Area proteccion embalse EPM,6.3586,-74.9896,1101,Forest,1,1,Light
18630,G54_20180622_053000,G54,2018/06/22,05:30:00,G54_20180622_053000.wav,San Rafael,Area proteccion embalse EPM,6.3586,-74.9896,1101,Forest,1,1,Light
18631,G54_20180622_054500,G54,2018/06/22,05:45:00,G54_20180622_054500.wav,San Rafael,Area proteccion embalse EPM,6.3586,-74.9896,1101,Forest,1,1,Light
18632,G54_20180622_060000,G54,2018/06/22,06:00:00,G54_20180622_060000.wav,San Rafael,Area proteccion embalse EPM,6.3586,-74.9896,1101,Forest,1,1,Light
18633,G54_20180622_061500,G54,2018/06/22,06:15:00,G54_20180622_061500.wav,San Rafael,Area proteccion embalse EPM,6.3586,-74.9896,1101,Forest,1,1,Light
18634,G54_20180622_063000,G54,2018/06/22,06:30:00,G54_20180622_063000.wav,San Rafael,Area proteccion embalse EPM,6.3586,-74.9896,1101,Forest,0,0,No_rain
18635,G54_20180622_064500,G54,2018/06/22,06:45:00,G54_20180622_064500.wav,San Rafael,Area proteccion embalse EPM,6.3586,-74.9896,1101,Forest,0,0,No_rain
18636,G54_20180622_071500,G54,2018/06/22,07:15:00,G54_20180622_071500.wav,San Rafael,Area proteccion embalse EPM,6.3586,-74.9896,1101,Forest,0,0,No_rain
18637,G54_20180622_070000,G54,2018/06/22,07:00:00,G54_20180622_070000.wav,San Rafael,Area proteccion embalse EPM,6.3586,-74.9896,1101,Forest,0,0,No_rain
18638,G54_20180622_073000,G54,2018/06/22,07:30:00,G54_20180622_073000.wav,San Rafael,Area proteccion embalse EPM,6.3586,-74.9896,1101,Forest,0,0,No_rain
18639,G54_20180622_074500,G54,2018/06/22,07:45:00,G54_20180622_074500.wav,San Rafael,Area proteccion embalse EPM,6.3586,-74.9896,1101,Forest,0,0,No_rain
18640,G54_20180622_170000,G54,2018/06/22,17:00:00,G54_20180622_170000.wav,San Rafael,Area proteccion embalse EPM,6.3586,-74.9896,1101,Forest,0,0,No_rain
18641,G54_20180622_171500,G54,2018/06/22,17:15:00,G54_20180622_171500.wav,San Rafael,Area proteccion embalse EPM,6.3586,-74.9896,1101,Forest,0,0,No_rain
18642,G54_20180622_173000,G54,2018/06/22,17:30:00,G54_20180622_173000.wav,San Rafael,Area proteccion embalse EPM,6.3586,-74.9896,1101,Forest,0,0,No_rain
18643,G54_20180622_180000,G54,2018/06/22,18:00:00,G54_20180622_180000.wav,San Rafael,Area proteccion embalse EPM,6.3586,-74.9896,1101,Forest,0,0,No_rain
18644,G54_20180622_174500,G54,2018/06/22,17:45:00,G54_20180622_174500.wav,San Rafael,Area proteccion embalse EPM,6.3586,-74.9896,1101,Forest,0,0,No_rain
18645,G54_20180622_183000,G54,2018/06/22,18:30:00,G54_20180622_183000.wav,San Rafael,Area proteccion embalse EPM,6.3586,-74.9896,1101,Forest,0,0,No_rain
18646,G54_20180622_181500,G54,2018/06/22,18:15:00,G54_20180622_181500.wav,San Rafael,Area proteccion embalse EPM,6.3586,-74.9896,1101,Forest,0,0,No_rain
18647,G54_20180622_184500,G54,2018/06/22,18:45:00,G54_20180622_184500.wav,San Rafael,Area proteccion embalse EPM,6.3586,-74.9896,1101,Forest,0,0,No_rain
18648,G54_20180622_190000,G54,2018/06/22,19:00:00,G54_20180622_190000.wav,San Rafael,Area proteccion embalse EPM,6.3586,-74.9896,1101,Forest,0,0,No_rain
18649,G54_20180622_191500,G54,2018/06/22,19:15:00,G54_20180622_191500.wav,San Rafael,Area proteccion embalse EPM,6.3586,-74.9896,1101,Forest,0,0,No_rain
18650,G54_20180622_194500,G54,2018/06/22,19:45:00,G54_20180622_194500.wav,San Rafael,Area proteccion embalse EPM,6.3586,-74.9896,1101,Forest,0,0,No_rain
18651,G54_20180622_193000,G54,2018/06/22,19:30:00,G54_20180622_193000.wav,San Rafael,Area proteccion embalse EPM,6.3586,-74.9896,1101,Forest,0,0,No_rain
18652,G54_20180623_051500,G54,2018/06/23,05:15:00,G54_20180623_051500.wav,San Rafael,Area proteccion embalse EPM,6.3586,-74.9896,1101,Forest,0,0,No_rain
18653,G54_20180623_050000,G54,2018/06/23,05:00:00,G54_20180623_050000.wav,San Rafael,Area proteccion embalse EPM,6.3586,-74.9896,1101,Forest,0,0,No_rain
18654,G54_20180623_054500,G54,2018/06/23,05:45:00,G54_20180623_054500.wav,San Rafael,Area proteccion embalse EPM,6.3586,-74.9896,1101,Forest,0,0,No_rain
18655,G54_20180623_053000,G54,2018/06/23,05:30:00,G54_20180623_053000.wav,San Rafael,Area proteccion embalse EPM,6.3586,-74.9896,1101,Forest,0,0,No_rain
18656,G54_20180623_061500,G54,2018/06/23,06:15:00,G54_20180623_061500.wav,San Rafael,Area proteccion embalse EPM,6.3586,-74.9896,1101,Forest,0,0,No_rain
18657,G54_20180623_060000,G54,2018/06/23,06:00:00,G54_20180623_060000.wav,San Rafael,Area proteccion embalse EPM,6.3586,-74.9896,1101,Forest,0,0,No_rain
18658,G54_20180623_064500,G54,2018/06/23,06:45:00,G54_20180623_064500.wav,San Rafael,Area proteccion embalse EPM,6.3586,-74.9896,1101,Forest,0,0,No_rain
18659,G54_20180623_063000,G54,2018/06/23,06:30:00,G54_20180623_063000.wav,San Rafael,Area proteccion embalse EPM,6.3586,-74.9896,1101,Forest,0,0,No_rain
18660,G54_20180623_071500,G54,2018/06/23,07:15:00,G54_20180623_071500.wav,San Rafael,Area proteccion embalse EPM,6.3586,-74.9896,1101,Forest,0,0,No_rain
18661,G54_20180623_070000,G54,2018/06/23,07:00:00,G54_20180623_070000.wav,San Rafael,Area proteccion embalse EPM,6.3586,-74.9896,1101,Forest,0,0,No_rain
18662,G54_20180623_073000,G54,2018/06/23,07:30:00,G54_20180623_073000.wav,San Rafael,Area proteccion embalse EPM,6.3586,-74.9896,1101,Forest,0,0,No_rain
18663,G54_20180623_074500,G54,2018/06/23,07:45:00,G54_20180623_074500.wav,San Rafael,Area proteccion embalse EPM,6.3586,-74.9896,1101,Forest,0,0,No_rain
18664,G54_20180623_170000,G54,2018/06/23,17:00:00,G54_20180623_170000.wav,San Rafael,Area proteccion embalse EPM,6.3586,-74.9896,1101,Forest,0,0,No_rain
18665,G54_20180623_171500,G54,2018/06/23,17:15:00,G54_20180623_171500.wav,San Rafael,Area proteccion embalse EPM,6.3586,-74.9896,1101,Forest,0,0,No_rain
18666,G54_20180623_173000,G54,2018/06/23,17:30:00,G54_20180623_173000.wav,San Rafael,Area proteccion embalse EPM,6.3586,-74.9896,1101,Forest,0,0,No_rain
18667,G54_20180623_180000,G54,2018/06/23,18:00:00,G54_20180623_180000.wav,San Rafael,Area proteccion embalse EPM,6.3586,-74.9896,1101,Forest,0,0,No_rain
18668,G54_20180623_174500,G54,2018/06/23,17:45:00,G54_20180623_174500.wav,San Rafael,Area proteccion embalse EPM,6.3586,-74.9896,1101,Forest,0,0,No_rain
18669,G54_20180623_181500,G54,2018/06/23,18:15:00,G54_20180623_181500.wav,San Rafael,Area proteccion embalse EPM,6.3586,-74.9896,1101,Forest,0,0,No_rain
18670,G54_20180623_183000,G54,2018/06/23,18:30:00,G54_20180623_183000.wav,San Rafael,Area proteccion embalse EPM,6.3586,-74.9896,1101,Forest,0,0,No_rain
18671,G54_20180623_190000,G54,2018/06/23,19:00:00,G54_20180623_190000.wav,San Rafael,Area proteccion embalse EPM,6.3586,-74.9896,1101,Forest,0,0,No_rain
18672,G54_20180623_184500,G54,2018/06/23,18:45:00,G54_20180623_184500.wav,San Rafael,Area proteccion embalse EPM,6.3586,-74.9896,1101,Forest,0,0,No_rain
18673,G54_20180623_191500,G54,2018/06/23,19:15:00,G54_20180623_191500.wav,San Rafael,Area proteccion embalse EPM,6.3586,-74.9896,1101,Forest,0,0,No_rain
18674,G54_20180623_193000,G54,2018/06/23,19:30:00,G54_20180623_193000.wav,San Rafael,Area proteccion embalse EPM,6.3586,-74.9896,1101,Forest,0,0,No_rain
18675,G54_20180623_194500,G54,2018/06/23,19:45:00,G54_20180623_194500.wav,San Rafael,Area proteccion embalse EPM,6.3586,-74.9896,1101,Forest,0,0,No_rain
18676,G54_20180624_050000,G54,2018/06/24,05:00:00,G54_20180624_050000.wav,San Rafael,Area proteccion embalse EPM,6.3586,-74.9896,1101,Forest,1,1,Light
18677,G54_20180624_051500,G54,2018/06/24,05:15:00,G54_20180624_051500.wav,San Rafael,Area proteccion embalse EPM,6.3586,-74.9896,1101,Forest,1,1,Light
18678,G54_20180624_053000,G54,2018/06/24,05:30:00,G54_20180624_053000.wav,San Rafael,Area proteccion embalse EPM,6.3586,-74.9896,1101,Forest,1,1,Light
18679,G54_20180624_054500,G54,2018/06/24,05:45:00,G54_20180624_054500.wav,San Rafael,Area proteccion embalse EPM,6.3586,-74.9896,1101,Forest,1,1,Light
18680,G54_20180624_061500,G54,2018/06/24,06:15:00,G54_20180624_061500.wav,San Rafael,Area proteccion embalse EPM,6.3586,-74.9896,1101,Forest,0,0,No_rain
18681,G54_20180624_060000,G54,2018/06/24,06:00:00,G54_20180624_060000.wav,San Rafael,Area proteccion embalse EPM,6.3586,-74.9896,1101,Forest,0,0,No_rain
18682,G54_20180624_063000,G54,2018/06/24,06:30:00,G54_20180624_063000.wav,San Rafael,Area proteccion embalse EPM,6.3586,-74.9896,1101,Forest,0,0,No_rain
18683,G54_20180624_064500,G54,2018/06/24,06:45:00,G54_20180624_064500.wav,San Rafael,Area proteccion embalse EPM,6.3586,-74.9896,1101,Forest,0,0,No_rain
18684,G54_20180624_070000,G54,2018/06/24,07:00:00,G54_20180624_070000.wav,San Rafael,Area proteccion embalse EPM,6.3586,-74.9896,1101,Forest,0,0,No_rain
18685,G54_20180624_071500,G54,2018/06/24,07:15:00,G54_20180624_071500.wav,San Rafael,Area proteccion embalse EPM,6.3586,-74.9896,1101,Forest,0,0,No_rain
18686,G54_20180624_074500,G54,2018/06/24,07:45:00,G54_20180624_074500.wav,San Rafael,Area proteccion embalse EPM,6.3586,-74.9896,1101,Forest,0,0,No_rain
18687,G54_20180624_073000,G54,2018/06/24,07:30:00,G54_20180624_073000.wav,San Rafael,Area proteccion embalse EPM,6.3586,-74.9896,1101,Forest,0,0,No_rain
18688,G54_20180624_171500,G54,2018/06/24,17:15:00,G54_20180624_171500.wav,San Rafael,Area proteccion embalse EPM,6.3586,-74.9896,1101,Forest,0,0,No_rain
18689,G54_20180624_170000,G54,2018/06/24,17:00:00,G54_20180624_170000.wav,San Rafael,Area proteccion embalse EPM,6.3586,-74.9896,1101,Forest,0,0,No_rain
18690,G54_20180624_174500,G54,2018/06/24,17:45:00,G54_20180624_174500.wav,San Rafael,Area proteccion embalse EPM,6.3586,-74.9896,1101,Forest,0,0,No_rain
18691,G54_20180624_173000,G54,2018/06/24,17:30:00,G54_20180624_173000.wav,San Rafael,Area proteccion embalse EPM,6.3586,-74.9896,1101,Forest,0,0,No_rain
18692,G54_20180624_180000,G54,2018/06/24,18:00:00,G54_20180624_180000.wav,San Rafael,Area proteccion embalse EPM,6.3586,-74.9896,1101,Forest,0,0,No_rain
18693,G54_20180624_181500,G54,2018/06/24,18:15:00,G54_20180624_181500.wav,San Rafael,Area proteccion embalse EPM,6.3586,-74.9896,1101,Forest,0,0,No_rain
18694,G54_20180624_183000,G54,2018/06/24,18:30:00,G54_20180624_183000.wav,San Rafael,Area proteccion embalse EPM,6.3586,-74.9896,1101,Forest,0,0,No_rain
18695,G54_20180624_184500,G54,2018/06/24,18:45:00,G54_20180624_184500.wav,San Rafael,Area proteccion embalse EPM,6.3586,-74.9896,1101,Forest,0,0,No_rain
18696,G54_20180624_190000,G54,2018/06/24,19:00:00,G54_20180624_190000.wav,San Rafael,Area proteccion embalse EPM,6.3586,-74.9896,1101,Forest,0,0,No_rain
18697,G54_20180624_191500,G54,2018/06/24,19:15:00,G54_20180624_191500.wav,San Rafael,Area proteccion embalse EPM,6.3586,-74.9896,1101,Forest,0,0,No_rain
18698,G54_20180624_193000,G54,2018/06/24,19:30:00,G54_20180624_193000.wav,San Rafael,Area proteccion embalse EPM,6.3586,-74.9896,1101,Forest,0,0,No_rain
18699,G54_20180624_194500,G54,2018/06/24,19:45:00,G54_20180624_194500.wav,San Rafael,Area proteccion embalse EPM,6.3586,-74.9896,1101,Forest,0,0,No_rain
18700,G54_20180625_050000,G54,2018/06/25,05:00:00,G54_20180625_050000.wav,San Rafael,Area proteccion embalse EPM,6.3586,-74.9896,1101,Forest,0,0,No_rain
18701,G54_20180625_051500,G54,2018/06/25,05:15:00,G54_20180625_051500.wav,San Rafael,Area proteccion embalse EPM,6.3586,-74.9896,1101,Forest,0,0,No_rain
18702,G54_20180625_053000,G54,2018/06/25,05:30:00,G54_20180625_053000.wav,San Rafael,Area proteccion embalse EPM,6.3586,-74.9896,1101,Forest,0,0,No_rain
18703,G54_20180625_054500,G54,2018/06/25,05:45:00,G54_20180625_054500.wav,San Rafael,Area proteccion embalse EPM,6.3586,-74.9896,1101,Forest,0,0,No_rain
18704,G54_20180625_060000,G54,2018/06/25,06:00:00,G54_20180625_060000.wav,San Rafael,Area proteccion embalse EPM,6.3586,-74.9896,1101,Forest,0,0,No_rain
18705,G54_20180625_061500,G54,2018/06/25,06:15:00,G54_20180625_061500.wav,San Rafael,Area proteccion embalse EPM,6.3586,-74.9896,1101,Forest,0,0,No_rain
18706,G54_20180625_064500,G54,2018/06/25,06:45:00,G54_20180625_064500.wav,San Rafael,Area proteccion embalse EPM,6.3586,-74.9896,1101,Forest,0,0,No_rain
18707,G54_20180625_063000,G54,2018/06/25,06:30:00,G54_20180625_063000.wav,San Rafael,Area proteccion embalse EPM,6.3586,-74.9896,1101,Forest,0,0,No_rain
18708,G54_20180625_071500,G54,2018/06/25,07:15:00,G54_20180625_071500.wav,San Rafael,Area proteccion embalse EPM,6.3586,-74.9896,1101,Forest,0,0,No_rain
18709,G54_20180625_070000,G54,2018/06/25,07:00:00,G54_20180625_070000.wav,San Rafael,Area proteccion embalse EPM,6.3586,-74.9896,1101,Forest,0,0,No_rain
18710,G54_20180625_074500,G54,2018/06/25,07:45:00,G54_20180625_074500.wav,San Rafael,Area proteccion embalse EPM,6.3586,-74.9896,1101,Forest,0,0,No_rain
18711,G54_20180625_073000,G54,2018/06/25,07:30:00,G54_20180625_073000.wav,San Rafael,Area proteccion embalse EPM,6.3586,-74.9896,1101,Forest,0,0,No_rain
