,Recording,Recorder,Date,Time,Filename,Municipio,Vereda,Latitud,Longitud,Elevacion,Habitat,Rain_occurrence,Rain_Intesity,Intensity_Category
18712,G57_20180618_151200,G57,2018/06/18,15:12:00,G57_20180618_151200.wav,San Rafael,Area proteccion embalse EPM,6.3579,-74.9651,1308,Forest,0,0,No_rain
18713,G57_20180618_152800,G57,2018/06/18,15:28:00,G57_20180618_152800.wav,San Rafael,Area proteccion embalse EPM,6.3579,-74.9651,1308,Forest,0,0,No_rain
18714,G57_20180618_154400,G57,2018/06/18,15:44:00,G57_20180618_154400.wav,San Rafael,Area proteccion embalse EPM,6.3579,-74.9651,1308,Forest,0,0,No_rain
18715,G57_20180618_160000,G57,2018/06/18,16:00:00,G57_20180618_160000.wav,San Rafael,Area proteccion embalse EPM,6.3579,-74.9651,1308,Forest,0,0,No_rain
18716,G57_20180618_161600,G57,2018/06/18,16:16:00,G57_20180618_161600.wav,San Rafael,Area proteccion embalse EPM,6.3579,-74.9651,1308,Forest,0,0,No_rain
18717,G57_20180618_163200,G57,2018/06/18,16:32:00,G57_20180618_163200.wav,San Rafael,Area proteccion embalse EPM,6.3579,-74.9651,1308,Forest,0,0,No_rain
18718,G57_20180618_164800,G57,2018/06/18,16:48:00,G57_20180618_164800.wav,San Rafael,Area proteccion embalse EPM,6.3579,-74.9651,1308,Forest,0,0,No_rain
18719,G57_20180618_200000,G57,2018/06/18,20:00:00,G57_20180618_200000.wav,San Rafael,Area proteccion embalse EPM,6.3579,-74.9651,1308,Forest,1,2,Moderate
18720,G57_20180618_201600,G57,2018/06/18,20:16:00,G57_20180618_201600.wav,San Rafael,Area proteccion embalse EPM,6.3579,-74.9651,1308,Forest,1,1,Light
18721,G57_20180618_203200,G57,2018/06/18,20:32:00,G57_20180618_203200.wav,San Rafael,Area proteccion embalse EPM,6.3579,-74.9651,1308,Forest,1,1,Light
18722,G57_20180618_204800,G57,2018/06/18,20:48:00,G57_20180618_204800.wav,San Rafael,Area proteccion embalse EPM,6.3579,-74.9651,1308,Forest,0,0,No_rain
18723,G57_20180618_210400,G57,2018/06/18,21:04:00,G57_20180618_210400.wav,San Rafael,Area proteccion embalse EPM,6.3579,-74.9651,1308,Forest,0,0,No_rain
18724,G57_20180618_212000,G57,2018/06/18,21:20:00,G57_20180618_212000.wav,San Rafael,Area proteccion embalse EPM,6.3579,-74.9651,1308,Forest,0,0,No_rain
18725,G57_20180618_213600,G57,2018/06/18,21:36:00,G57_20180618_213600.wav,San Rafael,Area proteccion embalse EPM,6.3579,-74.9651,1308,Forest,0,0,No_rain
18726,G57_20180618_215200,G57,2018/06/18,21:52:00,G57_20180618_215200.wav,San Rafael,Area proteccion embalse EPM,6.3579,-74.9651,1308,Forest,0,0,No_rain
18727,G57_20180618_220800,G57,2018/06/18,22:08:00,G57_20180618_220800.wav,San Rafael,Area proteccion embalse EPM,6.3579,-74.9651,1308,Forest,0,0,No_rain
18728,G57_20180618_222400,G57,2018/06/18,22:24:00,G57_20180618_222400.wav,San Rafael,Area proteccion embalse EPM,6.3579,-74.9651,1308,Forest,0,0,No_rain
18729,G57_20180618_224000,G57,2018/06/18,22:40:00,G57_20180618_224000.wav,San Rafael,Area proteccion embalse EPM,6.3579,-74.9651,1308,Forest,0,0,No_rain
18730,G57_20180618_225600,G57,2018/06/18,22:56:00,G57_20180618_225600.wav,San Rafael,Area proteccion embalse EPM,6.3579,-74.9651,1308,Forest,0,0,No_rain
18731,G57_20180618_231200,G57,2018/06/18,23:12:00,G57_20180618_231200.wav,San Rafael,Area proteccion embalse EPM,6.3579,-74.9651,1308,Forest,0,0,No_rain
18732,G57_20180618_232800,G57,2018/06/18,23:28:00,G57_20180618_232800.wav,San Rafael,Area proteccion embalse EPM,6.3579,-74.9651,1308,Forest,0,0,No_rain
18733,G57_20180618_234400,G57,2018/06/18,23:44:00,G57_20180618_234400.wav,San Rafael,Area proteccion embalse EPM,6.3579,-74.9651,1308,Forest,0,0,No_rain
18734,G57_20180619_000000,G57,2018/06/19,00:00:00,G57_20180619_000000.wav,San Rafael,Area proteccion embalse EPM,6.3579,-74.9651,1308,Forest,0,0,No_rain
18735,G57_20180619_001600,G57,2018/06/19,00:16:00,G57_20180619_001600.wav,San Rafael,Area proteccion embalse EPM,6.3579,-74.9651,1308,Forest,0,0,No_rain
18736,G57_20180619_003200,G57,2018/06/19,00:32:00,G57_20180619_003200.wav,San Rafael,Area proteccion embalse EPM,6.3579,-74.9651,1308,Forest,0,0,No_rain
18737,G57_20180619_004800,G57,2018/06/19,00:48:00,G57_20180619_004800.wav,San Rafael,Area proteccion embalse EPM,6.3579,-74.9651,1308,Forest,0,0,No_rain
18738,G57_20180619_010400,G57,2018/06/19,01:04:00,G57_20180619_010400.wav,San Rafael,Area proteccion embalse EPM,6.3579,-74.9651,1308,Forest,0,0,No_rain
18739,G57_20180619_012000,G57,2018/06/19,01:20:00,G57_20180619_012000.wav,San Rafael,Area proteccion embalse EPM,6.3579,-74.9651,1308,Forest,0,0,No_rain
18740,G57_20180619_013600,G57,2018/06/19,01:36:00,G57_20180619_013600.wav,San Rafael,Area proteccion embalse EPM,6.3579,-74.9651,1308,Forest,0,0,No_rain
18741,G57_20180619_015200,G57,2018/06/19,01:52:00,G57_20180619_015200.wav,San Rafael,Area proteccion embalse EPM,6.3579,-74.9651,1308,Forest,0,0,No_rain
18742,G57_20180619_020800,G57,2018/06/19,02:08:00,G57_20180619_020800.wav,San Rafael,Area proteccion embalse EPM,6.3579,-74.9651,1308,Forest,0,0,No_rain
18743,G57_20180619_022400,G57,2018/06/19,02:24:00,G57_20180619_022400.wav,San Rafael,Area proteccion embalse EPM,6.3579,-74.9651,1308,Forest,0,0,No_rain
18744,G57_20180619_024000,G57,2018/06/19,02:40:00,G57_20180619_024000.wav,San Rafael,Area proteccion embalse EPM,6.3579,-74.9651,1308,Forest,0,0,No_rain
18745,G57_20180619_025600,G57,2018/06/19,02:56:00,G57_20180619_025600.wav,San Rafael,Area proteccion embalse EPM,6.3579,-74.9651,1308,Forest,0,0,No_rain
18746,G57_20180619_031200,G57,2018/06/19,03:12:00,G57_20180619_031200.wav,San Rafael,Area proteccion embalse EPM,6.3579,-74.9651,1308,Forest,0,0,No_rain
18747,G57_20180619_032800,G57,2018/06/19,03:28:00,G57_20180619_032800.wav,San Rafael,Area proteccion embalse EPM,6.3579,-74.9651,1308,Forest,0,0,No_rain
18748,G57_20180619_034400,G57,2018/06/19,03:44:00,G57_20180619_034400.wav,San Rafael,Area proteccion embalse EPM,6.3579,-74.9651,1308,Forest,0,0,No_rain
18749,G57_20180619_040000,G57,2018/06/19,04:00:00,G57_20180619_040000.wav,San Rafael,Area proteccion embalse EPM,6.3579,-74.9651,1308,Forest,0,0,No_rain
18750,G57_20180619_041600,G57,2018/06/19,04:16:00,G57_20180619_041600.wav,San Rafael,Area proteccion embalse EPM,6.3579,-74.9651,1308,Forest,0,0,No_rain
18751,G57_20180619_043200,G57,2018/06/19,04:32:00,G57_20180619_043200.wav,San Rafael,Area proteccion embalse EPM,6.3579,-74.9651,1308,Forest,0,0,No_rain
18752,G57_20180619_044800,G57,2018/06/19,04:48:00,G57_20180619_044800.wav,San Rafael,Area proteccion embalse EPM,6.3579,-74.9651,1308,Forest,0,0,No_rain
18753,G57_20180619_080000,G57,2018/06/19,08:00:00,G57_20180619_080000.wav,San Rafael,Area proteccion embalse EPM,6.3579,-74.9651,1308,Forest,0,0,No_rain
18754,G57_20180619_081600,G57,2018/06/19,08:16:00,G57_20180619_081600.wav,San Rafael,Area proteccion embalse EPM,6.3579,-74.9651,1308,Forest,0,0,No_rain
18755,G57_20180619_083200,G57,2018/06/19,08:32:00,G57_20180619_083200.wav,San Rafael,Area proteccion embalse EPM,6.3579,-74.9651,1308,Forest,0,0,No_rain
18756,G57_20180619_084800,G57,2018/06/19,08:48:00,G57_20180619_084800.wav,San Rafael,Area proteccion embalse EPM,6.3579,-74.9651,1308,Forest,0,0,No_rain
18757,G57_20180619_090400,G57,2018/06/19,09:04:00,G57_20180619_090400.wav,San Rafael,Area proteccion embalse EPM,6.3579,-74.9651,1308,Forest,0,0,No_rain
18758,G57_20180619_092000,G57,2018/06/19,09:20:00,G57_20180619_092000.wav,San Rafael,Area proteccion embalse EPM,6.3579,-74.9651,1308,Forest,0,0,No_rain
18759,G57_20180619_093600,G57,2018/06/19,09:36:00,G57_20180619_093600.wav,San Rafael,Area proteccion embalse EPM,6.3579,-74.9651,1308,Forest,0,0,No_rain
18760,G57_20180619_095200,G57,2018/06/19,09:52:00,G57_20180619_095200.wav,San Rafael,Area proteccion embalse EPM,6.3579,-74.9651,1308,Forest,0,0,No_rain
18761,G57_20180619_100800,G57,2018/06/19,10:08:00,G57_20180619_100800.wav,San Rafael,Area proteccion embalse EPM,6.3579,-74.9651,1308,Forest,0,0,No_rain
18762,G57_20180619_102400,G57,2018/06/19,10:24:00,G57_20180619_102400.wav,San Rafael,Area proteccion embalse EPM,6.3579,-74.9651,1308,Forest,0,0,No_rain
18763,G57_20180619_104000,G57,2018/06/19,10:40:00,G57_20180619_104000.wav,San Rafael,Area proteccion embalse EPM,6.3579,-74.9651,1308,Forest,0,0,No_rain
18764,G57_20180619_105600,G57,2018/06/19,10:56:00,G57_20180619_105600.wav,San Rafael,Area proteccion embalse EPM,6.3579,-74.9651,1308,Forest,0,0,No_rain
18765,G57_20180619_111200,G57,2018/06/19,11:12:00,G57_20180619_111200.wav,San Rafael,Area proteccion embalse EPM,6.3579,-74.9651,1308,Forest,0,0,No_rain
18766,G57_20180619_112800,G57,2018/06/19,11:28:00,G57_20180619_112800.wav,San Rafael,Area proteccion embalse EPM,6.3579,-74.9651,1308,Forest,0,0,No_rain
18767,G57_20180619_114400,G57,2018/06/19,11:44:00,G57_20180619_114400.wav,San Rafael,Area proteccion embalse EPM,6.3579,-74.9651,1308,Forest,0,0,No_rain
18768,G57_20180619_120000,G57,2018/06/19,12:00:00,G57_20180619_120000.wav,San Rafael,Area proteccion embalse EPM,6.3579,-74.9651,1308,Forest,0,0,No_rain
18769,G57_20180619_121600,G57,2018/06/19,12:16:00,G57_20180619_121600.wav,San Rafael,Area proteccion embalse EPM,6.3579,-74.9651,1308,Forest,0,0,No_rain
18770,G57_20180619_123200,G57,2018/06/19,12:32:00,G57_20180619_123200.wav,San Rafael,Area proteccion embalse EPM,6.3579,-74.9651,1308,Forest,0,0,No_rain
18771,G57_20180619_124800,G57,2018/06/19,12:48:00,G57_20180619_124800.wav,San Rafael,Area proteccion embalse EPM,6.3579,-74.9651,1308,Forest,0,0,No_rain
18772,G57_20180619_130400,G57,2018/06/19,13:04:00,G57_20180619_130400.wav,San Rafael,Area proteccion embalse EPM,6.3579,-74.9651,1308,Forest,0,0,No_rain
18773,G57_20180619_132000,G57,2018/06/19,13:20:00,G57_20180619_132000.wav,San Rafael,Area proteccion embalse EPM,6.3579,-74.9651,1308,Forest,0,0,No_rain
18774,G57_20180619_133600,G57,2018/06/19,13:36:00,G57_20180619_133600.wav,San Rafael,Area proteccion embalse EPM,6.3579,-74.9651,1308,Forest,0,0,No_rain
18775,G57_20180619_135200,G57,2018/06/19,13:52:00,G57_20180619_135200.wav,San Rafael,Area proteccion embalse EPM,6.3579,-74.9651,1308,Forest,0,0,No_rain
18776,G57_20180619_140800,G57,2018/06/19,14:08:00,G57_20180619_140800.wav,San Rafael,Area proteccion embalse EPM,6.3579,-74.9651,1308,Forest,0,0,No_rain
18777,G57_20180619_142400,G57,2018/06/19,14:24:00,G57_20180619_142400.wav,San Rafael,Area proteccion embalse EPM,6.3579,-74.9651,1308,Forest,0,0,No_rain
18778,G57_20180619_144000,G57,2018/06/19,14:40:00,G57_20180619_144000.wav,San Rafael,Area proteccion embalse EPM,6.3579,-74.9651,1308,Forest,0,0,No_rain
18779,G57_20180619_145600,G57,2018/06/19,14:56:00,G57_20180619_145600.wav,San Rafael,Area proteccion embalse EPM,6.3579,-74.9651,1308,Forest,0,0,No_rain
18780,G57_20180619_151200,G57,2018/06/19,15:12:00,G57_20180619_151200.wav,San Rafael,Area proteccion embalse EPM,6.3579,-74.9651,1308,Forest,0,0,No_rain
18781,G57_20180619_152800,G57,2018/06/19,15:28:00,G57_20180619_152800.wav,San Rafael,Area proteccion embalse EPM,6.3579,-74.9651,1308,Forest,0,0,No_rain
18782,G57_20180619_154400,G57,2018/06/19,15:44:00,G57_20180619_154400.wav,San Rafael,Area proteccion embalse EPM,6.3579,-74.9651,1308,Forest,0,0,No_rain
18783,G57_20180619_160000,G57,2018/06/19,16:00:00,G57_20180619_160000.wav,San Rafael,Area proteccion embalse EPM,6.3579,-74.9651,1308,Forest,0,0,No_rain
18784,G57_20180619_161600,G57,2018/06/19,16:16:00,G57_20180619_161600.wav,San Rafael,Area proteccion embalse EPM,6.3579,-74.9651,1308,Forest,0,0,No_rain
18785,G57_20180619_163200,G57,2018/06/19,16:32:00,G57_20180619_163200.wav,San Rafael,Area proteccion embalse EPM,6.3579,-74.9651,1308,Forest,0,0,No_rain
18786,G57_20180619_164800,G57,2018/06/19,16:48:00,G57_20180619_164800.wav,San Rafael,Area proteccion embalse EPM,6.3579,-74.9651,1308,Forest,0,0,No_rain
18787,G57_20180619_200000,G57,2018/06/19,20:00:00,G57_20180619_200000.wav,San Rafael,Area proteccion embalse EPM,6.3579,-74.9651,1308,Forest,0,0,No_rain
18788,G57_20180619_201600,G57,2018/06/19,20:16:00,G57_20180619_201600.wav,San Rafael,Area proteccion embalse EPM,6.3579,-74.9651,1308,Forest,0,0,No_rain
18789,G57_20180619_203200,G57,2018/06/19,20:32:00,G57_20180619_203200.wav,San Rafael,Area proteccion embalse EPM,6.3579,-74.9651,1308,Forest,0,0,No_rain
18790,G57_20180619_204800,G57,2018/06/19,20:48:00,G57_20180619_204800.wav,San Rafael,Area proteccion embalse EPM,6.3579,-74.9651,1308,Forest,0,0,No_rain
18791,G57_20180619_210400,G57,2018/06/19,21:04:00,G57_20180619_210400.wav,San Rafael,Area proteccion embalse EPM,6.3579,-74.9651,1308,Forest,1,1,Light
18792,G57_20180619_212000,G57,2018/06/19,21:20:00,G57_20180619_212000.wav,San Rafael,Area proteccion embalse EPM,6.3579,-74.9651,1308,Forest,1,2,Moderate
18793,G57_20180619_213600,G57,2018/06/19,21:36:00,G57_20180619_213600.wav,San Rafael,Area proteccion embalse EPM,6.3579,-74.9651,1308,Forest,1,1,Light
18794,G57_20180619_215200,G57,2018/06/19,21:52:00,G57_20180619_215200.wav,San Rafael,Area proteccion embalse EPM,6.3579,-74.9651,1308,Forest,1,1,Light
18795,G57_20180619_220800,G57,2018/06/19,22:08:00,G57_20180619_220800.wav,San Rafael,Area proteccion embalse EPM,6.3579,-74.9651,1308,Forest,0,0,No_rain
18796,G57_20180619_222400,G57,2018/06/19,22:24:00,G57_20180619_222400.wav,San Rafael,Area proteccion embalse EPM,6.3579,-74.9651,1308,Forest,0,0,No_rain
18797,G57_20180619_224000,G57,2018/06/19,22:40:00,G57_20180619_224000.wav,San Rafael,Area proteccion embalse EPM,6.3579,-74.9651,1308,Forest,0,0,No_rain
18798,G57_20180619_225600,G57,2018/06/19,22:56:00,G57_20180619_225600.wav,San Rafael,Area proteccion embalse EPM,6.3579,-74.9651,1308,Forest,0,0,No_rain
18799,G57_20180619_231200,G57,2018/06/19,23:12:00,G57_20180619_231200.wav,San Rafael,Area proteccion embalse EPM,6.3579,-74.9651,1308,Forest,0,0,No_rain
18800,G57_20180619_232800,G57,2018/06/19,23:28:00,G57_20180619_232800.wav,San Rafael,Area proteccion embalse EPM,6.3579,-74.9651,1308,Forest,0,0,No_rain
18801,G57_20180619_234400,G57,2018/06/19,23:44:00,G57_20180619_234400.wav,San Rafael,Area proteccion embalse EPM,6.3579,-74.9651,1308,Forest,0,0,No_rain
18802,G57_20180620_000000,G57,2018/06/20,00:00:00,G57_20180620_000000.wav,San Rafael,Area proteccion embalse EPM,6.3579,-74.9651,1308,Forest,0,0,No_rain
18803,G57_20180620_001600,G57,2018/06/20,00:16:00,G57_20180620_001600.wav,San Rafael,Area proteccion embalse EPM,6.3579,-74.9651,1308,Forest,0,0,No_rain
18804,G57_20180620_003200,G57,2018/06/20,00:32:00,G57_20180620_003200.wav,San Rafael,Area proteccion embalse EPM,6.3579,-74.9651,1308,Forest,1,2,Moderate
18805,G57_20180620_004800,G57,2018/06/20,00:48:00,G57_20180620_004800.wav,San Rafael,Area proteccion embalse EPM,6.3579,-74.9651,1308,Forest,1,3,Heavy
18806,G57_20180620_010400,G57,2018/06/20,01:04:00,G57_20180620_010400.wav,San Rafael,Area proteccion embalse EPM,6.3579,-74.9651,1308,Forest,1,2,Moderate
18807,G57_20180620_012000,G57,2018/06/20,01:20:00,G57_20180620_012000.wav,San Rafael,Area proteccion embalse EPM,6.3579,-74.9651,1308,Forest,1,1,Light
18808,G57_20180620_013600,G57,2018/06/20,01:36:00,G57_20180620_013600.wav,San Rafael,Area proteccion embalse EPM,6.3579,-74.9651,1308,Forest,1,2,Moderate
18809,G57_20180620_015200,G57,2018/06/20,01:52:00,G57_20180620_015200.wav,San Rafael,Area proteccion embalse EPM,6.3579,-74.9651,1308,Forest,1,3,Heavy
18810,G57_20180620_020800,G57,2018/06/20,02:08:00,G57_20180620_020800.wav,San Rafael,Area proteccion embalse EPM,6.3579,-74.9651,1308,Forest,1,1,Light
18811,G57_20180620_022400,G57,2018/06/20,02:24:00,G57_20180620_022400.wav,San Rafael,Area proteccion embalse EPM,6.3579,-74.9651,1308,Forest,1,1,Light
18812,G57_20180620_024000,G57,2018/06/20,02:40:00,G57_20180620_024000.wav,San Rafael,Area proteccion embalse EPM,6.3579,-74.9651,1308,Forest,1,1,Light
18813,G57_20180620_025600,G57,2018/06/20,02:56:00,G57_20180620_025600.wav,San Rafael,Area proteccion embalse EPM,6.3579,-74.9651,1308,Forest,1,1,Light
18814,G57_20180620_031200,G57,2018/06/20,03:12:00,G57_20180620_031200.wav,San Rafael,Area proteccion embalse EPM,6.3579,-74.9651,1308,Forest,1,1,Light
18815,G57_20180620_032800,G57,2018/06/20,03:28:00,G57_20180620_032800.wav,San Rafael,Area proteccion embalse EPM,6.3579,-74.9651,1308,Forest,1,1,Light
18816,G57_20180620_034400,G57,2018/06/20,03:44:00,G57_20180620_034400.wav,San Rafael,Area proteccion embalse EPM,6.3579,-74.9651,1308,Forest,1,1,Light
18817,G57_20180620_040000,G57,2018/06/20,04:00:00,G57_20180620_040000.wav,San Rafael,Area proteccion embalse EPM,6.3579,-74.9651,1308,Forest,1,1,Light
18818,G57_20180620_041600,G57,2018/06/20,04:16:00,G57_20180620_041600.wav,San Rafael,Area proteccion embalse EPM,6.3579,-74.9651,1308,Forest,1,1,Light
18819,G57_20180620_043200,G57,2018/06/20,04:32:00,G57_20180620_043200.wav,San Rafael,Area proteccion embalse EPM,6.3579,-74.9651,1308,Forest,1,1,Light
18820,G57_20180620_044800,G57,2018/06/20,04:48:00,G57_20180620_044800.wav,San Rafael,Area proteccion embalse EPM,6.3579,-74.9651,1308,Forest,1,1,Light
18821,G57_20180620_080000,G57,2018/06/20,08:00:00,G57_20180620_080000.wav,San Rafael,Area proteccion embalse EPM,6.3579,-74.9651,1308,Forest,0,0,No_rain
18822,G57_20180620_081600,G57,2018/06/20,08:16:00,G57_20180620_081600.wav,San Rafael,Area proteccion embalse EPM,6.3579,-74.9651,1308,Forest,0,0,No_rain
18823,G57_20180620_083200,G57,2018/06/20,08:32:00,G57_20180620_083200.wav,San Rafael,Area proteccion embalse EPM,6.3579,-74.9651,1308,Forest,0,0,No_rain
18824,G57_20180620_084800,G57,2018/06/20,08:48:00,G57_20180620_084800.wav,San Rafael,Area proteccion embalse EPM,6.3579,-74.9651,1308,Forest,0,0,No_rain
18825,G57_20180620_090400,G57,2018/06/20,09:04:00,G57_20180620_090400.wav,San Rafael,Area proteccion embalse EPM,6.3579,-74.9651,1308,Forest,0,0,No_rain
18826,G57_20180620_092000,G57,2018/06/20,09:20:00,G57_20180620_092000.wav,San Rafael,Area proteccion embalse EPM,6.3579,-74.9651,1308,Forest,0,0,No_rain
18827,G57_20180620_093600,G57,2018/06/20,09:36:00,G57_20180620_093600.wav,San Rafael,Area proteccion embalse EPM,6.3579,-74.9651,1308,Forest,0,0,No_rain
18828,G57_20180620_095200,G57,2018/06/20,09:52:00,G57_20180620_095200.wav,San Rafael,Area proteccion embalse EPM,6.3579,-74.9651,1308,Forest,0,0,No_rain
18829,G57_20180620_100800,G57,2018/06/20,10:08:00,G57_20180620_100800.wav,San Rafael,Area proteccion embalse EPM,6.3579,-74.9651,1308,Forest,0,0,No_rain
18830,G57_20180620_102400,G57,2018/06/20,10:24:00,G57_20180620_102400.wav,San Rafael,Area proteccion embalse EPM,6.3579,-74.9651,1308,Forest,0,0,No_rain
18831,G57_20180620_104000,G57,2018/06/20,10:40:00,G57_20180620_104000.wav,San Rafael,Area proteccion embalse EPM,6.3579,-74.9651,1308,Forest,0,0,No_rain
18832,G57_20180620_105600,G57,2018/06/20,10:56:00,G57_20180620_105600.wav,San Rafael,Area proteccion embalse EPM,6.3579,-74.9651,1308,Forest,0,0,No_rain
18833,G57_20180620_111200,G57,2018/06/20,11:12:00,G57_20180620_111200.wav,San Rafael,Area proteccion embalse EPM,6.3579,-74.9651,1308,Forest,0,0,No_rain
18834,G57_20180620_112800,G57,2018/06/20,11:28:00,G57_20180620_112800.wav,San Rafael,Area proteccion embalse EPM,6.3579,-74.9651,1308,Forest,0,0,No_rain
18835,G57_20180620_114400,G57,2018/06/20,11:44:00,G57_20180620_114400.wav,San Rafael,Area proteccion embalse EPM,6.3579,-74.9651,1308,Forest,0,0,No_rain
18836,G57_20180620_120000,G57,2018/06/20,12:00:00,G57_20180620_120000.wav,San Rafael,Area proteccion embalse EPM,6.3579,-74.9651,1308,Forest,0,0,No_rain
18837,G57_20180620_121600,G57,2018/06/20,12:16:00,G57_20180620_121600.wav,San Rafael,Area proteccion embalse EPM,6.3579,-74.9651,1308,Forest,0,0,No_rain
18838,G57_20180620_123200,G57,2018/06/20,12:32:00,G57_20180620_123200.wav,San Rafael,Area proteccion embalse EPM,6.3579,-74.9651,1308,Forest,0,0,No_rain
18839,G57_20180620_124800,G57,2018/06/20,12:48:00,G57_20180620_124800.wav,San Rafael,Area proteccion embalse EPM,6.3579,-74.9651,1308,Forest,0,0,No_rain
18840,G57_20180620_130400,G57,2018/06/20,13:04:00,G57_20180620_130400.wav,San Rafael,Area proteccion embalse EPM,6.3579,-74.9651,1308,Forest,0,0,No_rain
18841,G57_20180620_132000,G57,2018/06/20,13:20:00,G57_20180620_132000.wav,San Rafael,Area proteccion embalse EPM,6.3579,-74.9651,1308,Forest,0,0,No_rain
18842,G57_20180620_133600,G57,2018/06/20,13:36:00,G57_20180620_133600.wav,San Rafael,Area proteccion embalse EPM,6.3579,-74.9651,1308,Forest,0,0,No_rain
18843,G57_20180620_135200,G57,2018/06/20,13:52:00,G57_20180620_135200.wav,San Rafael,Area proteccion embalse EPM,6.3579,-74.9651,1308,Forest,0,0,No_rain
18844,G57_20180620_140800,G57,2018/06/20,14:08:00,G57_20180620_140800.wav,San Rafael,Area proteccion embalse EPM,6.3579,-74.9651,1308,Forest,0,0,No_rain
18845,G57_20180620_142400,G57,2018/06/20,14:24:00,G57_20180620_142400.wav,San Rafael,Area proteccion embalse EPM,6.3579,-74.9651,1308,Forest,0,0,No_rain
18846,G57_20180620_144000,G57,2018/06/20,14:40:00,G57_20180620_144000.wav,San Rafael,Area proteccion embalse EPM,6.3579,-74.9651,1308,Forest,0,0,No_rain
18847,G57_20180620_145600,G57,2018/06/20,14:56:00,G57_20180620_145600.wav,San Rafael,Area proteccion embalse EPM,6.3579,-74.9651,1308,Forest,0,0,No_rain
18848,G57_20180620_151200,G57,2018/06/20,15:12:00,G57_20180620_151200.wav,San Rafael,Area proteccion embalse EPM,6.3579,-74.9651,1308,Forest,0,0,No_rain
18849,G57_20180620_152800,G57,2018/06/20,15:28:00,G57_20180620_152800.wav,San Rafael,Area proteccion embalse EPM,6.3579,-74.9651,1308,Forest,0,0,No_rain
18850,G57_20180620_154400,G57,2018/06/20,15:44:00,G57_20180620_154400.wav,San Rafael,Area proteccion embalse EPM,6.3579,-74.9651,1308,Forest,0,0,No_rain
18851,G57_20180620_160000,G57,2018/06/20,16:00:00,G57_20180620_160000.wav,San Rafael,Area proteccion embalse EPM,6.3579,-74.9651,1308,Forest,0,0,No_rain
18852,G57_20180620_161600,G57,2018/06/20,16:16:00,G57_20180620_161600.wav,San Rafael,Area proteccion embalse EPM,6.3579,-74.9651,1308,Forest,0,0,No_rain
18853,G57_20180620_163200,G57,2018/06/20,16:32:00,G57_20180620_163200.wav,San Rafael,Area proteccion embalse EPM,6.3579,-74.9651,1308,Forest,0,0,No_rain
18854,G57_20180620_164800,G57,2018/06/20,16:48:00,G57_20180620_164800.wav,San Rafael,Area proteccion embalse EPM,6.3579,-74.9651,1308,Forest,0,0,No_rain
18855,G57_20180620_200000,G57,2018/06/20,20:00:00,G57_20180620_200000.wav,San Rafael,Area proteccion embalse EPM,6.3579,-74.9651,1308,Forest,0,0,No_rain
18856,G57_20180620_201600,G57,2018/06/20,20:16:00,G57_20180620_201600.wav,San Rafael,Area proteccion embalse EPM,6.3579,-74.9651,1308,Forest,0,0,No_rain
18857,G57_20180620_203200,G57,2018/06/20,20:32:00,G57_20180620_203200.wav,San Rafael,Area proteccion embalse EPM,6.3579,-74.9651,1308,Forest,1,1,Light
18858,G57_20180620_204800,G57,2018/06/20,20:48:00,G57_20180620_204800.wav,San Rafael,Area proteccion embalse EPM,6.3579,-74.9651,1308,Forest,0,0,No_rain
18859,G57_20180620_210400,G57,2018/06/20,21:04:00,G57_20180620_210400.wav,San Rafael,Area proteccion embalse EPM,6.3579,-74.9651,1308,Forest,0,0,No_rain
18860,G57_20180620_212000,G57,2018/06/20,21:20:00,G57_20180620_212000.wav,San Rafael,Area proteccion embalse EPM,6.3579,-74.9651,1308,Forest,0,0,No_rain
18861,G57_20180620_213600,G57,2018/06/20,21:36:00,G57_20180620_213600.wav,San Rafael,Area proteccion embalse EPM,6.3579,-74.9651,1308,Forest,0,0,No_rain
18862,G57_20180620_215200,G57,2018/06/20,21:52:00,G57_20180620_215200.wav,San Rafael,Area proteccion embalse EPM,6.3579,-74.9651,1308,Forest,1,1,Light
18863,G57_20180620_220800,G57,2018/06/20,22:08:00,G57_20180620_220800.wav,San Rafael,Area proteccion embalse EPM,6.3579,-74.9651,1308,Forest,1,1,Light
18864,G57_20180620_222400,G57,2018/06/20,22:24:00,G57_20180620_222400.wav,San Rafael,Area proteccion embalse EPM,6.3579,-74.9651,1308,Forest,1,1,Light
18865,G57_20180620_224000,G57,2018/06/20,22:40:00,G57_20180620_224000.wav,San Rafael,Area proteccion embalse EPM,6.3579,-74.9651,1308,Forest,1,1,Light
18866,G57_20180620_225600,G57,2018/06/20,22:56:00,G57_20180620_225600.wav,San Rafael,Area proteccion embalse EPM,6.3579,-74.9651,1308,Forest,1,1,Light
18867,G57_20180620_231200,G57,2018/06/20,23:12:00,G57_20180620_231200.wav,San Rafael,Area proteccion embalse EPM,6.3579,-74.9651,1308,Forest,0,0,No_rain
18868,G57_20180620_232800,G57,2018/06/20,23:28:00,G57_20180620_232800.wav,San Rafael,Area proteccion embalse EPM,6.3579,-74.9651,1308,Forest,0,0,No_rain
18869,G57_20180620_234400,G57,2018/06/20,23:44:00,G57_20180620_234400.wav,San Rafael,Area proteccion embalse EPM,6.3579,-74.9651,1308,Forest,0,0,No_rain
18870,G57_20180621_000000,G57,2018/06/21,00:00:00,G57_20180621_000000.wav,San Rafael,Area proteccion embalse EPM,6.3579,-74.9651,1308,Forest,0,0,No_rain
18871,G57_20180621_001600,G57,2018/06/21,00:16:00,G57_20180621_001600.wav,San Rafael,Area proteccion embalse EPM,6.3579,-74.9651,1308,Forest,1,1,Light
18872,G57_20180621_003200,G57,2018/06/21,00:32:00,G57_20180621_003200.wav,San Rafael,Area proteccion embalse EPM,6.3579,-74.9651,1308,Forest,1,2,Moderate
18873,G57_20180621_004800,G57,2018/06/21,00:48:00,G57_20180621_004800.wav,San Rafael,Area proteccion embalse EPM,6.3579,-74.9651,1308,Forest,1,2,Moderate
18874,G57_20180621_010400,G57,2018/06/21,01:04:00,G57_20180621_010400.wav,San Rafael,Area proteccion embalse EPM,6.3579,-74.9651,1308,Forest,1,1,Light
18875,G57_20180621_012000,G57,2018/06/21,01:20:00,G57_20180621_012000.wav,San Rafael,Area proteccion embalse EPM,6.3579,-74.9651,1308,Forest,1,2,Moderate
18876,G57_20180621_013600,G57,2018/06/21,01:36:00,G57_20180621_013600.wav,San Rafael,Area proteccion embalse EPM,6.3579,-74.9651,1308,Forest,1,1,Light
18877,G57_20180621_015200,G57,2018/06/21,01:52:00,G57_20180621_015200.wav,San Rafael,Area proteccion embalse EPM,6.3579,-74.9651,1308,Forest,1,1,Light
18878,G57_20180621_020800,G57,2018/06/21,02:08:00,G57_20180621_020800.wav,San Rafael,Area proteccion embalse EPM,6.3579,-74.9651,1308,Forest,1,1,Light
18879,G57_20180621_022400,G57,2018/06/21,02:24:00,G57_20180621_022400.wav,San Rafael,Area proteccion embalse EPM,6.3579,-74.9651,1308,Forest,1,1,Light
18880,G57_20180621_024000,G57,2018/06/21,02:40:00,G57_20180621_024000.wav,San Rafael,Area proteccion embalse EPM,6.3579,-74.9651,1308,Forest,1,1,Light
18881,G57_20180621_025600,G57,2018/06/21,02:56:00,G57_20180621_025600.wav,San Rafael,Area proteccion embalse EPM,6.3579,-74.9651,1308,Forest,0,0,No_rain
18882,G57_20180621_031200,G57,2018/06/21,03:12:00,G57_20180621_031200.wav,San Rafael,Area proteccion embalse EPM,6.3579,-74.9651,1308,Forest,0,0,No_rain
18883,G57_20180621_032800,G57,2018/06/21,03:28:00,G57_20180621_032800.wav,San Rafael,Area proteccion embalse EPM,6.3579,-74.9651,1308,Forest,0,0,No_rain
18884,G57_20180621_034400,G57,2018/06/21,03:44:00,G57_20180621_034400.wav,San Rafael,Area proteccion embalse EPM,6.3579,-74.9651,1308,Forest,0,0,No_rain
18885,G57_20180621_040000,G57,2018/06/21,04:00:00,G57_20180621_040000.wav,San Rafael,Area proteccion embalse EPM,6.3579,-74.9651,1308,Forest,0,0,No_rain
18886,G57_20180621_041600,G57,2018/06/21,04:16:00,G57_20180621_041600.wav,San Rafael,Area proteccion embalse EPM,6.3579,-74.9651,1308,Forest,0,0,No_rain
18887,G57_20180621_043200,G57,2018/06/21,04:32:00,G57_20180621_043200.wav,San Rafael,Area proteccion embalse EPM,6.3579,-74.9651,1308,Forest,0,0,No_rain
18888,G57_20180621_044800,G57,2018/06/21,04:48:00,G57_20180621_044800.wav,San Rafael,Area proteccion embalse EPM,6.3579,-74.9651,1308,Forest,0,0,No_rain
18889,G57_20180621_080000,G57,2018/06/21,08:00:00,G57_20180621_080000.wav,San Rafael,Area proteccion embalse EPM,6.3579,-74.9651,1308,Forest,0,0,No_rain
18890,G57_20180621_081600,G57,2018/06/21,08:16:00,G57_20180621_081600.wav,San Rafael,Area proteccion embalse EPM,6.3579,-74.9651,1308,Forest,0,0,No_rain
18891,G57_20180621_083200,G57,2018/06/21,08:32:00,G57_20180621_083200.wav,San Rafael,Area proteccion embalse EPM,6.3579,-74.9651,1308,Forest,0,0,No_rain
18892,G57_20180621_084800,G57,2018/06/21,08:48:00,G57_20180621_084800.wav,San Rafael,Area proteccion embalse EPM,6.3579,-74.9651,1308,Forest,0,0,No_rain
18893,G57_20180621_090400,G57,2018/06/21,09:04:00,G57_20180621_090400.wav,San Rafael,Area proteccion embalse EPM,6.3579,-74.9651,1308,Forest,0,0,No_rain
18894,G57_20180621_092000,G57,2018/06/21,09:20:00,G57_20180621_092000.wav,San Rafael,Area proteccion embalse EPM,6.3579,-74.9651,1308,Forest,0,0,No_rain
18895,G57_20180621_093600,G57,2018/06/21,09:36:00,G57_20180621_093600.wav,San Rafael,Area proteccion embalse EPM,6.3579,-74.9651,1308,Forest,0,0,No_rain
18896,G57_20180621_095200,G57,2018/06/21,09:52:00,G57_20180621_095200.wav,San Rafael,Area proteccion embalse EPM,6.3579,-74.9651,1308,Forest,0,0,No_rain
18897,G57_20180621_100800,G57,2018/06/21,10:08:00,G57_20180621_100800.wav,San Rafael,Area proteccion embalse EPM,6.3579,-74.9651,1308,Forest,0,0,No_rain
18898,G57_20180621_102400,G57,2018/06/21,10:24:00,G57_20180621_102400.wav,San Rafael,Area proteccion embalse EPM,6.3579,-74.9651,1308,Forest,0,0,No_rain
18899,G57_20180621_104000,G57,2018/06/21,10:40:00,G57_20180621_104000.wav,San Rafael,Area proteccion embalse EPM,6.3579,-74.9651,1308,Forest,0,0,No_rain
18900,G57_20180621_105600,G57,2018/06/21,10:56:00,G57_20180621_105600.wav,San Rafael,Area proteccion embalse EPM,6.3579,-74.9651,1308,Forest,0,0,No_rain
18901,G57_20180621_111200,G57,2018/06/21,11:12:00,G57_20180621_111200.wav,San Rafael,Area proteccion embalse EPM,6.3579,-74.9651,1308,Forest,0,0,No_rain
18902,G57_20180621_112800,G57,2018/06/21,11:28:00,G57_20180621_112800.wav,San Rafael,Area proteccion embalse EPM,6.3579,-74.9651,1308,Forest,0,0,No_rain
18903,G57_20180621_114400,G57,2018/06/21,11:44:00,G57_20180621_114400.wav,San Rafael,Area proteccion embalse EPM,6.3579,-74.9651,1308,Forest,0,0,No_rain
18904,G57_20180621_120000,G57,2018/06/21,12:00:00,G57_20180621_120000.wav,San Rafael,Area proteccion embalse EPM,6.3579,-74.9651,1308,Forest,0,0,No_rain
18905,G57_20180621_121600,G57,2018/06/21,12:16:00,G57_20180621_121600.wav,San Rafael,Area proteccion embalse EPM,6.3579,-74.9651,1308,Forest,0,0,No_rain
18906,G57_20180621_123200,G57,2018/06/21,12:32:00,G57_20180621_123200.wav,San Rafael,Area proteccion embalse EPM,6.3579,-74.9651,1308,Forest,0,0,No_rain
18907,G57_20180621_124800,G57,2018/06/21,12:48:00,G57_20180621_124800.wav,San Rafael,Area proteccion embalse EPM,6.3579,-74.9651,1308,Forest,0,0,No_rain
18908,G57_20180621_130400,G57,2018/06/21,13:04:00,G57_20180621_130400.wav,San Rafael,Area proteccion embalse EPM,6.3579,-74.9651,1308,Forest,0,0,No_rain
18909,G57_20180621_132000,G57,2018/06/21,13:20:00,G57_20180621_132000.wav,San Rafael,Area proteccion embalse EPM,6.3579,-74.9651,1308,Forest,0,0,No_rain
18910,G57_20180621_133600,G57,2018/06/21,13:36:00,G57_20180621_133600.wav,San Rafael,Area proteccion embalse EPM,6.3579,-74.9651,1308,Forest,0,0,No_rain
18911,G57_20180621_135200,G57,2018/06/21,13:52:00,G57_20180621_135200.wav,San Rafael,Area proteccion embalse EPM,6.3579,-74.9651,1308,Forest,0,0,No_rain
18912,G57_20180621_140800,G57,2018/06/21,14:08:00,G57_20180621_140800.wav,San Rafael,Area proteccion embalse EPM,6.3579,-74.9651,1308,Forest,0,0,No_rain
18913,G57_20180621_142400,G57,2018/06/21,14:24:00,G57_20180621_142400.wav,San Rafael,Area proteccion embalse EPM,6.3579,-74.9651,1308,Forest,0,0,No_rain
18914,G57_20180621_144000,G57,2018/06/21,14:40:00,G57_20180621_144000.wav,San Rafael,Area proteccion embalse EPM,6.3579,-74.9651,1308,Forest,0,0,No_rain
18915,G57_20180621_145600,G57,2018/06/21,14:56:00,G57_20180621_145600.wav,San Rafael,Area proteccion embalse EPM,6.3579,-74.9651,1308,Forest,0,0,No_rain
18916,G57_20180621_151200,G57,2018/06/21,15:12:00,G57_20180621_151200.wav,San Rafael,Area proteccion embalse EPM,6.3579,-74.9651,1308,Forest,0,0,No_rain
18917,G57_20180621_152800,G57,2018/06/21,15:28:00,G57_20180621_152800.wav,San Rafael,Area proteccion embalse EPM,6.3579,-74.9651,1308,Forest,0,0,No_rain
18918,G57_20180621_154400,G57,2018/06/21,15:44:00,G57_20180621_154400.wav,San Rafael,Area proteccion embalse EPM,6.3579,-74.9651,1308,Forest,0,0,No_rain
18919,G57_20180621_160000,G57,2018/06/21,16:00:00,G57_20180621_160000.wav,San Rafael,Area proteccion embalse EPM,6.3579,-74.9651,1308,Forest,0,0,No_rain
18920,G57_20180621_161600,G57,2018/06/21,16:16:00,G57_20180621_161600.wav,San Rafael,Area proteccion embalse EPM,6.3579,-74.9651,1308,Forest,0,0,No_rain
18921,G57_20180621_163200,G57,2018/06/21,16:32:00,G57_20180621_163200.wav,San Rafael,Area proteccion embalse EPM,6.3579,-74.9651,1308,Forest,0,0,No_rain
18922,G57_20180621_164800,G57,2018/06/21,16:48:00,G57_20180621_164800.wav,San Rafael,Area proteccion embalse EPM,6.3579,-74.9651,1308,Forest,0,0,No_rain
18923,G57_20180621_200000,G57,2018/06/21,20:00:00,G57_20180621_200000.wav,San Rafael,Area proteccion embalse EPM,6.3579,-74.9651,1308,Forest,0,0,No_rain
18924,G57_20180621_201600,G57,2018/06/21,20:16:00,G57_20180621_201600.wav,San Rafael,Area proteccion embalse EPM,6.3579,-74.9651,1308,Forest,0,0,No_rain
18925,G57_20180621_203200,G57,2018/06/21,20:32:00,G57_20180621_203200.wav,San Rafael,Area proteccion embalse EPM,6.3579,-74.9651,1308,Forest,0,0,No_rain
18926,G57_20180621_204800,G57,2018/06/21,20:48:00,G57_20180621_204800.wav,San Rafael,Area proteccion embalse EPM,6.3579,-74.9651,1308,Forest,0,0,No_rain
18927,G57_20180621_210400,G57,2018/06/21,21:04:00,G57_20180621_210400.wav,San Rafael,Area proteccion embalse EPM,6.3579,-74.9651,1308,Forest,1,3,Heavy
18928,G57_20180621_212000,G57,2018/06/21,21:20:00,G57_20180621_212000.wav,San Rafael,Area proteccion embalse EPM,6.3579,-74.9651,1308,Forest,1,3,Heavy
18929,G57_20180621_213600,G57,2018/06/21,21:36:00,G57_20180621_213600.wav,San Rafael,Area proteccion embalse EPM,6.3579,-74.9651,1308,Forest,1,2,Moderate
18930,G57_20180621_215200,G57,2018/06/21,21:52:00,G57_20180621_215200.wav,San Rafael,Area proteccion embalse EPM,6.3579,-74.9651,1308,Forest,1,2,Moderate
18931,G57_20180621_220800,G57,2018/06/21,22:08:00,G57_20180621_220800.wav,San Rafael,Area proteccion embalse EPM,6.3579,-74.9651,1308,Forest,1,2,Moderate
18932,G57_20180621_222400,G57,2018/06/21,22:24:00,G57_20180621_222400.wav,San Rafael,Area proteccion embalse EPM,6.3579,-74.9651,1308,Forest,1,1,Light
18933,G57_20180621_224000,G57,2018/06/21,22:40:00,G57_20180621_224000.wav,San Rafael,Area proteccion embalse EPM,6.3579,-74.9651,1308,Forest,1,1,Light
18934,G57_20180621_225600,G57,2018/06/21,22:56:00,G57_20180621_225600.wav,San Rafael,Area proteccion embalse EPM,6.3579,-74.9651,1308,Forest,1,1,Light
18935,G57_20180621_231200,G57,2018/06/21,23:12:00,G57_20180621_231200.wav,San Rafael,Area proteccion embalse EPM,6.3579,-74.9651,1308,Forest,1,1,Light
18936,G57_20180621_232800,G57,2018/06/21,23:28:00,G57_20180621_232800.wav,San Rafael,Area proteccion embalse EPM,6.3579,-74.9651,1308,Forest,1,1,Light
18937,G57_20180621_234400,G57,2018/06/21,23:44:00,G57_20180621_234400.wav,San Rafael,Area proteccion embalse EPM,6.3579,-74.9651,1308,Forest,0,0,No_rain
18938,G57_20180622_000000,G57,2018/06/22,00:00:00,G57_20180622_000000.wav,San Rafael,Area proteccion embalse EPM,6.3579,-74.9651,1308,Forest,0,0,No_rain
18939,G57_20180622_001600,G57,2018/06/22,00:16:00,G57_20180622_001600.wav,San Rafael,Area proteccion embalse EPM,6.3579,-74.9651,1308,Forest,0,0,No_rain
18940,G57_20180622_003200,G57,2018/06/22,00:32:00,G57_20180622_003200.wav,San Rafael,Area proteccion embalse EPM,6.3579,-74.9651,1308,Forest,0,0,No_rain
18941,G57_20180622_004800,G57,2018/06/22,00:48:00,G57_20180622_004800.wav,San Rafael,Area proteccion embalse EPM,6.3579,-74.9651,1308,Forest,0,0,No_rain
18942,G57_20180622_010400,G57,2018/06/22,01:04:00,G57_20180622_010400.wav,San Rafael,Area proteccion embalse EPM,6.3579,-74.9651,1308,Forest,0,0,No_rain
18943,G57_20180622_012000,G57,2018/06/22,01:20:00,G57_20180622_012000.wav,San Rafael,Area proteccion embalse EPM,6.3579,-74.9651,1308,Forest,1,1,Light
18944,G57_20180622_013600,G57,2018/06/22,01:36:00,G57_20180622_013600.wav,San Rafael,Area proteccion embalse EPM,6.3579,-74.9651,1308,Forest,1,1,Light
18945,G57_20180622_015200,G57,2018/06/22,01:52:00,G57_20180622_015200.wav,San Rafael,Area proteccion embalse EPM,6.3579,-74.9651,1308,Forest,1,1,Light
18946,G57_20180622_020800,G57,2018/06/22,02:08:00,G57_20180622_020800.wav,San Rafael,Area proteccion embalse EPM,6.3579,-74.9651,1308,Forest,1,1,Light
18947,G57_20180622_022400,G57,2018/06/22,02:24:00,G57_20180622_022400.wav,San Rafael,Area proteccion embalse EPM,6.3579,-74.9651,1308,Forest,1,1,Light
18948,G57_20180622_024000,G57,2018/06/22,02:40:00,G57_20180622_024000.wav,San Rafael,Area proteccion embalse EPM,6.3579,-74.9651,1308,Forest,1,1,Light
18949,G57_20180622_025600,G57,2018/06/22,02:56:00,G57_20180622_025600.wav,San Rafael,Area proteccion embalse EPM,6.3579,-74.9651,1308,Forest,0,0,No_rain
18950,G57_20180622_031200,G57,2018/06/22,03:12:00,G57_20180622_031200.wav,San Rafael,Area proteccion embalse EPM,6.3579,-74.9651,1308,Forest,0,0,No_rain
18951,G57_20180622_032800,G57,2018/06/22,03:28:00,G57_20180622_032800.wav,San Rafael,Area proteccion embalse EPM,6.3579,-74.9651,1308,Forest,0,0,No_rain
18952,G57_20180622_034400,G57,2018/06/22,03:44:00,G57_20180622_034400.wav,San Rafael,Area proteccion embalse EPM,6.3579,-74.9651,1308,Forest,0,0,No_rain
18953,G57_20180622_040000,G57,2018/06/22,04:00:00,G57_20180622_040000.wav,San Rafael,Area proteccion embalse EPM,6.3579,-74.9651,1308,Forest,0,0,No_rain
18954,G57_20180622_041600,G57,2018/06/22,04:16:00,G57_20180622_041600.wav,San Rafael,Area proteccion embalse EPM,6.3579,-74.9651,1308,Forest,0,0,No_rain
18955,G57_20180622_043200,G57,2018/06/22,04:32:00,G57_20180622_043200.wav,San Rafael,Area proteccion embalse EPM,6.3579,-74.9651,1308,Forest,0,0,No_rain
18956,G57_20180622_044800,G57,2018/06/22,04:48:00,G57_20180622_044800.wav,San Rafael,Area proteccion embalse EPM,6.3579,-74.9651,1308,Forest,0,0,No_rain
18957,G57_20180622_080000,G57,2018/06/22,08:00:00,G57_20180622_080000.wav,San Rafael,Area proteccion embalse EPM,6.3579,-74.9651,1308,Forest,0,0,No_rain
18958,G57_20180622_081600,G57,2018/06/22,08:16:00,G57_20180622_081600.wav,San Rafael,Area proteccion embalse EPM,6.3579,-74.9651,1308,Forest,0,0,No_rain
18959,G57_20180622_083200,G57,2018/06/22,08:32:00,G57_20180622_083200.wav,San Rafael,Area proteccion embalse EPM,6.3579,-74.9651,1308,Forest,0,0,No_rain
18960,G57_20180622_084800,G57,2018/06/22,08:48:00,G57_20180622_084800.wav,San Rafael,Area proteccion embalse EPM,6.3579,-74.9651,1308,Forest,0,0,No_rain
18961,G57_20180622_090400,G57,2018/06/22,09:04:00,G57_20180622_090400.wav,San Rafael,Area proteccion embalse EPM,6.3579,-74.9651,1308,Forest,0,0,No_rain
18962,G57_20180622_092000,G57,2018/06/22,09:20:00,G57_20180622_092000.wav,San Rafael,Area proteccion embalse EPM,6.3579,-74.9651,1308,Forest,0,0,No_rain
18963,G57_20180622_093600,G57,2018/06/22,09:36:00,G57_20180622_093600.wav,San Rafael,Area proteccion embalse EPM,6.3579,-74.9651,1308,Forest,0,0,No_rain
18964,G57_20180622_095200,G57,2018/06/22,09:52:00,G57_20180622_095200.wav,San Rafael,Area proteccion embalse EPM,6.3579,-74.9651,1308,Forest,0,0,No_rain
18965,G57_20180622_100800,G57,2018/06/22,10:08:00,G57_20180622_100800.wav,San Rafael,Area proteccion embalse EPM,6.3579,-74.9651,1308,Forest,0,0,No_rain
18966,G57_20180622_102400,G57,2018/06/22,10:24:00,G57_20180622_102400.wav,San Rafael,Area proteccion embalse EPM,6.3579,-74.9651,1308,Forest,0,0,No_rain
18967,G57_20180622_104000,G57,2018/06/22,10:40:00,G57_20180622_104000.wav,San Rafael,Area proteccion embalse EPM,6.3579,-74.9651,1308,Forest,0,0,No_rain
18968,G57_20180622_105600,G57,2018/06/22,10:56:00,G57_20180622_105600.wav,San Rafael,Area proteccion embalse EPM,6.3579,-74.9651,1308,Forest,0,0,No_rain
18969,G57_20180622_111200,G57,2018/06/22,11:12:00,G57_20180622_111200.wav,San Rafael,Area proteccion embalse EPM,6.3579,-74.9651,1308,Forest,0,0,No_rain
18970,G57_20180622_112800,G57,2018/06/22,11:28:00,G57_20180622_112800.wav,San Rafael,Area proteccion embalse EPM,6.3579,-74.9651,1308,Forest,0,0,No_rain
18971,G57_20180622_114400,G57,2018/06/22,11:44:00,G57_20180622_114400.wav,San Rafael,Area proteccion embalse EPM,6.3579,-74.9651,1308,Forest,0,0,No_rain
18972,G57_20180622_120000,G57,2018/06/22,12:00:00,G57_20180622_120000.wav,San Rafael,Area proteccion embalse EPM,6.3579,-74.9651,1308,Forest,0,0,No_rain
18973,G57_20180622_121600,G57,2018/06/22,12:16:00,G57_20180622_121600.wav,San Rafael,Area proteccion embalse EPM,6.3579,-74.9651,1308,Forest,0,0,No_rain
18974,G57_20180622_123200,G57,2018/06/22,12:32:00,G57_20180622_123200.wav,San Rafael,Area proteccion embalse EPM,6.3579,-74.9651,1308,Forest,0,0,No_rain
18975,G57_20180622_124800,G57,2018/06/22,12:48:00,G57_20180622_124800.wav,San Rafael,Area proteccion embalse EPM,6.3579,-74.9651,1308,Forest,0,0,No_rain
18976,G57_20180622_130400,G57,2018/06/22,13:04:00,G57_20180622_130400.wav,San Rafael,Area proteccion embalse EPM,6.3579,-74.9651,1308,Forest,0,0,No_rain
18977,G57_20180622_132000,G57,2018/06/22,13:20:00,G57_20180622_132000.wav,San Rafael,Area proteccion embalse EPM,6.3579,-74.9651,1308,Forest,0,0,No_rain
18978,G57_20180622_133600,G57,2018/06/22,13:36:00,G57_20180622_133600.wav,San Rafael,Area proteccion embalse EPM,6.3579,-74.9651,1308,Forest,0,0,No_rain
18979,G57_20180622_135200,G57,2018/06/22,13:52:00,G57_20180622_135200.wav,San Rafael,Area proteccion embalse EPM,6.3579,-74.9651,1308,Forest,0,0,No_rain
18980,G57_20180622_140800,G57,2018/06/22,14:08:00,G57_20180622_140800.wav,San Rafael,Area proteccion embalse EPM,6.3579,-74.9651,1308,Forest,0,0,No_rain
18981,G57_20180622_142400,G57,2018/06/22,14:24:00,G57_20180622_142400.wav,San Rafael,Area proteccion embalse EPM,6.3579,-74.9651,1308,Forest,0,0,No_rain
18982,G57_20180622_144000,G57,2018/06/22,14:40:00,G57_20180622_144000.wav,San Rafael,Area proteccion embalse EPM,6.3579,-74.9651,1308,Forest,0,0,No_rain
18983,G57_20180622_145600,G57,2018/06/22,14:56:00,G57_20180622_145600.wav,San Rafael,Area proteccion embalse EPM,6.3579,-74.9651,1308,Forest,0,0,No_rain
18984,G57_20180622_151200,G57,2018/06/22,15:12:00,G57_20180622_151200.wav,San Rafael,Area proteccion embalse EPM,6.3579,-74.9651,1308,Forest,0,0,No_rain
18985,G57_20180622_152800,G57,2018/06/22,15:28:00,G57_20180622_152800.wav,San Rafael,Area proteccion embalse EPM,6.3579,-74.9651,1308,Forest,0,0,No_rain
18986,G57_20180622_154400,G57,2018/06/22,15:44:00,G57_20180622_154400.wav,San Rafael,Area proteccion embalse EPM,6.3579,-74.9651,1308,Forest,0,0,No_rain
18987,G57_20180622_160000,G57,2018/06/22,16:00:00,G57_20180622_160000.wav,San Rafael,Area proteccion embalse EPM,6.3579,-74.9651,1308,Forest,0,0,No_rain
18988,G57_20180622_161600,G57,2018/06/22,16:16:00,G57_20180622_161600.wav,San Rafael,Area proteccion embalse EPM,6.3579,-74.9651,1308,Forest,0,0,No_rain
18989,G57_20180622_163200,G57,2018/06/22,16:32:00,G57_20180622_163200.wav,San Rafael,Area proteccion embalse EPM,6.3579,-74.9651,1308,Forest,0,0,No_rain
18990,G57_20180622_164800,G57,2018/06/22,16:48:00,G57_20180622_164800.wav,San Rafael,Area proteccion embalse EPM,6.3579,-74.9651,1308,Forest,0,0,No_rain
18991,G57_20180622_200000,G57,2018/06/22,20:00:00,G57_20180622_200000.wav,San Rafael,Area proteccion embalse EPM,6.3579,-74.9651,1308,Forest,0,0,No_rain
18992,G57_20180622_201600,G57,2018/06/22,20:16:00,G57_20180622_201600.wav,San Rafael,Area proteccion embalse EPM,6.3579,-74.9651,1308,Forest,0,0,No_rain
18993,G57_20180622_203200,G57,2018/06/22,20:32:00,G57_20180622_203200.wav,San Rafael,Area proteccion embalse EPM,6.3579,-74.9651,1308,Forest,0,0,No_rain
18994,G57_20180622_204800,G57,2018/06/22,20:48:00,G57_20180622_204800.wav,San Rafael,Area proteccion embalse EPM,6.3579,-74.9651,1308,Forest,0,0,No_rain
18995,G57_20180622_210400,G57,2018/06/22,21:04:00,G57_20180622_210400.wav,San Rafael,Area proteccion embalse EPM,6.3579,-74.9651,1308,Forest,0,0,No_rain
18996,G57_20180622_212000,G57,2018/06/22,21:20:00,G57_20180622_212000.wav,San Rafael,Area proteccion embalse EPM,6.3579,-74.9651,1308,Forest,0,0,No_rain
18997,G57_20180622_213600,G57,2018/06/22,21:36:00,G57_20180622_213600.wav,San Rafael,Area proteccion embalse EPM,6.3579,-74.9651,1308,Forest,0,0,No_rain
18998,G57_20180622_215200,G57,2018/06/22,21:52:00,G57_20180622_215200.wav,San Rafael,Area proteccion embalse EPM,6.3579,-74.9651,1308,Forest,0,0,No_rain
18999,G57_20180622_220800,G57,2018/06/22,22:08:00,G57_20180622_220800.wav,San Rafael,Area proteccion embalse EPM,6.3579,-74.9651,1308,Forest,0,0,No_rain
19000,G57_20180622_222400,G57,2018/06/22,22:24:00,G57_20180622_222400.wav,San Rafael,Area proteccion embalse EPM,6.3579,-74.9651,1308,Forest,0,0,No_rain
19001,G57_20180622_224000,G57,2018/06/22,22:40:00,G57_20180622_224000.wav,San Rafael,Area proteccion embalse EPM,6.3579,-74.9651,1308,Forest,1,3,Heavy
19002,G57_20180622_225600,G57,2018/06/22,22:56:00,G57_20180622_225600.wav,San Rafael,Area proteccion embalse EPM,6.3579,-74.9651,1308,Forest,1,3,Heavy
19003,G57_20180622_231200,G57,2018/06/22,23:12:00,G57_20180622_231200.wav,San Rafael,Area proteccion embalse EPM,6.3579,-74.9651,1308,Forest,1,2,Moderate
19004,G57_20180622_232800,G57,2018/06/22,23:28:00,G57_20180622_232800.wav,San Rafael,Area proteccion embalse EPM,6.3579,-74.9651,1308,Forest,1,3,Heavy
19005,G57_20180622_234400,G57,2018/06/22,23:44:00,G57_20180622_234400.wav,San Rafael,Area proteccion embalse EPM,6.3579,-74.9651,1308,Forest,1,2,Moderate
19006,G57_20180623_000000,G57,2018/06/23,00:00:00,G57_20180623_000000.wav,San Rafael,Area proteccion embalse EPM,6.3579,-74.9651,1308,Forest,1,1,Light
19007,G57_20180623_001600,G57,2018/06/23,00:16:00,G57_20180623_001600.wav,San Rafael,Area proteccion embalse EPM,6.3579,-74.9651,1308,Forest,1,2,Moderate
19008,G57_20180623_003200,G57,2018/06/23,00:32:00,G57_20180623_003200.wav,San Rafael,Area proteccion embalse EPM,6.3579,-74.9651,1308,Forest,1,2,Moderate
19009,G57_20180623_004800,G57,2018/06/23,00:48:00,G57_20180623_004800.wav,San Rafael,Area proteccion embalse EPM,6.3579,-74.9651,1308,Forest,1,3,Heavy
19010,G57_20180623_010400,G57,2018/06/23,01:04:00,G57_20180623_010400.wav,San Rafael,Area proteccion embalse EPM,6.3579,-74.9651,1308,Forest,1,2,Moderate
19011,G57_20180623_012000,G57,2018/06/23,01:20:00,G57_20180623_012000.wav,San Rafael,Area proteccion embalse EPM,6.3579,-74.9651,1308,Forest,1,2,Moderate
19012,G57_20180623_013600,G57,2018/06/23,01:36:00,G57_20180623_013600.wav,San Rafael,Area proteccion embalse EPM,6.3579,-74.9651,1308,Forest,1,1,Light
19013,G57_20180623_015200,G57,2018/06/23,01:52:00,G57_20180623_015200.wav,San Rafael,Area proteccion embalse EPM,6.3579,-74.9651,1308,Forest,1,1,Light
19014,G57_20180623_020800,G57,2018/06/23,02:08:00,G57_20180623_020800.wav,San Rafael,Area proteccion embalse EPM,6.3579,-74.9651,1308,Forest,1,2,Moderate
19015,G57_20180623_022400,G57,2018/06/23,02:24:00,G57_20180623_022400.wav,San Rafael,Area proteccion embalse EPM,6.3579,-74.9651,1308,Forest,1,1,Light
19016,G57_20180623_024000,G57,2018/06/23,02:40:00,G57_20180623_024000.wav,San Rafael,Area proteccion embalse EPM,6.3579,-74.9651,1308,Forest,1,1,Light
19017,G57_20180623_025600,G57,2018/06/23,02:56:00,G57_20180623_025600.wav,San Rafael,Area proteccion embalse EPM,6.3579,-74.9651,1308,Forest,1,1,Light
19018,G57_20180623_031200,G57,2018/06/23,03:12:00,G57_20180623_031200.wav,San Rafael,Area proteccion embalse EPM,6.3579,-74.9651,1308,Forest,1,1,Light
19019,G57_20180623_032800,G57,2018/06/23,03:28:00,G57_20180623_032800.wav,San Rafael,Area proteccion embalse EPM,6.3579,-74.9651,1308,Forest,1,1,Light
19020,G57_20180623_034400,G57,2018/06/23,03:44:00,G57_20180623_034400.wav,San Rafael,Area proteccion embalse EPM,6.3579,-74.9651,1308,Forest,1,1,Light
19021,G57_20180623_040000,G57,2018/06/23,04:00:00,G57_20180623_040000.wav,San Rafael,Area proteccion embalse EPM,6.3579,-74.9651,1308,Forest,0,0,No_rain
19022,G57_20180623_041600,G57,2018/06/23,04:16:00,G57_20180623_041600.wav,San Rafael,Area proteccion embalse EPM,6.3579,-74.9651,1308,Forest,0,0,No_rain
19023,G57_20180623_043200,G57,2018/06/23,04:32:00,G57_20180623_043200.wav,San Rafael,Area proteccion embalse EPM,6.3579,-74.9651,1308,Forest,0,0,No_rain
19024,G57_20180623_044800,G57,2018/06/23,04:48:00,G57_20180623_044800.wav,San Rafael,Area proteccion embalse EPM,6.3579,-74.9651,1308,Forest,0,0,No_rain
19025,G57_20180623_080000,G57,2018/06/23,08:00:00,G57_20180623_080000.wav,San Rafael,Area proteccion embalse EPM,6.3579,-74.9651,1308,Forest,0,0,No_rain
19026,G57_20180623_081600,G57,2018/06/23,08:16:00,G57_20180623_081600.wav,San Rafael,Area proteccion embalse EPM,6.3579,-74.9651,1308,Forest,0,0,No_rain
19027,G57_20180623_083200,G57,2018/06/23,08:32:00,G57_20180623_083200.wav,San Rafael,Area proteccion embalse EPM,6.3579,-74.9651,1308,Forest,0,0,No_rain
19028,G57_20180623_084800,G57,2018/06/23,08:48:00,G57_20180623_084800.wav,San Rafael,Area proteccion embalse EPM,6.3579,-74.9651,1308,Forest,0,0,No_rain
19029,G57_20180623_090400,G57,2018/06/23,09:04:00,G57_20180623_090400.wav,San Rafael,Area proteccion embalse EPM,6.3579,-74.9651,1308,Forest,0,0,No_rain
19030,G57_20180623_092000,G57,2018/06/23,09:20:00,G57_20180623_092000.wav,San Rafael,Area proteccion embalse EPM,6.3579,-74.9651,1308,Forest,0,0,No_rain
19031,G57_20180623_093600,G57,2018/06/23,09:36:00,G57_20180623_093600.wav,San Rafael,Area proteccion embalse EPM,6.3579,-74.9651,1308,Forest,0,0,No_rain
19032,G57_20180623_095200,G57,2018/06/23,09:52:00,G57_20180623_095200.wav,San Rafael,Area proteccion embalse EPM,6.3579,-74.9651,1308,Forest,0,0,No_rain
19033,G57_20180623_100800,G57,2018/06/23,10:08:00,G57_20180623_100800.wav,San Rafael,Area proteccion embalse EPM,6.3579,-74.9651,1308,Forest,0,0,No_rain
19034,G57_20180623_102400,G57,2018/06/23,10:24:00,G57_20180623_102400.wav,San Rafael,Area proteccion embalse EPM,6.3579,-74.9651,1308,Forest,0,0,No_rain
19035,G57_20180623_104000,G57,2018/06/23,10:40:00,G57_20180623_104000.wav,San Rafael,Area proteccion embalse EPM,6.3579,-74.9651,1308,Forest,0,0,No_rain
19036,G57_20180623_105600,G57,2018/06/23,10:56:00,G57_20180623_105600.wav,San Rafael,Area proteccion embalse EPM,6.3579,-74.9651,1308,Forest,0,0,No_rain
19037,G57_20180623_111200,G57,2018/06/23,11:12:00,G57_20180623_111200.wav,San Rafael,Area proteccion embalse EPM,6.3579,-74.9651,1308,Forest,0,0,No_rain
19038,G57_20180623_112800,G57,2018/06/23,11:28:00,G57_20180623_112800.wav,San Rafael,Area proteccion embalse EPM,6.3579,-74.9651,1308,Forest,0,0,No_rain
19039,G57_20180623_114400,G57,2018/06/23,11:44:00,G57_20180623_114400.wav,San Rafael,Area proteccion embalse EPM,6.3579,-74.9651,1308,Forest,0,0,No_rain
19040,G57_20180623_120000,G57,2018/06/23,12:00:00,G57_20180623_120000.wav,San Rafael,Area proteccion embalse EPM,6.3579,-74.9651,1308,Forest,0,0,No_rain
19041,G57_20180623_121600,G57,2018/06/23,12:16:00,G57_20180623_121600.wav,San Rafael,Area proteccion embalse EPM,6.3579,-74.9651,1308,Forest,0,0,No_rain
19042,G57_20180623_123200,G57,2018/06/23,12:32:00,G57_20180623_123200.wav,San Rafael,Area proteccion embalse EPM,6.3579,-74.9651,1308,Forest,0,0,No_rain
19043,G57_20180623_124800,G57,2018/06/23,12:48:00,G57_20180623_124800.wav,San Rafael,Area proteccion embalse EPM,6.3579,-74.9651,1308,Forest,0,0,No_rain
19044,G57_20180623_130400,G57,2018/06/23,13:04:00,G57_20180623_130400.wav,San Rafael,Area proteccion embalse EPM,6.3579,-74.9651,1308,Forest,0,0,No_rain
19045,G57_20180623_132000,G57,2018/06/23,13:20:00,G57_20180623_132000.wav,San Rafael,Area proteccion embalse EPM,6.3579,-74.9651,1308,Forest,0,0,No_rain
19046,G57_20180623_133600,G57,2018/06/23,13:36:00,G57_20180623_133600.wav,San Rafael,Area proteccion embalse EPM,6.3579,-74.9651,1308,Forest,0,0,No_rain
19047,G57_20180623_135200,G57,2018/06/23,13:52:00,G57_20180623_135200.wav,San Rafael,Area proteccion embalse EPM,6.3579,-74.9651,1308,Forest,0,0,No_rain
19048,G57_20180623_140800,G57,2018/06/23,14:08:00,G57_20180623_140800.wav,San Rafael,Area proteccion embalse EPM,6.3579,-74.9651,1308,Forest,0,0,No_rain
19049,G57_20180623_142400,G57,2018/06/23,14:24:00,G57_20180623_142400.wav,San Rafael,Area proteccion embalse EPM,6.3579,-74.9651,1308,Forest,0,0,No_rain
19050,G57_20180623_144000,G57,2018/06/23,14:40:00,G57_20180623_144000.wav,San Rafael,Area proteccion embalse EPM,6.3579,-74.9651,1308,Forest,0,0,No_rain
19051,G57_20180623_145600,G57,2018/06/23,14:56:00,G57_20180623_145600.wav,San Rafael,Area proteccion embalse EPM,6.3579,-74.9651,1308,Forest,0,0,No_rain
19052,G57_20180623_151200,G57,2018/06/23,15:12:00,G57_20180623_151200.wav,San Rafael,Area proteccion embalse EPM,6.3579,-74.9651,1308,Forest,0,0,No_rain
19053,G57_20180623_152800,G57,2018/06/23,15:28:00,G57_20180623_152800.wav,San Rafael,Area proteccion embalse EPM,6.3579,-74.9651,1308,Forest,0,0,No_rain
19054,G57_20180623_154400,G57,2018/06/23,15:44:00,G57_20180623_154400.wav,San Rafael,Area proteccion embalse EPM,6.3579,-74.9651,1308,Forest,0,0,No_rain
19055,G57_20180623_160000,G57,2018/06/23,16:00:00,G57_20180623_160000.wav,San Rafael,Area proteccion embalse EPM,6.3579,-74.9651,1308,Forest,0,0,No_rain
19056,G57_20180623_161600,G57,2018/06/23,16:16:00,G57_20180623_161600.wav,San Rafael,Area proteccion embalse EPM,6.3579,-74.9651,1308,Forest,0,0,No_rain
19057,G57_20180623_163200,G57,2018/06/23,16:32:00,G57_20180623_163200.wav,San Rafael,Area proteccion embalse EPM,6.3579,-74.9651,1308,Forest,0,0,No_rain
19058,G57_20180623_164800,G57,2018/06/23,16:48:00,G57_20180623_164800.wav,San Rafael,Area proteccion embalse EPM,6.3579,-74.9651,1308,Forest,0,0,No_rain
19059,G57_20180623_200000,G57,2018/06/23,20:00:00,G57_20180623_200000.wav,San Rafael,Area proteccion embalse EPM,6.3579,-74.9651,1308,Forest,0,0,No_rain
19060,G57_20180623_201600,G57,2018/06/23,20:16:00,G57_20180623_201600.wav,San Rafael,Area proteccion embalse EPM,6.3579,-74.9651,1308,Forest,0,0,No_rain
19061,G57_20180623_203200,G57,2018/06/23,20:32:00,G57_20180623_203200.wav,San Rafael,Area proteccion embalse EPM,6.3579,-74.9651,1308,Forest,0,0,No_rain
19062,G57_20180623_204800,G57,2018/06/23,20:48:00,G57_20180623_204800.wav,San Rafael,Area proteccion embalse EPM,6.3579,-74.9651,1308,Forest,0,0,No_rain
19063,G57_20180623_210400,G57,2018/06/23,21:04:00,G57_20180623_210400.wav,San Rafael,Area proteccion embalse EPM,6.3579,-74.9651,1308,Forest,0,0,No_rain
19064,G57_20180623_212000,G57,2018/06/23,21:20:00,G57_20180623_212000.wav,San Rafael,Area proteccion embalse EPM,6.3579,-74.9651,1308,Forest,0,0,No_rain
19065,G57_20180623_213600,G57,2018/06/23,21:36:00,G57_20180623_213600.wav,San Rafael,Area proteccion embalse EPM,6.3579,-74.9651,1308,Forest,0,0,No_rain
19066,G57_20180623_215200,G57,2018/06/23,21:52:00,G57_20180623_215200.wav,San Rafael,Area proteccion embalse EPM,6.3579,-74.9651,1308,Forest,0,0,No_rain
19067,G57_20180623_220800,G57,2018/06/23,22:08:00,G57_20180623_220800.wav,San Rafael,Area proteccion embalse EPM,6.3579,-74.9651,1308,Forest,0,0,No_rain
19068,G57_20180623_222400,G57,2018/06/23,22:24:00,G57_20180623_222400.wav,San Rafael,Area proteccion embalse EPM,6.3579,-74.9651,1308,Forest,0,0,No_rain
19069,G57_20180623_224000,G57,2018/06/23,22:40:00,G57_20180623_224000.wav,San Rafael,Area proteccion embalse EPM,6.3579,-74.9651,1308,Forest,0,0,No_rain
19070,G57_20180623_225600,G57,2018/06/23,22:56:00,G57_20180623_225600.wav,San Rafael,Area proteccion embalse EPM,6.3579,-74.9651,1308,Forest,0,0,No_rain
19071,G57_20180623_231200,G57,2018/06/23,23:12:00,G57_20180623_231200.wav,San Rafael,Area proteccion embalse EPM,6.3579,-74.9651,1308,Forest,1,2,Moderate
19072,G57_20180623_232800,G57,2018/06/23,23:28:00,G57_20180623_232800.wav,San Rafael,Area proteccion embalse EPM,6.3579,-74.9651,1308,Forest,1,3,Heavy
19073,G57_20180623_234400,G57,2018/06/23,23:44:00,G57_20180623_234400.wav,San Rafael,Area proteccion embalse EPM,6.3579,-74.9651,1308,Forest,1,3,Heavy
19074,G57_20180624_000000,G57,2018/06/24,00:00:00,G57_20180624_000000.wav,San Rafael,Area proteccion embalse EPM,6.3579,-74.9651,1308,Forest,1,3,Heavy
19075,G57_20180624_001600,G57,2018/06/24,00:16:00,G57_20180624_001600.wav,San Rafael,Area proteccion embalse EPM,6.3579,-74.9651,1308,Forest,1,3,Heavy
19076,G57_20180624_003200,G57,2018/06/24,00:32:00,G57_20180624_003200.wav,San Rafael,Area proteccion embalse EPM,6.3579,-74.9651,1308,Forest,1,3,Heavy
19077,G57_20180624_004800,G57,2018/06/24,00:48:00,G57_20180624_004800.wav,San Rafael,Area proteccion embalse EPM,6.3579,-74.9651,1308,Forest,1,3,Heavy
19078,G57_20180624_010400,G57,2018/06/24,01:04:00,G57_20180624_010400.wav,San Rafael,Area proteccion embalse EPM,6.3579,-74.9651,1308,Forest,1,3,Heavy
19079,G57_20180624_012000,G57,2018/06/24,01:20:00,G57_20180624_012000.wav,San Rafael,Area proteccion embalse EPM,6.3579,-74.9651,1308,Forest,1,3,Heavy
19080,G57_20180624_013600,G57,2018/06/24,01:36:00,G57_20180624_013600.wav,San Rafael,Area proteccion embalse EPM,6.3579,-74.9651,1308,Forest,1,3,Heavy
19081,G57_20180624_015200,G57,2018/06/24,01:52:00,G57_20180624_015200.wav,San Rafael,Area proteccion embalse EPM,6.3579,-74.9651,1308,Forest,1,3,Heavy
19082,G57_20180624_020800,G57,2018/06/24,02:08:00,G57_20180624_020800.wav,San Rafael,Area proteccion embalse EPM,6.3579,-74.9651,1308,Forest,1,3,Heavy
19083,G57_20180624_022400,G57,2018/06/24,02:24:00,G57_20180624_022400.wav,San Rafael,Area proteccion embalse EPM,6.3579,-74.9651,1308,Forest,1,2,Moderate
19084,G57_20180624_024000,G57,2018/06/24,02:40:00,G57_20180624_024000.wav,San Rafael,Area proteccion embalse EPM,6.3579,-74.9651,1308,Forest,1,3,Heavy
19085,G57_20180624_025600,G57,2018/06/24,02:56:00,G57_20180624_025600.wav,San Rafael,Area proteccion embalse EPM,6.3579,-74.9651,1308,Forest,1,3,Heavy
19086,G57_20180624_031200,G57,2018/06/24,03:12:00,G57_20180624_031200.wav,San Rafael,Area proteccion embalse EPM,6.3579,-74.9651,1308,Forest,1,2,Moderate
19087,G57_20180624_032800,G57,2018/06/24,03:28:00,G57_20180624_032800.wav,San Rafael,Area proteccion embalse EPM,6.3579,-74.9651,1308,Forest,1,1,Light
19088,G57_20180624_034400,G57,2018/06/24,03:44:00,G57_20180624_034400.wav,San Rafael,Area proteccion embalse EPM,6.3579,-74.9651,1308,Forest,1,1,Light
19089,G57_20180624_040000,G57,2018/06/24,04:00:00,G57_20180624_040000.wav,San Rafael,Area proteccion embalse EPM,6.3579,-74.9651,1308,Forest,1,1,Light
19090,G57_20180624_041600,G57,2018/06/24,04:16:00,G57_20180624_041600.wav,San Rafael,Area proteccion embalse EPM,6.3579,-74.9651,1308,Forest,1,1,Light
19091,G57_20180624_043200,G57,2018/06/24,04:32:00,G57_20180624_043200.wav,San Rafael,Area proteccion embalse EPM,6.3579,-74.9651,1308,Forest,1,1,Light
19092,G57_20180624_044800,G57,2018/06/24,04:48:00,G57_20180624_044800.wav,San Rafael,Area proteccion embalse EPM,6.3579,-74.9651,1308,Forest,1,1,Light
19093,G57_20180624_080000,G57,2018/06/24,08:00:00,G57_20180624_080000.wav,San Rafael,Area proteccion embalse EPM,6.3579,-74.9651,1308,Forest,0,0,No_rain
19094,G57_20180624_081600,G57,2018/06/24,08:16:00,G57_20180624_081600.wav,San Rafael,Area proteccion embalse EPM,6.3579,-74.9651,1308,Forest,0,0,No_rain
19095,G57_20180624_083200,G57,2018/06/24,08:32:00,G57_20180624_083200.wav,San Rafael,Area proteccion embalse EPM,6.3579,-74.9651,1308,Forest,0,0,No_rain
19096,G57_20180624_084800,G57,2018/06/24,08:48:00,G57_20180624_084800.wav,San Rafael,Area proteccion embalse EPM,6.3579,-74.9651,1308,Forest,0,0,No_rain
19097,G57_20180624_090400,G57,2018/06/24,09:04:00,G57_20180624_090400.wav,San Rafael,Area proteccion embalse EPM,6.3579,-74.9651,1308,Forest,0,0,No_rain
19098,G57_20180624_092000,G57,2018/06/24,09:20:00,G57_20180624_092000.wav,San Rafael,Area proteccion embalse EPM,6.3579,-74.9651,1308,Forest,0,0,No_rain
19099,G57_20180624_093600,G57,2018/06/24,09:36:00,G57_20180624_093600.wav,San Rafael,Area proteccion embalse EPM,6.3579,-74.9651,1308,Forest,0,0,No_rain
19100,G57_20180624_095200,G57,2018/06/24,09:52:00,G57_20180624_095200.wav,San Rafael,Area proteccion embalse EPM,6.3579,-74.9651,1308,Forest,0,0,No_rain
19101,G57_20180624_100800,G57,2018/06/24,10:08:00,G57_20180624_100800.wav,San Rafael,Area proteccion embalse EPM,6.3579,-74.9651,1308,Forest,0,0,No_rain
19102,G57_20180624_102400,G57,2018/06/24,10:24:00,G57_20180624_102400.wav,San Rafael,Area proteccion embalse EPM,6.3579,-74.9651,1308,Forest,0,0,No_rain
19103,G57_20180624_104000,G57,2018/06/24,10:40:00,G57_20180624_104000.wav,San Rafael,Area proteccion embalse EPM,6.3579,-74.9651,1308,Forest,0,0,No_rain
19104,G57_20180624_105600,G57,2018/06/24,10:56:00,G57_20180624_105600.wav,San Rafael,Area proteccion embalse EPM,6.3579,-74.9651,1308,Forest,0,0,No_rain
19105,G57_20180624_111200,G57,2018/06/24,11:12:00,G57_20180624_111200.wav,San Rafael,Area proteccion embalse EPM,6.3579,-74.9651,1308,Forest,0,0,No_rain
19106,G57_20180624_112800,G57,2018/06/24,11:28:00,G57_20180624_112800.wav,San Rafael,Area proteccion embalse EPM,6.3579,-74.9651,1308,Forest,0,0,No_rain
19107,G57_20180624_114400,G57,2018/06/24,11:44:00,G57_20180624_114400.wav,San Rafael,Area proteccion embalse EPM,6.3579,-74.9651,1308,Forest,0,0,No_rain
19108,G57_20180624_120000,G57,2018/06/24,12:00:00,G57_20180624_120000.wav,San Rafael,Area proteccion embalse EPM,6.3579,-74.9651,1308,Forest,0,0,No_rain
19109,G57_20180624_121600,G57,2018/06/24,12:16:00,G57_20180624_121600.wav,San Rafael,Area proteccion embalse EPM,6.3579,-74.9651,1308,Forest,0,0,No_rain
19110,G57_20180624_123200,G57,2018/06/24,12:32:00,G57_20180624_123200.wav,San Rafael,Area proteccion embalse EPM,6.3579,-74.9651,1308,Forest,0,0,No_rain
19111,G57_20180624_124800,G57,2018/06/24,12:48:00,G57_20180624_124800.wav,San Rafael,Area proteccion embalse EPM,6.3579,-74.9651,1308,Forest,0,0,No_rain
19112,G57_20180624_130400,G57,2018/06/24,13:04:00,G57_20180624_130400.wav,San Rafael,Area proteccion embalse EPM,6.3579,-74.9651,1308,Forest,0,0,No_rain
19113,G57_20180624_132000,G57,2018/06/24,13:20:00,G57_20180624_132000.wav,San Rafael,Area proteccion embalse EPM,6.3579,-74.9651,1308,Forest,0,0,No_rain
19114,G57_20180624_133600,G57,2018/06/24,13:36:00,G57_20180624_133600.wav,San Rafael,Area proteccion embalse EPM,6.3579,-74.9651,1308,Forest,0,0,No_rain
19115,G57_20180624_135200,G57,2018/06/24,13:52:00,G57_20180624_135200.wav,San Rafael,Area proteccion embalse EPM,6.3579,-74.9651,1308,Forest,0,0,No_rain
19116,G57_20180624_140800,G57,2018/06/24,14:08:00,G57_20180624_140800.wav,San Rafael,Area proteccion embalse EPM,6.3579,-74.9651,1308,Forest,0,0,No_rain
19117,G57_20180624_142400,G57,2018/06/24,14:24:00,G57_20180624_142400.wav,San Rafael,Area proteccion embalse EPM,6.3579,-74.9651,1308,Forest,0,0,No_rain
19118,G57_20180624_144000,G57,2018/06/24,14:40:00,G57_20180624_144000.wav,San Rafael,Area proteccion embalse EPM,6.3579,-74.9651,1308,Forest,0,0,No_rain
19119,G57_20180624_145600,G57,2018/06/24,14:56:00,G57_20180624_145600.wav,San Rafael,Area proteccion embalse EPM,6.3579,-74.9651,1308,Forest,0,0,No_rain
19120,G57_20180624_151200,G57,2018/06/24,15:12:00,G57_20180624_151200.wav,San Rafael,Area proteccion embalse EPM,6.3579,-74.9651,1308,Forest,0,0,No_rain
19121,G57_20180624_152800,G57,2018/06/24,15:28:00,G57_20180624_152800.wav,San Rafael,Area proteccion embalse EPM,6.3579,-74.9651,1308,Forest,0,0,No_rain
19122,G57_20180624_154400,G57,2018/06/24,15:44:00,G57_20180624_154400.wav,San Rafael,Area proteccion embalse EPM,6.3579,-74.9651,1308,Forest,0,0,No_rain
19123,G57_20180624_160000,G57,2018/06/24,16:00:00,G57_20180624_160000.wav,San Rafael,Area proteccion embalse EPM,6.3579,-74.9651,1308,Forest,0,0,No_rain
19124,G57_20180624_161600,G57,2018/06/24,16:16:00,G57_20180624_161600.wav,San Rafael,Area proteccion embalse EPM,6.3579,-74.9651,1308,Forest,0,0,No_rain
19125,G57_20180624_163200,G57,2018/06/24,16:32:00,G57_20180624_163200.wav,San Rafael,Area proteccion embalse EPM,6.3579,-74.9651,1308,Forest,0,0,No_rain
19126,G57_20180624_164800,G57,2018/06/24,16:48:00,G57_20180624_164800.wav,San Rafael,Area proteccion embalse EPM,6.3579,-74.9651,1308,Forest,0,0,No_rain
19127,G57_20180624_200000,G57,2018/06/24,20:00:00,G57_20180624_200000.wav,San Rafael,Area proteccion embalse EPM,6.3579,-74.9651,1308,Forest,0,0,No_rain
19128,G57_20180624_201600,G57,2018/06/24,20:16:00,G57_20180624_201600.wav,San Rafael,Area proteccion embalse EPM,6.3579,-74.9651,1308,Forest,0,0,No_rain
19129,G57_20180624_203200,G57,2018/06/24,20:32:00,G57_20180624_203200.wav,San Rafael,Area proteccion embalse EPM,6.3579,-74.9651,1308,Forest,0,0,No_rain
19130,G57_20180624_204800,G57,2018/06/24,20:48:00,G57_20180624_204800.wav,San Rafael,Area proteccion embalse EPM,6.3579,-74.9651,1308,Forest,0,0,No_rain
19131,G57_20180624_210400,G57,2018/06/24,21:04:00,G57_20180624_210400.wav,San Rafael,Area proteccion embalse EPM,6.3579,-74.9651,1308,Forest,0,0,No_rain
19132,G57_20180624_212000,G57,2018/06/24,21:20:00,G57_20180624_212000.wav,San Rafael,Area proteccion embalse EPM,6.3579,-74.9651,1308,Forest,0,0,No_rain
19133,G57_20180624_213600,G57,2018/06/24,21:36:00,G57_20180624_213600.wav,San Rafael,Area proteccion embalse EPM,6.3579,-74.9651,1308,Forest,0,0,No_rain
19134,G57_20180624_215200,G57,2018/06/24,21:52:00,G57_20180624_215200.wav,San Rafael,Area proteccion embalse EPM,6.3579,-74.9651,1308,Forest,0,0,No_rain
19135,G57_20180624_220800,G57,2018/06/24,22:08:00,G57_20180624_220800.wav,San Rafael,Area proteccion embalse EPM,6.3579,-74.9651,1308,Forest,0,0,No_rain
19136,G57_20180624_222400,G57,2018/06/24,22:24:00,G57_20180624_222400.wav,San Rafael,Area proteccion embalse EPM,6.3579,-74.9651,1308,Forest,0,0,No_rain
19137,G57_20180624_224000,G57,2018/06/24,22:40:00,G57_20180624_224000.wav,San Rafael,Area proteccion embalse EPM,6.3579,-74.9651,1308,Forest,0,0,No_rain
19138,G57_20180624_225600,G57,2018/06/24,22:56:00,G57_20180624_225600.wav,San Rafael,Area proteccion embalse EPM,6.3579,-74.9651,1308,Forest,0,0,No_rain
19139,G57_20180624_231200,G57,2018/06/24,23:12:00,G57_20180624_231200.wav,San Rafael,Area proteccion embalse EPM,6.3579,-74.9651,1308,Forest,0,0,No_rain
19140,G57_20180624_232800,G57,2018/06/24,23:28:00,G57_20180624_232800.wav,San Rafael,Area proteccion embalse EPM,6.3579,-74.9651,1308,Forest,0,0,No_rain
19141,G57_20180624_234400,G57,2018/06/24,23:44:00,G57_20180624_234400.wav,San Rafael,Area proteccion embalse EPM,6.3579,-74.9651,1308,Forest,0,0,No_rain
19142,G57_20180625_000000,G57,2018/06/25,00:00:00,G57_20180625_000000.wav,San Rafael,Area proteccion embalse EPM,6.3579,-74.9651,1308,Forest,0,0,No_rain
19143,G57_20180625_001600,G57,2018/06/25,00:16:00,G57_20180625_001600.wav,San Rafael,Area proteccion embalse EPM,6.3579,-74.9651,1308,Forest,0,0,No_rain
19144,G57_20180625_003200,G57,2018/06/25,00:32:00,G57_20180625_003200.wav,San Rafael,Area proteccion embalse EPM,6.3579,-74.9651,1308,Forest,0,0,No_rain
19145,G57_20180625_004800,G57,2018/06/25,00:48:00,G57_20180625_004800.wav,San Rafael,Area proteccion embalse EPM,6.3579,-74.9651,1308,Forest,0,0,No_rain
19146,G57_20180625_010400,G57,2018/06/25,01:04:00,G57_20180625_010400.wav,San Rafael,Area proteccion embalse EPM,6.3579,-74.9651,1308,Forest,0,0,No_rain
19147,G57_20180625_012000,G57,2018/06/25,01:20:00,G57_20180625_012000.wav,San Rafael,Area proteccion embalse EPM,6.3579,-74.9651,1308,Forest,0,0,No_rain
19148,G57_20180625_013600,G57,2018/06/25,01:36:00,G57_20180625_013600.wav,San Rafael,Area proteccion embalse EPM,6.3579,-74.9651,1308,Forest,0,0,No_rain
19149,G57_20180625_015200,G57,2018/06/25,01:52:00,G57_20180625_015200.wav,San Rafael,Area proteccion embalse EPM,6.3579,-74.9651,1308,Forest,0,0,No_rain
19150,G57_20180625_020800,G57,2018/06/25,02:08:00,G57_20180625_020800.wav,San Rafael,Area proteccion embalse EPM,6.3579,-74.9651,1308,Forest,0,0,No_rain
19151,G57_20180625_022400,G57,2018/06/25,02:24:00,G57_20180625_022400.wav,San Rafael,Area proteccion embalse EPM,6.3579,-74.9651,1308,Forest,0,0,No_rain
19152,G57_20180625_024000,G57,2018/06/25,02:40:00,G57_20180625_024000.wav,San Rafael,Area proteccion embalse EPM,6.3579,-74.9651,1308,Forest,0,0,No_rain
19153,G57_20180625_025600,G57,2018/06/25,02:56:00,G57_20180625_025600.wav,San Rafael,Area proteccion embalse EPM,6.3579,-74.9651,1308,Forest,0,0,No_rain
19154,G57_20180625_031200,G57,2018/06/25,03:12:00,G57_20180625_031200.wav,San Rafael,Area proteccion embalse EPM,6.3579,-74.9651,1308,Forest,0,0,No_rain
19155,G57_20180625_032800,G57,2018/06/25,03:28:00,G57_20180625_032800.wav,San Rafael,Area proteccion embalse EPM,6.3579,-74.9651,1308,Forest,0,0,No_rain
19156,G57_20180625_034400,G57,2018/06/25,03:44:00,G57_20180625_034400.wav,San Rafael,Area proteccion embalse EPM,6.3579,-74.9651,1308,Forest,0,0,No_rain
19157,G57_20180625_040000,G57,2018/06/25,04:00:00,G57_20180625_040000.wav,San Rafael,Area proteccion embalse EPM,6.3579,-74.9651,1308,Forest,0,0,No_rain
19158,G57_20180625_041600,G57,2018/06/25,04:16:00,G57_20180625_041600.wav,San Rafael,Area proteccion embalse EPM,6.3579,-74.9651,1308,Forest,0,0,No_rain
19159,G57_20180625_043200,G57,2018/06/25,04:32:00,G57_20180625_043200.wav,San Rafael,Area proteccion embalse EPM,6.3579,-74.9651,1308,Forest,0,0,No_rain
19160,G57_20180625_044800,G57,2018/06/25,04:48:00,G57_20180625_044800.wav,San Rafael,Area proteccion embalse EPM,6.3579,-74.9651,1308,Forest,0,0,No_rain
19161,G57_20180625_080000,G57,2018/06/25,08:00:00,G57_20180625_080000.wav,San Rafael,Area proteccion embalse EPM,6.3579,-74.9651,1308,Forest,0,0,No_rain
19162,G57_20180625_081600,G57,2018/06/25,08:16:00,G57_20180625_081600.wav,San Rafael,Area proteccion embalse EPM,6.3579,-74.9651,1308,Forest,0,0,No_rain
19163,G57_20180625_083200,G57,2018/06/25,08:32:00,G57_20180625_083200.wav,San Rafael,Area proteccion embalse EPM,6.3579,-74.9651,1308,Forest,0,0,No_rain
19164,G57_20180625_084800,G57,2018/06/25,08:48:00,G57_20180625_084800.wav,San Rafael,Area proteccion embalse EPM,6.3579,-74.9651,1308,Forest,0,0,No_rain
19165,G57_20180618_171500,G57,2018/06/18,17:15:00,G57_20180618_171500.wav,San Rafael,Area proteccion embalse EPM,6.3579,-74.9651,1308,Forest,0,0,No_rain
19166,G57_20180618_170000,G57,2018/06/18,17:00:00,G57_20180618_170000.wav,San Rafael,Area proteccion embalse EPM,6.3579,-74.9651,1308,Forest,0,0,No_rain
19167,G57_20180618_174500,G57,2018/06/18,17:45:00,G57_20180618_174500.wav,San Rafael,Area proteccion embalse EPM,6.3579,-74.9651,1308,Forest,0,0,No_rain
19168,G57_20180618_173000,G57,2018/06/18,17:30:00,G57_20180618_173000.wav,San Rafael,Area proteccion embalse EPM,6.3579,-74.9651,1308,Forest,0,0,No_rain
19169,G57_20180618_180000,G57,2018/06/18,18:00:00,G57_20180618_180000.wav,San Rafael,Area proteccion embalse EPM,6.3579,-74.9651,1308,Forest,0,0,No_rain
19170,G57_20180618_181500,G57,2018/06/18,18:15:00,G57_20180618_181500.wav,San Rafael,Area proteccion embalse EPM,6.3579,-74.9651,1308,Forest,0,0,No_rain
19171,G57_20180618_183000,G57,2018/06/18,18:30:00,G57_20180618_183000.wav,San Rafael,Area proteccion embalse EPM,6.3579,-74.9651,1308,Forest,0,0,No_rain
19172,G57_20180618_184500,G57,2018/06/18,18:45:00,G57_20180618_184500.wav,San Rafael,Area proteccion embalse EPM,6.3579,-74.9651,1308,Forest,0,0,No_rain
19173,G57_20180618_191500,G57,2018/06/18,19:15:00,G57_20180618_191500.wav,San Rafael,Area proteccion embalse EPM,6.3579,-74.9651,1308,Forest,0,0,No_rain
19174,G57_20180618_190000,G57,2018/06/18,19:00:00,G57_20180618_190000.wav,San Rafael,Area proteccion embalse EPM,6.3579,-74.9651,1308,Forest,0,0,No_rain
19175,G57_20180618_193000,G57,2018/06/18,19:30:00,G57_20180618_193000.wav,San Rafael,Area proteccion embalse EPM,6.3579,-74.9651,1308,Forest,0,0,No_rain
19176,G57_20180619_050000,G57,2018/06/19,05:00:00,G57_20180619_050000.wav,San Rafael,Area proteccion embalse EPM,6.3579,-74.9651,1308,Forest,0,0,No_rain
19177,G57_20180618_194500,G57,2018/06/18,19:45:00,G57_20180618_194500.wav,San Rafael,Area proteccion embalse EPM,6.3579,-74.9651,1308,Forest,1,1,Light
19178,G57_20180619_053000,G57,2018/06/19,05:30:00,G57_20180619_053000.wav,San Rafael,Area proteccion embalse EPM,6.3579,-74.9651,1308,Forest,0,0,No_rain
19179,G57_20180619_051500,G57,2018/06/19,05:15:00,G57_20180619_051500.wav,San Rafael,Area proteccion embalse EPM,6.3579,-74.9651,1308,Forest,0,0,No_rain
19180,G57_20180619_054500,G57,2018/06/19,05:45:00,G57_20180619_054500.wav,San Rafael,Area proteccion embalse EPM,6.3579,-74.9651,1308,Forest,0,0,No_rain
19181,G57_20180619_060000,G57,2018/06/19,06:00:00,G57_20180619_060000.wav,San Rafael,Area proteccion embalse EPM,6.3579,-74.9651,1308,Forest,0,0,No_rain
19182,G57_20180619_063000,G57,2018/06/19,06:30:00,G57_20180619_063000.wav,San Rafael,Area proteccion embalse EPM,6.3579,-74.9651,1308,Forest,0,0,No_rain
19183,G57_20180619_061500,G57,2018/06/19,06:15:00,G57_20180619_061500.wav,San Rafael,Area proteccion embalse EPM,6.3579,-74.9651,1308,Forest,0,0,No_rain
19184,G57_20180619_064500,G57,2018/06/19,06:45:00,G57_20180619_064500.wav,San Rafael,Area proteccion embalse EPM,6.3579,-74.9651,1308,Forest,0,0,No_rain
19185,G57_20180619_070000,G57,2018/06/19,07:00:00,G57_20180619_070000.wav,San Rafael,Area proteccion embalse EPM,6.3579,-74.9651,1308,Forest,0,0,No_rain
19186,G57_20180619_073000,G57,2018/06/19,07:30:00,G57_20180619_073000.wav,San Rafael,Area proteccion embalse EPM,6.3579,-74.9651,1308,Forest,0,0,No_rain
19187,G57_20180619_071500,G57,2018/06/19,07:15:00,G57_20180619_071500.wav,San Rafael,Area proteccion embalse EPM,6.3579,-74.9651,1308,Forest,0,0,No_rain
19188,G57_20180619_074500,G57,2018/06/19,07:45:00,G57_20180619_074500.wav,San Rafael,Area proteccion embalse EPM,6.3579,-74.9651,1308,Forest,0,0,No_rain
19189,G57_20180619_170000,G57,2018/06/19,17:00:00,G57_20180619_170000.wav,San Rafael,Area proteccion embalse EPM,6.3579,-74.9651,1308,Forest,0,0,No_rain
19190,G57_20180619_171500,G57,2018/06/19,17:15:00,G57_20180619_171500.wav,San Rafael,Area proteccion embalse EPM,6.3579,-74.9651,1308,Forest,0,0,No_rain
19191,G57_20180619_174500,G57,2018/06/19,17:45:00,G57_20180619_174500.wav,San Rafael,Area proteccion embalse EPM,6.3579,-74.9651,1308,Forest,0,0,No_rain
19192,G57_20180619_173000,G57,2018/06/19,17:30:00,G57_20180619_173000.wav,San Rafael,Area proteccion embalse EPM,6.3579,-74.9651,1308,Forest,0,0,No_rain
19193,G57_20180619_181500,G57,2018/06/19,18:15:00,G57_20180619_181500.wav,San Rafael,Area proteccion embalse EPM,6.3579,-74.9651,1308,Forest,0,0,No_rain
19194,G57_20180619_180000,G57,2018/06/19,18:00:00,G57_20180619_180000.wav,San Rafael,Area proteccion embalse EPM,6.3579,-74.9651,1308,Forest,0,0,No_rain
19195,G57_20180619_184500,G57,2018/06/19,18:45:00,G57_20180619_184500.wav,San Rafael,Area proteccion embalse EPM,6.3579,-74.9651,1308,Forest,0,0,No_rain
19196,G57_20180619_183000,G57,2018/06/19,18:30:00,G57_20180619_183000.wav,San Rafael,Area proteccion embalse EPM,6.3579,-74.9651,1308,Forest,0,0,No_rain
19197,G57_20180619_191500,G57,2018/06/19,19:15:00,G57_20180619_191500.wav,San Rafael,Area proteccion embalse EPM,6.3579,-74.9651,1308,Forest,0,0,No_rain
19198,G57_20180619_190000,G57,2018/06/19,19:00:00,G57_20180619_190000.wav,San Rafael,Area proteccion embalse EPM,6.3579,-74.9651,1308,Forest,0,0,No_rain
19199,G57_20180619_194500,G57,2018/06/19,19:45:00,G57_20180619_194500.wav,San Rafael,Area proteccion embalse EPM,6.3579,-74.9651,1308,Forest,0,0,No_rain
19200,G57_20180619_193000,G57,2018/06/19,19:30:00,G57_20180619_193000.wav,San Rafael,Area proteccion embalse EPM,6.3579,-74.9651,1308,Forest,0,0,No_rain
19201,G57_20180620_050000,G57,2018/06/20,05:00:00,G57_20180620_050000.wav,San Rafael,Area proteccion embalse EPM,6.3579,-74.9651,1308,Forest,1,1,Light
19202,G57_20180620_053000,G57,2018/06/20,05:30:00,G57_20180620_053000.wav,San Rafael,Area proteccion embalse EPM,6.3579,-74.9651,1308,Forest,1,2,Moderate
19203,G57_20180620_051500,G57,2018/06/20,05:15:00,G57_20180620_051500.wav,San Rafael,Area proteccion embalse EPM,6.3579,-74.9651,1308,Forest,1,2,Moderate
19204,G57_20180620_060000,G57,2018/06/20,06:00:00,G57_20180620_060000.wav,San Rafael,Area proteccion embalse EPM,6.3579,-74.9651,1308,Forest,1,2,Moderate
19205,G57_20180620_054500,G57,2018/06/20,05:45:00,G57_20180620_054500.wav,San Rafael,Area proteccion embalse EPM,6.3579,-74.9651,1308,Forest,1,3,Heavy
19206,G57_20180620_061500,G57,2018/06/20,06:15:00,G57_20180620_061500.wav,San Rafael,Area proteccion embalse EPM,6.3579,-74.9651,1308,Forest,1,1,Light
19207,G57_20180620_063000,G57,2018/06/20,06:30:00,G57_20180620_063000.wav,San Rafael,Area proteccion embalse EPM,6.3579,-74.9651,1308,Forest,1,1,Light
19208,G57_20180620_064500,G57,2018/06/20,06:45:00,G57_20180620_064500.wav,San Rafael,Area proteccion embalse EPM,6.3579,-74.9651,1308,Forest,1,1,Light
19209,G57_20180620_070000,G57,2018/06/20,07:00:00,G57_20180620_070000.wav,San Rafael,Area proteccion embalse EPM,6.3579,-74.9651,1308,Forest,1,1,Light
19210,G57_20180620_071500,G57,2018/06/20,07:15:00,G57_20180620_071500.wav,San Rafael,Area proteccion embalse EPM,6.3579,-74.9651,1308,Forest,1,1,Light
19211,G57_20180620_073000,G57,2018/06/20,07:30:00,G57_20180620_073000.wav,San Rafael,Area proteccion embalse EPM,6.3579,-74.9651,1308,Forest,1,1,Light
19212,G57_20180620_074500,G57,2018/06/20,07:45:00,G57_20180620_074500.wav,San Rafael,Area proteccion embalse EPM,6.3579,-74.9651,1308,Forest,1,1,Light
19213,G57_20180620_170000,G57,2018/06/20,17:00:00,G57_20180620_170000.wav,San Rafael,Area proteccion embalse EPM,6.3579,-74.9651,1308,Forest,0,0,No_rain
19214,G57_20180620_171500,G57,2018/06/20,17:15:00,G57_20180620_171500.wav,San Rafael,Area proteccion embalse EPM,6.3579,-74.9651,1308,Forest,0,0,No_rain
19215,G57_20180620_173000,G57,2018/06/20,17:30:00,G57_20180620_173000.wav,San Rafael,Area proteccion embalse EPM,6.3579,-74.9651,1308,Forest,0,0,No_rain
19216,G57_20180620_174500,G57,2018/06/20,17:45:00,G57_20180620_174500.wav,San Rafael,Area proteccion embalse EPM,6.3579,-74.9651,1308,Forest,0,0,No_rain
19217,G57_20180620_180000,G57,2018/06/20,18:00:00,G57_20180620_180000.wav,San Rafael,Area proteccion embalse EPM,6.3579,-74.9651,1308,Forest,0,0,No_rain
19218,G57_20180620_181500,G57,2018/06/20,18:15:00,G57_20180620_181500.wav,San Rafael,Area proteccion embalse EPM,6.3579,-74.9651,1308,Forest,0,0,No_rain
19219,G57_20180620_183000,G57,2018/06/20,18:30:00,G57_20180620_183000.wav,San Rafael,Area proteccion embalse EPM,6.3579,-74.9651,1308,Forest,0,0,No_rain
19220,G57_20180620_184500,G57,2018/06/20,18:45:00,G57_20180620_184500.wav,San Rafael,Area proteccion embalse EPM,6.3579,-74.9651,1308,Forest,0,0,No_rain
19221,G57_20180620_191500,G57,2018/06/20,19:15:00,G57_20180620_191500.wav,San Rafael,Area proteccion embalse EPM,6.3579,-74.9651,1308,Forest,0,0,No_rain
19222,G57_20180620_190000,G57,2018/06/20,19:00:00,G57_20180620_190000.wav,San Rafael,Area proteccion embalse EPM,6.3579,-74.9651,1308,Forest,0,0,No_rain
19223,G57_20180620_194500,G57,2018/06/20,19:45:00,G57_20180620_194500.wav,San Rafael,Area proteccion embalse EPM,6.3579,-74.9651,1308,Forest,0,0,No_rain
19224,G57_20180620_193000,G57,2018/06/20,19:30:00,G57_20180620_193000.wav,San Rafael,Area proteccion embalse EPM,6.3579,-74.9651,1308,Forest,0,0,No_rain
19225,G57_20180621_051500,G57,2018/06/21,05:15:00,G57_20180621_051500.wav,San Rafael,Area proteccion embalse EPM,6.3579,-74.9651,1308,Forest,0,0,No_rain
19226,G57_20180621_050000,G57,2018/06/21,05:00:00,G57_20180621_050000.wav,San Rafael,Area proteccion embalse EPM,6.3579,-74.9651,1308,Forest,0,0,No_rain
19227,G57_20180621_053000,G57,2018/06/21,05:30:00,G57_20180621_053000.wav,San Rafael,Area proteccion embalse EPM,6.3579,-74.9651,1308,Forest,0,0,No_rain
19228,G57_20180621_060000,G57,2018/06/21,06:00:00,G57_20180621_060000.wav,San Rafael,Area proteccion embalse EPM,6.3579,-74.9651,1308,Forest,0,0,No_rain
19229,G57_20180621_054500,G57,2018/06/21,05:45:00,G57_20180621_054500.wav,San Rafael,Area proteccion embalse EPM,6.3579,-74.9651,1308,Forest,0,0,No_rain
19230,G57_20180621_061500,G57,2018/06/21,06:15:00,G57_20180621_061500.wav,San Rafael,Area proteccion embalse EPM,6.3579,-74.9651,1308,Forest,0,0,No_rain
19231,G57_20180621_063000,G57,2018/06/21,06:30:00,G57_20180621_063000.wav,San Rafael,Area proteccion embalse EPM,6.3579,-74.9651,1308,Forest,0,0,No_rain
19232,G57_20180621_064500,G57,2018/06/21,06:45:00,G57_20180621_064500.wav,San Rafael,Area proteccion embalse EPM,6.3579,-74.9651,1308,Forest,0,0,No_rain
19233,G57_20180621_070000,G57,2018/06/21,07:00:00,G57_20180621_070000.wav,San Rafael,Area proteccion embalse EPM,6.3579,-74.9651,1308,Forest,0,0,No_rain
19234,G57_20180621_071500,G57,2018/06/21,07:15:00,G57_20180621_071500.wav,San Rafael,Area proteccion embalse EPM,6.3579,-74.9651,1308,Forest,0,0,No_rain
19235,G57_20180621_073000,G57,2018/06/21,07:30:00,G57_20180621_073000.wav,San Rafael,Area proteccion embalse EPM,6.3579,-74.9651,1308,Forest,0,0,No_rain
19236,G57_20180621_074500,G57,2018/06/21,07:45:00,G57_20180621_074500.wav,San Rafael,Area proteccion embalse EPM,6.3579,-74.9651,1308,Forest,0,0,No_rain
19237,G57_20180621_170000,G57,2018/06/21,17:00:00,G57_20180621_170000.wav,San Rafael,Area proteccion embalse EPM,6.3579,-74.9651,1308,Forest,0,0,No_rain
19238,G57_20180621_171500,G57,2018/06/21,17:15:00,G57_20180621_171500.wav,San Rafael,Area proteccion embalse EPM,6.3579,-74.9651,1308,Forest,0,0,No_rain
19239,G57_20180621_173000,G57,2018/06/21,17:30:00,G57_20180621_173000.wav,San Rafael,Area proteccion embalse EPM,6.3579,-74.9651,1308,Forest,0,0,No_rain
19240,G57_20180621_174500,G57,2018/06/21,17:45:00,G57_20180621_174500.wav,San Rafael,Area proteccion embalse EPM,6.3579,-74.9651,1308,Forest,0,0,No_rain
19241,G57_20180621_181500,G57,2018/06/21,18:15:00,G57_20180621_181500.wav,San Rafael,Area proteccion embalse EPM,6.3579,-74.9651,1308,Forest,0,0,No_rain
19242,G57_20180621_180000,G57,2018/06/21,18:00:00,G57_20180621_180000.wav,San Rafael,Area proteccion embalse EPM,6.3579,-74.9651,1308,Forest,0,0,No_rain
19243,G57_20180621_184500,G57,2018/06/21,18:45:00,G57_20180621_184500.wav,San Rafael,Area proteccion embalse EPM,6.3579,-74.9651,1308,Forest,0,0,No_rain
19244,G57_20180621_183000,G57,2018/06/21,18:30:00,G57_20180621_183000.wav,San Rafael,Area proteccion embalse EPM,6.3579,-74.9651,1308,Forest,0,0,No_rain
19245,G57_20180621_191500,G57,2018/06/21,19:15:00,G57_20180621_191500.wav,San Rafael,Area proteccion embalse EPM,6.3579,-74.9651,1308,Forest,0,0,No_rain
19246,G57_20180621_190000,G57,2018/06/21,19:00:00,G57_20180621_190000.wav,San Rafael,Area proteccion embalse EPM,6.3579,-74.9651,1308,Forest,0,0,No_rain
19247,G57_20180621_193000,G57,2018/06/21,19:30:00,G57_20180621_193000.wav,San Rafael,Area proteccion embalse EPM,6.3579,-74.9651,1308,Forest,0,0,No_rain
19248,G57_20180621_194500,G57,2018/06/21,19:45:00,G57_20180621_194500.wav,San Rafael,Area proteccion embalse EPM,6.3579,-74.9651,1308,Forest,0,0,No_rain
19249,G57_20180622_050000,G57,2018/06/22,05:00:00,G57_20180622_050000.wav,San Rafael,Area proteccion embalse EPM,6.3579,-74.9651,1308,Forest,0,0,No_rain
19250,G57_20180622_053000,G57,2018/06/22,05:30:00,G57_20180622_053000.wav,San Rafael,Area proteccion embalse EPM,6.3579,-74.9651,1308,Forest,0,0,No_rain
19251,G57_20180622_051500,G57,2018/06/22,05:15:00,G57_20180622_051500.wav,San Rafael,Area proteccion embalse EPM,6.3579,-74.9651,1308,Forest,0,0,No_rain
19252,G57_20180622_054500,G57,2018/06/22,05:45:00,G57_20180622_054500.wav,San Rafael,Area proteccion embalse EPM,6.3579,-74.9651,1308,Forest,0,0,No_rain
19253,G57_20180622_060000,G57,2018/06/22,06:00:00,G57_20180622_060000.wav,San Rafael,Area proteccion embalse EPM,6.3579,-74.9651,1308,Forest,0,0,No_rain
19254,G57_20180622_061500,G57,2018/06/22,06:15:00,G57_20180622_061500.wav,San Rafael,Area proteccion embalse EPM,6.3579,-74.9651,1308,Forest,0,0,No_rain
19255,G57_20180622_063000,G57,2018/06/22,06:30:00,G57_20180622_063000.wav,San Rafael,Area proteccion embalse EPM,6.3579,-74.9651,1308,Forest,0,0,No_rain
19256,G57_20180622_070000,G57,2018/06/22,07:00:00,G57_20180622_070000.wav,San Rafael,Area proteccion embalse EPM,6.3579,-74.9651,1308,Forest,0,0,No_rain
19257,G57_20180622_064500,G57,2018/06/22,06:45:00,G57_20180622_064500.wav,San Rafael,Area proteccion embalse EPM,6.3579,-74.9651,1308,Forest,0,0,No_rain
19258,G57_20180622_071500,G57,2018/06/22,07:15:00,G57_20180622_071500.wav,San Rafael,Area proteccion embalse EPM,6.3579,-74.9651,1308,Forest,0,0,No_rain
19259,G57_20180622_074500,G57,2018/06/22,07:45:00,G57_20180622_074500.wav,San Rafael,Area proteccion embalse EPM,6.3579,-74.9651,1308,Forest,0,0,No_rain
19260,G57_20180622_073000,G57,2018/06/22,07:30:00,G57_20180622_073000.wav,San Rafael,Area proteccion embalse EPM,6.3579,-74.9651,1308,Forest,0,0,No_rain
19261,G57_20180622_171500,G57,2018/06/22,17:15:00,G57_20180622_171500.wav,San Rafael,Area proteccion embalse EPM,6.3579,-74.9651,1308,Forest,0,0,No_rain
19262,G57_20180622_170000,G57,2018/06/22,17:00:00,G57_20180622_170000.wav,San Rafael,Area proteccion embalse EPM,6.3579,-74.9651,1308,Forest,0,0,No_rain
19263,G57_20180622_173000,G57,2018/06/22,17:30:00,G57_20180622_173000.wav,San Rafael,Area proteccion embalse EPM,6.3579,-74.9651,1308,Forest,0,0,No_rain
19264,G57_20180622_174500,G57,2018/06/22,17:45:00,G57_20180622_174500.wav,San Rafael,Area proteccion embalse EPM,6.3579,-74.9651,1308,Forest,0,0,No_rain
19265,G57_20180622_181500,G57,2018/06/22,18:15:00,G57_20180622_181500.wav,San Rafael,Area proteccion embalse EPM,6.3579,-74.9651,1308,Forest,0,0,No_rain
19266,G57_20180622_180000,G57,2018/06/22,18:00:00,G57_20180622_180000.wav,San Rafael,Area proteccion embalse EPM,6.3579,-74.9651,1308,Forest,0,0,No_rain
19267,G57_20180622_184500,G57,2018/06/22,18:45:00,G57_20180622_184500.wav,San Rafael,Area proteccion embalse EPM,6.3579,-74.9651,1308,Forest,0,0,No_rain
19268,G57_20180622_183000,G57,2018/06/22,18:30:00,G57_20180622_183000.wav,San Rafael,Area proteccion embalse EPM,6.3579,-74.9651,1308,Forest,0,0,No_rain
19269,G57_20180622_190000,G57,2018/06/22,19:00:00,G57_20180622_190000.wav,San Rafael,Area proteccion embalse EPM,6.3579,-74.9651,1308,Forest,0,0,No_rain
19270,G57_20180622_191500,G57,2018/06/22,19:15:00,G57_20180622_191500.wav,San Rafael,Area proteccion embalse EPM,6.3579,-74.9651,1308,Forest,0,0,No_rain
19271,G57_20180622_193000,G57,2018/06/22,19:30:00,G57_20180622_193000.wav,San Rafael,Area proteccion embalse EPM,6.3579,-74.9651,1308,Forest,0,0,No_rain
19272,G57_20180623_050000,G57,2018/06/23,05:00:00,G57_20180623_050000.wav,San Rafael,Area proteccion embalse EPM,6.3579,-74.9651,1308,Forest,0,0,No_rain
19273,G57_20180622_194500,G57,2018/06/22,19:45:00,G57_20180622_194500.wav,San Rafael,Area proteccion embalse EPM,6.3579,-74.9651,1308,Forest,0,0,No_rain
19274,G57_20180623_051500,G57,2018/06/23,05:15:00,G57_20180623_051500.wav,San Rafael,Area proteccion embalse EPM,6.3579,-74.9651,1308,Forest,0,0,No_rain
19275,G57_20180623_053000,G57,2018/06/23,05:30:00,G57_20180623_053000.wav,San Rafael,Area proteccion embalse EPM,6.3579,-74.9651,1308,Forest,0,0,No_rain
19276,G57_20180623_060000,G57,2018/06/23,06:00:00,G57_20180623_060000.wav,San Rafael,Area proteccion embalse EPM,6.3579,-74.9651,1308,Forest,0,0,No_rain
19277,G57_20180623_054500,G57,2018/06/23,05:45:00,G57_20180623_054500.wav,San Rafael,Area proteccion embalse EPM,6.3579,-74.9651,1308,Forest,0,0,No_rain
19278,G57_20180623_063000,G57,2018/06/23,06:30:00,G57_20180623_063000.wav,San Rafael,Area proteccion embalse EPM,6.3579,-74.9651,1308,Forest,0,0,No_rain
19279,G57_20180623_061500,G57,2018/06/23,06:15:00,G57_20180623_061500.wav,San Rafael,Area proteccion embalse EPM,6.3579,-74.9651,1308,Forest,0,0,No_rain
19280,G57_20180623_070000,G57,2018/06/23,07:00:00,G57_20180623_070000.wav,San Rafael,Area proteccion embalse EPM,6.3579,-74.9651,1308,Forest,0,0,No_rain
19281,G57_20180623_064500,G57,2018/06/23,06:45:00,G57_20180623_064500.wav,San Rafael,Area proteccion embalse EPM,6.3579,-74.9651,1308,Forest,0,0,No_rain
19282,G57_20180623_071500,G57,2018/06/23,07:15:00,G57_20180623_071500.wav,San Rafael,Area proteccion embalse EPM,6.3579,-74.9651,1308,Forest,0,0,No_rain
19283,G57_20180623_073000,G57,2018/06/23,07:30:00,G57_20180623_073000.wav,San Rafael,Area proteccion embalse EPM,6.3579,-74.9651,1308,Forest,0,0,No_rain
19284,G57_20180623_074500,G57,2018/06/23,07:45:00,G57_20180623_074500.wav,San Rafael,Area proteccion embalse EPM,6.3579,-74.9651,1308,Forest,0,0,No_rain
19285,G57_20180623_170000,G57,2018/06/23,17:00:00,G57_20180623_170000.wav,San Rafael,Area proteccion embalse EPM,6.3579,-74.9651,1308,Forest,0,0,No_rain
19286,G57_20180623_171500,G57,2018/06/23,17:15:00,G57_20180623_171500.wav,San Rafael,Area proteccion embalse EPM,6.3579,-74.9651,1308,Forest,0,0,No_rain
19287,G57_20180623_173000,G57,2018/06/23,17:30:00,G57_20180623_173000.wav,San Rafael,Area proteccion embalse EPM,6.3579,-74.9651,1308,Forest,0,0,No_rain
19288,G57_20180623_174500,G57,2018/06/23,17:45:00,G57_20180623_174500.wav,San Rafael,Area proteccion embalse EPM,6.3579,-74.9651,1308,Forest,0,0,No_rain
19289,G57_20180623_180000,G57,2018/06/23,18:00:00,G57_20180623_180000.wav,San Rafael,Area proteccion embalse EPM,6.3579,-74.9651,1308,Forest,0,0,No_rain
19290,G57_20180623_181500,G57,2018/06/23,18:15:00,G57_20180623_181500.wav,San Rafael,Area proteccion embalse EPM,6.3579,-74.9651,1308,Forest,0,0,No_rain
19291,G57_20180623_183000,G57,2018/06/23,18:30:00,G57_20180623_183000.wav,San Rafael,Area proteccion embalse EPM,6.3579,-74.9651,1308,Forest,0,0,No_rain
19292,G57_20180623_184500,G57,2018/06/23,18:45:00,G57_20180623_184500.wav,San Rafael,Area proteccion embalse EPM,6.3579,-74.9651,1308,Forest,0,0,No_rain
19293,G57_20180623_190000,G57,2018/06/23,19:00:00,G57_20180623_190000.wav,San Rafael,Area proteccion embalse EPM,6.3579,-74.9651,1308,Forest,0,0,No_rain
19294,G57_20180623_191500,G57,2018/06/23,19:15:00,G57_20180623_191500.wav,San Rafael,Area proteccion embalse EPM,6.3579,-74.9651,1308,Forest,0,0,No_rain
19295,G57_20180623_193000,G57,2018/06/23,19:30:00,G57_20180623_193000.wav,San Rafael,Area proteccion embalse EPM,6.3579,-74.9651,1308,Forest,0,0,No_rain
19296,G57_20180623_194500,G57,2018/06/23,19:45:00,G57_20180623_194500.wav,San Rafael,Area proteccion embalse EPM,6.3579,-74.9651,1308,Forest,0,0,No_rain
19297,G57_20180624_050000,G57,2018/06/24,05:00:00,G57_20180624_050000.wav,San Rafael,Area proteccion embalse EPM,6.3579,-74.9651,1308,Forest,1,1,Light
19298,G57_20180624_053000,G57,2018/06/24,05:30:00,G57_20180624_053000.wav,San Rafael,Area proteccion embalse EPM,6.3579,-74.9651,1308,Forest,0,0,No_rain
19299,G57_20180624_051500,G57,2018/06/24,05:15:00,G57_20180624_051500.wav,San Rafael,Area proteccion embalse EPM,6.3579,-74.9651,1308,Forest,1,1,Light
19300,G57_20180624_054500,G57,2018/06/24,05:45:00,G57_20180624_054500.wav,San Rafael,Area proteccion embalse EPM,6.3579,-74.9651,1308,Forest,0,0,No_rain
19301,G57_20180624_060000,G57,2018/06/24,06:00:00,G57_20180624_060000.wav,San Rafael,Area proteccion embalse EPM,6.3579,-74.9651,1308,Forest,0,0,No_rain
19302,G57_20180624_063000,G57,2018/06/24,06:30:00,G57_20180624_063000.wav,San Rafael,Area proteccion embalse EPM,6.3579,-74.9651,1308,Forest,0,0,No_rain
19303,G57_20180624_061500,G57,2018/06/24,06:15:00,G57_20180624_061500.wav,San Rafael,Area proteccion embalse EPM,6.3579,-74.9651,1308,Forest,0,0,No_rain
19304,G57_20180624_064500,G57,2018/06/24,06:45:00,G57_20180624_064500.wav,San Rafael,Area proteccion embalse EPM,6.3579,-74.9651,1308,Forest,0,0,No_rain
19305,G57_20180624_070000,G57,2018/06/24,07:00:00,G57_20180624_070000.wav,San Rafael,Area proteccion embalse EPM,6.3579,-74.9651,1308,Forest,0,0,No_rain
19306,G57_20180624_071500,G57,2018/06/24,07:15:00,G57_20180624_071500.wav,San Rafael,Area proteccion embalse EPM,6.3579,-74.9651,1308,Forest,0,0,No_rain
19307,G57_20180624_073000,G57,2018/06/24,07:30:00,G57_20180624_073000.wav,San Rafael,Area proteccion embalse EPM,6.3579,-74.9651,1308,Forest,0,0,No_rain
19308,G57_20180624_074500,G57,2018/06/24,07:45:00,G57_20180624_074500.wav,San Rafael,Area proteccion embalse EPM,6.3579,-74.9651,1308,Forest,0,0,No_rain
19309,G57_20180624_170000,G57,2018/06/24,17:00:00,G57_20180624_170000.wav,San Rafael,Area proteccion embalse EPM,6.3579,-74.9651,1308,Forest,0,0,No_rain
19310,G57_20180624_171500,G57,2018/06/24,17:15:00,G57_20180624_171500.wav,San Rafael,Area proteccion embalse EPM,6.3579,-74.9651,1308,Forest,0,0,No_rain
19311,G57_20180624_174500,G57,2018/06/24,17:45:00,G57_20180624_174500.wav,San Rafael,Area proteccion embalse EPM,6.3579,-74.9651,1308,Forest,0,0,No_rain
19312,G57_20180624_173000,G57,2018/06/24,17:30:00,G57_20180624_173000.wav,San Rafael,Area proteccion embalse EPM,6.3579,-74.9651,1308,Forest,0,0,No_rain
19313,G57_20180624_181500,G57,2018/06/24,18:15:00,G57_20180624_181500.wav,San Rafael,Area proteccion embalse EPM,6.3579,-74.9651,1308,Forest,0,0,No_rain
19314,G57_20180624_180000,G57,2018/06/24,18:00:00,G57_20180624_180000.wav,San Rafael,Area proteccion embalse EPM,6.3579,-74.9651,1308,Forest,0,0,No_rain
19315,G57_20180624_184500,G57,2018/06/24,18:45:00,G57_20180624_184500.wav,San Rafael,Area proteccion embalse EPM,6.3579,-74.9651,1308,Forest,0,0,No_rain
19316,G57_20180624_183000,G57,2018/06/24,18:30:00,G57_20180624_183000.wav,San Rafael,Area proteccion embalse EPM,6.3579,-74.9651,1308,Forest,0,0,No_rain
19317,G57_20180624_190000,G57,2018/06/24,19:00:00,G57_20180624_190000.wav,San Rafael,Area proteccion embalse EPM,6.3579,-74.9651,1308,Forest,0,0,No_rain
19318,G57_20180624_193000,G57,2018/06/24,19:30:00,G57_20180624_193000.wav,San Rafael,Area proteccion embalse EPM,6.3579,-74.9651,1308,Forest,0,0,No_rain
19319,G57_20180624_191500,G57,2018/06/24,19:15:00,G57_20180624_191500.wav,San Rafael,Area proteccion embalse EPM,6.3579,-74.9651,1308,Forest,0,0,No_rain
19320,G57_20180625_050000,G57,2018/06/25,05:00:00,G57_20180625_050000.wav,San Rafael,Area proteccion embalse EPM,6.3579,-74.9651,1308,Forest,0,0,No_rain
19321,G57_20180624_194500,G57,2018/06/24,19:45:00,G57_20180624_194500.wav,San Rafael,Area proteccion embalse EPM,6.3579,-74.9651,1308,Forest,0,0,No_rain
19322,G57_20180625_051500,G57,2018/06/25,05:15:00,G57_20180625_051500.wav,San Rafael,Area proteccion embalse EPM,6.3579,-74.9651,1308,Forest,0,0,No_rain
19323,G57_20180625_053000,G57,2018/06/25,05:30:00,G57_20180625_053000.wav,San Rafael,Area proteccion embalse EPM,6.3579,-74.9651,1308,Forest,0,0,No_rain
19324,G57_20180625_060000,G57,2018/06/25,06:00:00,G57_20180625_060000.wav,San Rafael,Area proteccion embalse EPM,6.3579,-74.9651,1308,Forest,0,0,No_rain
19325,G57_20180625_054500,G57,2018/06/25,05:45:00,G57_20180625_054500.wav,San Rafael,Area proteccion embalse EPM,6.3579,-74.9651,1308,Forest,0,0,No_rain
19326,G57_20180625_061500,G57,2018/06/25,06:15:00,G57_20180625_061500.wav,San Rafael,Area proteccion embalse EPM,6.3579,-74.9651,1308,Forest,0,0,No_rain
19327,G57_20180625_063000,G57,2018/06/25,06:30:00,G57_20180625_063000.wav,San Rafael,Area proteccion embalse EPM,6.3579,-74.9651,1308,Forest,0,0,No_rain
19328,G57_20180625_064500,G57,2018/06/25,06:45:00,G57_20180625_064500.wav,San Rafael,Area proteccion embalse EPM,6.3579,-74.9651,1308,Forest,0,0,No_rain
19329,G57_20180625_070000,G57,2018/06/25,07:00:00,G57_20180625_070000.wav,San Rafael,Area proteccion embalse EPM,6.3579,-74.9651,1308,Forest,0,0,No_rain
19330,G57_20180625_071500,G57,2018/06/25,07:15:00,G57_20180625_071500.wav,San Rafael,Area proteccion embalse EPM,6.3579,-74.9651,1308,Forest,0,0,No_rain
19331,G57_20180625_074500,G57,2018/06/25,07:45:00,G57_20180625_074500.wav,San Rafael,Area proteccion embalse EPM,6.3579,-74.9651,1308,Forest,0,0,No_rain
19332,G57_20180625_073000,G57,2018/06/25,07:30:00,G57_20180625_073000.wav,San Rafael,Area proteccion embalse EPM,6.3579,-74.9651,1308,Forest,0,0,No_rain
